bb026qw0927,2006-04-03-a-weekly planner.pdf
bb026qw0927,2006-04-14-a-cnn-late edition-blitzer.pdf
bb026qw0927,2006-04-17-a-1906 earthquake aniversary.pdf
bb026qw0927,2006-04-17-a-santa barbara-wash-report.pdf
bb026qw0927,2006-04-19-a-china 100-keynote.pdf
bb026qw0927,2006-04-24-a-cancer therapies-hearing.pdf
bb026qw0927,2006-04-24-a-weekly planner.pdf
bb026qw0927,2006-04-25-a-radio actuality-energy-gas prices.pdf
bb026qw0927,2006-04-25-a-sat-feed-gas prices.pdf
bb026qw0927,2006-04-25-a-satfeed-energy-gas prices.pdf
bb192dr3220,L5072.pdf
bc028vt7752,2020-01-23 Voting.pdf
bc054js8257,L4084.pdf
bc497qp0793,L1303.pdf
bc777qk8868,L1007.pdf
bd067qh3117,2008-01-02-pr-Border Tunnels-Mukasey.pdf
bd067qh3117,2008-01-02-pr-epa-waiver investigation-IG letter.pdf
bd067qh3117,2008-01-02-pr-lantos retirement-statement.pdf
bd067qh3117,2008-01-04-pr-omnibus appropriations-peace corps funding.pdf
bd067qh3117,2008-01-6-pr-credit card introduce.pdf
bd067qh3117,2008-01-06-pr-inaugural ticket-reintro.pdf
bd067qh3117,2008-01-12-pr-visa waiver bill intro.pdf
bd067qh3117,2008-01-24-pr-gao-epa waiver denial-letter.pdf
bd067qh3117,2008-01-25-pr-epa-supreme court review-letter.pdf
bd067qh3117,2008-01-25-pr-senator snowe support for carbon market bill.pdf
bd067qh3117,2008-01-28-pr-cosco busan oil spill-coastguard prelim report.pdf
bd067qh3117,2008-01-30-pr-Passage of Taft Post Office Bill.pdf
bd067qh3117,2008-01-30-pr-taft postoffice bill-house passage-DRAFT.pdf
bd229mf1870,2019-07-03 immigrant conditions.pdf
bd229mf1870,2019-07-09 acosta resignation.pdf
bd229mf1870,2019-07-09 American Grown Flower Month Resolution passes Senate v3.pdf
bd229mf1870,2019-07-9 As Delivered Jud - Bress Floor Speech.pdf
bd229mf1870,2019-07-9 As Delivered Jud - Bress Floor Speech v2.pdf
bd229mf1870,2019-07-9 Bot Disclosure and Accountability Act.pdf
bd229mf1870,2019-07-9 Bot Disclosure and Accountability Act v2.pdf
bd229mf1870,2019-07-9 Purple Line.pdf
bd229mf1870,2019-07-09 Purple Line v3.pdf
bd229mf1870,2019-07-09 Purple Line.pdf
bd229mf1870,2019-07-09 Wildfire liability bill v3.pdf
bd229mf1870,2019-07-10 Athletics Fair Pay Act intro v4.pdf
bd229mf1870,2019-07-10 Border Patrol FB Group Letter.pdf
bd229mf1870,2019-07-11 As Delivered Jud - DHS IG report.pdf
bd229mf1870,2019-07-11 Cadiz bill passes assembly v3.pdf
bd229mf1870,2019-07-11 upcoming ice raids.pdf
bd229mf1870,2019-07-12 Stop Cruelty to Migrant Children Act v3.pdf
bd229mf1870,2019-07-15 asylum changes.pdf
bd229mf1870,2019-07-15 bots.pdf
bd229mf1870,2019-07-15 censure stmt.pdf
bd229mf1870,2019-07-15 chevron spill v2.pdf
bd229mf1870,2019-07-15 CRISPR resolution introduction v7-docx.pdf
bd229mf1870,2019-07-15 trump tweet stmt.pdf
bd229mf1870,2019-07-16 FCC earthquake letter v7-docx.pdf
bd229mf1870,2019-07-17 CFAA response v3.pdf
bd229mf1870,2019-07-17 jp stevents death.pdf
bd229mf1870,2019-07-17 Tahoe advisory v3.pdf
bd229mf1870,2019-07-18 As Delivered Combatting Money Laundering Terrorist Financing and Counterfeiting Act.pdf
bd229mf1870,2019-07-18 libra opposition.pdf
bd229mf1870,2019-07-22 Opioid PIlls WaPo.pdf
bd229mf1870,2019-07-23 As Delivered QA Wray.pdf
bd229mf1870,2019-07-23 As Delivered QA Wray_V2.pdf
bd229mf1870,2019-07-23 As Delivered Wray JUD.pdf
bd229mf1870,2019-07-23 rapid deportation stmt.pdf
bd229mf1870,2019-07-24 Even Playing Field Act v7.pdf
bd229mf1870,2019-07-24 facebook settlement.pdf
bd229mf1870,2019-07-24 mueller hearing v3.pdf
bd229mf1870,2019-07-24 National Child Awareness Month Resolution.pdf
bd229mf1870,2019-07-25 As Delivered Graham Asylum.pdf
bd229mf1870,2019-07-25 California automakers fuel economy agreement v5.pdf
bd229mf1870,2019-07-25 Climate Action Rebate Act v2.pdf
bd229mf1870,2019-07-25 federal death penalty.pdf
bd229mf1870,2019-07-26 sjc rules break.pdf
bd229mf1870,2019-07-26 Workforce Development Month Resolution.pdf
bd229mf1870,2019-07-29 gilroy shooting v2.pdf
bd229mf1870,2019-07-29 ratcliffe dni nom.pdf
bd229mf1870,2019-07-30 family separation.pdf
bd229mf1870,2019-07-30 general hyten v3.pdf
bd229mf1870,2019-07-30 USDA wildfire letter v1.pdf
bd229mf1870,2019-07-31 Cadiz bill gov signs v5.pdf
bd229mf1870,2019-07-31 Navy China Lake Letter.pdf
bd229mf1870,2019-07-31 Protection from Robocalling Act intro v6.pdf
bd229mf1870,2019-07-31 voter data bill.pdf
bd229mf1870,2019-07-31 zarif sanctions.pdf
bd729mf0260,L11511.pdf
bd943pv0178,2005-11-17-v-california conservation 60th annual meeting.pdf
bd944cq3087,L4333.pdf
bf375ss5974,L10193.pdf
bf967wm6786,L8131.pdf
bg019nz5691,L9106.pdf
bg084yk6591,2015-11-12 Lawrence Berkeley Labs video - v3.pdf
bg084yk6591,2015-11-12 Lawrence Berkeley Labs video - v2.pdf
bg084yk6591,2015-11-12 Lawrence Berkeley Labs video.pdf
bg183qc5838,L10917.pdf
bg472fv8277,L6939.pdf
bg643tv7574,2011-03-01-pr-Anniversary of Defense Intelligence Agency Release.pdf
bg643tv7574,2011-03-01 Anniversary of Defense Intelligence Agency Release.pdf
bg643tv7574,2011-03-02 First to File amendment 03 02 11.pdf
bg643tv7574,2011-03-02-pr-Tahoe Bill Release.pdf
bg643tv7574,2011-03-03 Saving Kids from Dangerous Drugs 03 03 11.pdf
bg643tv7574,2011-03-06 Sham Univ release 03 03 11.pdf
bg643tv7574,2011-03-04-pr-Sham Univ release.pdf
bg643tv7574,2011-03-07-pr-Cluster Bomb Bill Release.pdf
bg643tv7574,2011-03-08-pr-Intelligence Activity Report Release.pdf
bg643tv7574,2011-03-09-pr-Ethanol Repeal Release.pdf
bg643tv7574,2011-03-10-pr-Los Vaqueros Reservoir Release.pdf
bg643tv7574,2011-03-11 Japan earthquake 03 11 11.pdf
bg643tv7574,2011-03-15-pr-DOMA introduction.pdf
bg643tv7574,2011-03-15-pr-Intel Markup Release.pdf
bg643tv7574,2011-03-15-pr-Intelligence Authorization Release.pdf
bg643tv7574,2011-03-15-pr-Intelligence Authorization Release FINAL.pdf
bg643tv7574,2011-03-16 Stored value ltr to Geithner 03 15 11.pdf
bg643tv7574,2011-03-16-pr-DOMA pathfire release.pdf
bg643tv7574,2011-03-17 Drugs synthetic 03 17 11.pdf
bg643tv7574,2011-03-17 Earthquake preparedness 03 16 11.pdf
bg643tv7574,2011-03-17 Earthquake preparedness with Boxer 03 17 11.pdf
bg643tv7574,2011-03-17 r-blue shield rate withdraw 03 17 11.pdf
bg643tv7574,2011-03-17 SCAAP intro 03 17 11.pdf
bg643tv7574,2011-03-18-pr-Pipeline Spiking Release.pdf
bg643tv7574,2011-03-23 drakes bay letter.pdf
bg643tv7574,2011-03-23 elizabeth taylor death.pdf
bg643tv7574,2011-03-23 water allocation.pdf
bg643tv7574,2011-03-25 water allocation.pdf
bg643tv7574,2011-03-28 Ferraro statement 03 28 11.pdf
bg643tv7574,2011-03-28 water allocation.pdf
bg643tv7574,2011-03-30 nuclear hearing statement.pdf
bg643tv7574,2011-03-31 burma letter.pdf
bh085pn8255,L10669.pdf
bh794fn8433,2013-11-1 Salvation Army script.pdf
bh844rf8441,2006-09-06-pr-rumsfeld no confidence resolution-statement.pdf
bh844rf8441,2006-09-07-pr-df calls for vote on intel reform bill.pdf
bh844rf8441,2006-09-07-pr-df urges passage of intel reform bill.pdf
bh844rf8441,2006-09-07-pr-protect ca coast from oil drilling-letter.pdf
bh844rf8441,2006-09-07-pr-protect ca coast from slant drilling.pdf
bh844rf8441,2006-09-08-pr-Animal Enterprise Terrorism Act.pdf
bh844rf8441,2006-09-08-pr-climate-support mandatory caps-pres letter.pdf
bh844rf8441,2006-09-08-pr-pre-iraq war intel-statement.pdf
bh844rf8441,2006-09-11-pr-faa-controller shortages.pdf
bh844rf8441,2006-09-14-pr-dalai lama-congressional-medal.pdf
bh844rf8441,2006-09-15-pr-call to end oil royalties.pdf
bh844rf8441,2006-09-20-pr-california-cancer-speech.pdf
bh844rf8441,2006-09-20-pr-release californian detained in vietnam-letter.pdf
bh844rf8441,2006-09-20-pr-split ninth circuit-hearing.pdf
bh844rf8441,2006-09-21-pr-df announces funding for 10 more c17s.pdf
bh844rf8441,2006-09-22-pr-df calls for vote on AGjobs.pdf
bh844rf8441,2006-09-22-pr-prevent funding cuts in ryan white bill.pdf
bh844rf8441,2006-09-25-pr-Border Tunnel Legislation.pdf
bh844rf8441,2006-09-26-pr-funding-of-continued-production-c17.pdf
bh844rf8441,2006-09-26-pr-IECA calls for strong oversight of energy market-letter.pdf
bh844rf8441,2006-09-27-pr-CFTC amaranth.pdf
bh844rf8441,2006-09-27-pr-FEMA SD grant-drainage improvements.pdf
bh844rf8441,2006-09-27-pr-FEMA SF grant-earthquake readiness.pdf
bh844rf8441,2006-09-27-pr-metrorail tunneling ban repealed.pdf
bh844rf8441,2006-09-27-pr-TSA-airport screeners to be provided.pdf
bh844rf8441,2006-09-28-pr-clean-power-plants.pdf
bh844rf8441,2006-09-29-pr-3 ca airports eligible for airport screeners.pdf
bh844rf8441,2006-09-29-pr-congress oks 22 new c17s.pdf
bh844rf8441,2006-09-29-pr-df announces order for c17s.pdf
bh844rf8441,2006-09-29-pr-df calls for vote on AgJobs-floorstatement.pdf
bh844rf8441,2006-09-29-pr-meth law goes into effect-statement.pdf
bh844rf8441,2006-09-29-pr-mexico border tunnel incident-president fox letter.pdf
bh844rf8441,2006-09-29-pr-senate approves 25 mil for ground water.pdf
bj249tr1809,L10213.pdf
bj938vy1813,2005-12-02-v-equal justice society.pdf
bk228yy5320,L9406.pdf
bk302cy1134,2015-09-16 BCDC 50 years v8.pdf
bk302cy1134,2015-09-16 BCDC 50 years v7.pdf
bk302cy1134,2015-09-16 BCDC 50 years v6.pdf
bk302cy1134,2015-09-16 BCDC 50 years v5 - with DF ideas.pdf
bk302cy1134,2015-09-16 BCDC 50 years v4 - Tom edits.pdf
bk302cy1134,2015-09-16 BCDC 50 years v3 - DKL.pdf
bk302cy1134,2015-09-16 BCDC 50 years v2.pdf
bk302cy1134,2015-09-16 BCDC 50 years.pdf
bk302cy1134,2015-09-16 MEMO SF BCDC 50 years.pdf
bk993ff4433,L1251.pdf
bm316pq0969,L5552.pdf
bm355pq6082,L9848.pdf
bm597jd1560,L3780.pdf
bm639vz8306,L5112.pdf
bm642bk2123,L1097.pdf
bm712md9621,MISSLES_521.pdf
bm712md9621,MFNSTM_603.pdf
bm813rs9416,2017-01-27 LA Human Trafficking Conf v4.pdf
bm813rs9416,2017-01-27 LA Human Trafficking Conf v3.pdf
bm813rs9416,2017-01-27 LA Human Trafficking Conf v2.pdf
bn813jc8512,L10705.pdf
bn925sh0383,2014-05-06 cilmate change report.pdf
bn925sh0383,2014-05-06 Measles.pdf
bn925sh0383,2014-05-07 boko haram.pdf
bn925sh0383,2014-05-07 Letter to Hagel on Firefighting Missions.pdf
bn925sh0383,2014-05-07 Letter to Hagel on Firefighting Missions_V2.pdf
bn925sh0383,2014-05-14 cancer month resolution.pdf
bn925sh0383,2014-05-14 cancer month resolution FINAL.pdf
bn925sh0383,2014-05-19 - Statement on San Diego County Wildfires.pdf
bn925sh0383,2014-05-21 gtmo letter.pdf
bn925sh0383,2014-05-22 - Statement on Harvey Milk Stamp Dedication Ceremony.pdf
bn925sh0383,2014-05-22 cancer month resolution adopted FINAL.pdf
bn925sh0383,2014-05-22 drought bill passage v3.pdf
bn925sh0383,2014-05-22 fisa statement.pdf
bn925sh0383,2014-05-27- Vilsack Letter Response.pdf
bn925sh0383,2014-05-29 lung cancer letter.pdf
bn925sh0383,2014-05-29 snowden letter.pdf
bn925sh0383,2014-05-30 shinseki resignation statement.pdf
bn925sh0383,2014-05-30 tax inversion statement.pdf
bn979cs4868,bn979cs4868_0001.jp2
bn986yf8962,L2657.pdf
bp026dc6927,L4322.pdf
bp613rc3697,L5041.pdf
bp748gk8762,2002-04-05-pr-foreign policy.pdf
bp748gk8762,2002-04-05-pr-move to stop middle east violence.pdf
bp815wy6999,L5432.pdf
bq388dk4905,2019-05-05 Fire Chief Retirement FINAL.pdf
bq388dk4905,2019-05-05 Fire Chief Retirement.pdf
bq426tt1778,2016-09-27 POTUS signs Wildlife Trafficking Act v2.pdf
bq426tt1778,2016-11-30 CA National Guard NDAA.pdf
bq596tj9775,L11838.pdf
br201mh2377,L948.pdf
br497sv9837,2009-04-24-v-justice breyer 15 years on SCOTUS tribute.pdf
br497sv9837,2009-04-24-v-justice breyer tribute video.pdf
br684vw2413,L5235.pdf
br806dq5256,L9846.pdf
br925pf6267,2009-02-26-pr-assault weapons-gun ownership.pdf
br925pf6267,2009-02-26-pr-statement df remarks gun voting rights.pdf
br925pf6267,2009-03-17-pr-JUD-cartel hearing remarks.pdf
br925pf6267,2009-05-19-pr-Credit Card Amendments-FINAL.pdf
br925pf6267,2009-07-22-pr-Concealed Weapons Amendment Fails.pdf
br925pf6267,2009-07-28-pr-No Firearms for Foreign Felons.pdf
br925pf6267,2009-07-29-pr-no firearms for foreign felons.pdf
br925pf6267,2009-10-22-pr-la familia doj-project coronado.pdf
bs036kj5506,2010-01-15-pr-bpa-fda decision.pdf
bs036kj5506,2010-01-21-pr-scaap letter to president obama final.pdf
bs036kj5506,2010-01-21-pr-tesla-doe loan.pdf
bs036kj5506,2010-01-25-pr-bernanke reconfirmation support.pdf
bs036kj5506,2010-01-25-pr-fda-letter on bpa.pdf
bs036kj5506,2010-01-25-pr-transbay terminal funding - giledits.pdf
bs036kj5506,2010-01-25-pr-transbay terminal funding - giledits_clean.pdf
bs036kj5506,2010-01-28-pr-cell phone contraband passes committee BD edits.pdf
bs053jw0717,2012-10-24 world series bet.pdf
bs053jw0717,2012-10-25 libya hearing release.pdf
bs161yg2237,L6097.pdf
bs443gc4807,2006-21-06-v-Beverly Hills  Bar Assoc 75th anniversary.pdf
bs480vr2539,L3637.pdf
bs625gt6481,L1847.pdf
bs702jv0757,2022-09-08 SF water settlement v6.pdf
bs702jv0757,2022-09-12 Feinstein Applauds Biden Administration Cancer Moonshot Efforts v3.pdf
bs702jv0757,2022-09-13 Community Wildfire Protection Act intro release v5.pdf
bs702jv0757,2022-09-14 Save Our Sequoias Act intro release v8.pdf
bs702jv0757,2022-09-21 DISCLOSE Act statement v4.pdf
bs702jv0757,2022-09-21 Kigali Amendment statement v6.pdf
bs702jv0757,2022-09-27 Electoral count reform bill Rules committee statement v4.pdf
bs844qz9525,2008-03-10-a-rules-voter fraud hearing.pdf
bs844qz9525,2008-03-14-a-cnn-late edition.pdf
bs844qz9525,2008-03-25-a-wash report-long beach.pdf
bs844qz9525,2008-03-31-a-interior-fy 09-forest service.pdf
bt120rt8852,L11422.pdf
bt129sx6323,L968.pdf
bt142rv8375,L5247.pdf
bt793kh1324,2008-03-03-pr-internet pharmacy bill-presidential address.pdf
bt793kh1324,2008-03-04-pr-end genocide in darfur resolution.pdf
bt793kh1324,2008-03-04-pr-interior appropriations-epa budget.pdf
bt793kh1324,2008-03-04-pr-phthalate ban amendment.pdf
bt793kh1324,2008-03-06-pr-ban on phthalate passes.pdf
bt793kh1324,2008-03-06-pr-crib safety bill approval.pdf
bt793kh1324,2008-03-07-pr-better veterans voter access-letter.pdf
bt793kh1324,2008-03-12-pr-Abandoned Mine Cleanup.pdf
bt793kh1324,2008-03-12-pr-burma-womens caucus-gambari letter-international womens day.pdf
bt793kh1324,2008-03-12-pr-voter fraud hearing.pdf
bt793kh1324,2008-03-13-pr-introduces downed animals bill.pdf
bt793kh1324,2008-03-13-pr-introduces downed animals bill_clean.pdf
bt793kh1324,2008-03-14-pr-AgJOBS.pdf
bt793kh1324,2008-03-14-pr-Air Pollution Legis.pdf
bt793kh1324,2008-03-14-pr-internet pharmacy approval.pdf
bt793kh1324,2008-03-14-pr-Stop Sale of Controlled Substances Online.pdf
bt793kh1324,2008-03-18-pr-id theft-hannaford.pdf
bt793kh1324,2008-03-18-pr-id theft-hannaford_clean.pdf
bt793kh1324,2008-03-26-Letter-Chertoff Mukasey Mexico carrier.pdf
bt793kh1324,2008-03-26-pr-la-housing mortgages-villaraigosa.pdf
bt793kh1324,2008-03-26-pr-mukasey-public corruption-letter.pdf
bt793kh1324,2008-03-27-pr-mukasey chertoff-marijuana border couriers.pdf
bt793kh1324,2008-03-28-pr-epa-deadlines annoucement.pdf
bt793kh1324,2008-03-28-pr-USDA-meat recall.pdf
bv367cf9623,L6685.pdf
bv718pw2772,L4123.pdf
bv793mv9585,LETTERS_798.pdf
bv966cr3223,L805.pdf
bw083fg2955,L10430.pdf
bw084xx4949,L9245.pdf
bw187wf5108,L8926.pdf
bw345bm2590,L1311.pdf
bw435tg7849,L5117.pdf
bw518jn5392,L5136.pdf
bw586yz4977,2017-10-19 SFCC v2.pdf
bw586yz4977,2017-10-19 SFCC v1.pdf
bw586yz4977,2017-10-16 SFCC v1.pdf
bw665zx7685,L1231.pdf
bw850md7253,2018-03-22 FINAL Riverside Chamber gala for March Air Reserve Base.pdf
bw850md7253,2018-03-14 Riverside Chamber gala for March Air Reserve Base.pdf
bw865xj9828,L2248.pdf
bw897wt9881,L9911.pdf
bx049qq3673,2007-05-10-v-steve hall retirement.pdf
bx921vj5161,2013-05-03 corps approps hearing advisory.pdf
bx921vj5161,2013-05-10 doe approps hearing advisory.pdf
bx921vj5161,2013-05-17 doe labs approps hearing advisory.pdf
bx921vj5161,2013-05-31 nnsa cost overrun approps hearing advisory.pdf
by048xn2211,L11557.pdf
bz408vv3860,bz408vv3860_0001.jp2
bz743hg4877,2022-07-07 Filibuster abortion rights statement v3.pdf
bz743hg4877,2022-07-07 Wildfire commission appointments statement v4.pdf
bz743hg4877,2022-07-12 Dettelbach confirmation statement v4.pdf
bz743hg4877,2022-07-12 roe hearing opening remarks v5.pdf
bz743hg4877,2022-07-13 Title X letter release v7.pdf
bz743hg4877,2022-07-14 Judges Simmons and Scholper nomination release v6.pdf
bz743hg4877,2022-07-19 House Jud AWB markup statement v3.pdf
bz743hg4877,2022-07-19 Respect for Marriage Act intro press release v4.pdf
bz743hg4877,2022-07-19 wildfire fund tax exempt v4.pdf
bz743hg4877,2022-07-20 House Passes Desert Sage release v5.pdf
bz743hg4877,2022-07-21 Rim of the Valley committee v2.pdf
bz743hg4877,2022-07-27 grown flowers res.pdf
bz743hg4877,2022-07-28 Western Riverside National Wildlife Refuge Act intro release v7.pdf
bz743hg4877,2022-07-28 WRDA release v5.pdf
bz743hg4877,2022-07-29 Assault Weapons Ban House passage v4.pdf
bz743hg4877,2022-07-29 house fire drought bill.pdf
bz743hg4877,2022-07-29 Laguna Honda Hospital statement v8.pdf
bz840ch2050,2009-11-03-pr-draft water statement.pdf
bz840ch2050,2009-11-03-pr-Processed Food Safety Act.pdf
bz840ch2050,2009-11-03-pr-Processed Food Safety Act-CB_DR Edits.pdf
bz840ch2050,2009-11-04-pr-draft water statement.pdf
bz840ch2050,2009-11-04-pr-State Adoption of Water Bond Package.pdf
bz840ch2050,2009-11-05-pr-Data Breach Notification.pdf
bz840ch2050,2009-11-05-pr-Fort Hood Shooting-Statement.pdf
bz840ch2050,2009-11-05-pr-Water Transfer Bill-Committee Hearing.pdf
bz840ch2050,2009-11-05-pr-Water Transfer Bill-Committee Hearing_V2.pdf
bz840ch2050,2009-11-06-pr-Downed Animals.pdf
bz840ch2050,2009-11-09-pr-End Slaughter of Downed Animals.pdf
bz840ch2050,2009-11-30-pr-Processed Food Safety Act.pdf
bz840ch2050,2009-11-30-pr-Processed Food Safety Act_V2.pdf
bz989vf9832,L6986.pdf
cc031hm6912,L5042.pdf
cc576qj0720,L5088.pdf
cd481qb4311,L1876.pdf
cd580rz2702,2023-08-01 ERP intro release v4.pdf
cd580rz2702,2023-08-03 Captive mammals letter release v3.pdf
cd580rz2702,2023-08-03 CPUC Aliso Canyon letter release v3.pdf
cd580rz2702,2023-08-03 Release-Approps Cmty fin.pdf
cd618cj2640,2-16 USAG bill.pdf
cd618cj2640,2-21 USAG response statement v3.pdf
cd618cj2640,2016-03-03 Gymnastics v4.pdf
cd618cj2640,5-11 Gymnastics v2.pdf
cd618cj2640,6-26 Gymnastics report.pdf
cd618cj2640,2017-10-18 mckayla maroney v2.pdf
cd618cj2640,2017-11-14 Gymnastics Senate passage.pdf
cd944gd1509,L686.pdf
cf136bp1398,2017-10-01 blasey ford letter leak.pdf
cf136bp1398,2017-10-02 fbi report release.pdf
cf136bp1398,2017-10-05 Iran agreement statement.pdf
cf136bp1398,2017-10-07 Bernhardt letter.pdf
cf136bp1398,2017-10-10 Clean Power Plan repeal.pdf
cf136bp1398,2017-10-10 Wildfires.pdf
cf136bp1398,2017-10-11 Iran Nuclear Deal.pdf
cf136bp1398,2017-10-11 Iran Nuclear Deal2.pdf
cf136bp1398,2017-10-11 SALT tax deductions.pdf
cf136bp1398,2017-10-12 Clean Power Plan letter.pdf
cf136bp1398,2017-10-12 Coleman statement.pdf
cf136bp1398,2017-10-16 Cadiz BLM letter.pdf
cf136bp1398,2017-10-19 Budget statement.pdf
cf136bp1398,2017-10-24 702 markup v3.pdf
cf136bp1398,2017-10-24 Emergency supplemental bill.pdf
cf136bp1398,2017-10-24 trump corker.pdf
cf136bp1398,2017-10-26 Dourson statement.pdf
cf136bp1398,2017-10-26 house budget SALT.pdf
cf136bp1398,2017-10-26 House Budget SALT 2.pdf
cf136bp1398,2017-10-27 letters on russia.pdf
cf136bp1398,2017-10-30 manafort charges.pdf
cf136bp1398,2017-10-30 popo guilty plea.pdf
cf136bp1398,2017-10-31 NPS fees statement.pdf
cf237qz4980,L855.pdf
cf358hk8024,cf358hk8024_0001.jp2
cf430fz7874,L7481.pdf
cf434mx3997,2015-08-03 - Clean Power plan statement.pdf
cf434mx3997,2015-08-03 - Clean Power plan statement v2.pdf
cf434mx3997,2015-08-04 - draft Ontario airport settlement.pdf
cf434mx3997,2015-08-05 Iran speech.pdf
cf434mx3997,2015-08-13 HRC classified emails.pdf
cf434mx3997,2015-08-13 New drone data v4.pdf
cf434mx3997,2015-08-17 - Tahoe Advisory.pdf
cf434mx3997,2015-08-19 - CFTC letter.pdf
cf434mx3997,2015-08-19 - CFTC letter v2.pdf
cf434mx3997,2015-08-20 - Letter to VA re paper shredding OIG report.pdf
cf434mx3997,2015-08-26 west la va timeline.pdf
cf434mx3997,2015-08-27 - CFTC letter v3.pdf
cf434mx3997,2015-08-28 california baby v2.pdf
cf702sk8293,L10846.pdf
cf754rf5605,2013-08-13 tahoe advisory.pdf
cg276pf9197,L1594.pdf
cg291cp9942,2013-09-03 fracking bill support.pdf
cg291cp9942,2013-09-06 ferc energy market manipulation.pdf
cg291cp9942,2013-09-09 response to russia statement on syria.pdf
cg291cp9942,2013-09-11 freeman donato nom intros.pdf
cg291cp9942,2013-09-19 judge bashant nom.pdf
cg291cp9942,2013-09-26 FISA opening statement.pdf
cg291cp9942,2013-09-27 fire letter with mccain.pdf
cg613mv9067,L9792.pdf
ch254dt0482,2007-09-07-pr-approps-state foreign ops-clusters-senate passage.pdf
ch254dt0482,2007-09-07-pr-approps-state foreign ops-eliminate 33 percent.pdf
ch254dt0482,2007-09-07-pr-higher education conference report approval.pdf
ch254dt0482,2007-09-11-pr-Bob Hope Library.pdf
ch254dt0482,2007-09-11-pr-microstamping technology-schwarzenneger letter.pdf
ch254dt0482,2007-09-12-pr-approps-transpo-senate pass-subway tunneling.pdf
ch254dt0482,2007-09-18-pr-support DC vote bill-floor statement.pdf
ch254dt0482,2007-09-19-pr-rules hearing-regional primary reform.pdf
ch254dt0482,2007-09-20-pr-combat meth-retailers compliance.pdf
ch254dt0482,2007-09-21-pr-energy market manipulation-cftc letter.pdf
ch254dt0482,2007-09-21-pr-gang bill passage.pdf
ch254dt0482,2007-09-21-pr-Gang Bill-senate approval.pdf
ch254dt0482,2007-09-21-pr-meth DEA stats-meth act is working.pdf
ch254dt0482,2007-09-21-pr-meth DEA stats-meth act is working_clean.pdf
ch254dt0482,2007-09-24-pr-electronic campaign filing bill blocked-UC3.pdf
ch254dt0482,2007-09-24-pr-fapa-family abductions-senate approval.pdf
ch254dt0482,2007-09-26-pr-burma protests-joint womens caucus-statement.pdf
ch254dt0482,2007-09-26-pr-rules hearing-opposes von Spakovsky-FEC.pdf
ch254dt0482,2007-09-27-pr-hate crimes passage-floor statement.pdf
ch254dt0482,2007-09-27-pr-internet pharmacy-JUD approval.pdf
ch254dt0482,2007-09-28-pr-gao report-smithsonian-letter.pdf
ch254dt0482,2007-09-28-pr-introduces taft post office-staff sgt pierce.pdf
ch295fx1284,2013-05-15 CFTC Swaps Press Release FINAL.pdf
ch295fx1284,2013-05-15 orrick confirmation.pdf
ch295fx1284,2013-05-16 benghazi statement.pdf
ch295fx1284,2013-05-20 CFTC Swaps Press Release FINAL.pdf
ch295fx1284,2013-05-20 Tobacco Crop Insurance Press Release FINAL.pdf
ch295fx1284,2013-05-21 immigration release final.pdf
ch295fx1284,2013-05-23 obama terror speech.pdf
ch662cr0754,L3844.pdf
cj445bm8840,L620.pdf
cj480nk7320,2023-01-22 Monterey Park shooting statement v4.pdf
cj480nk7320,2023-01-23 AWB and Age 21 Act intro release v11.pdf
cj480nk7320,2023-01-24 Half Moon Bay and Oakland statement v6.pdf
cj480nk7320,2023-01-24 West Coast Ocean Protection Act intro release v6.pdf
cj480nk7320,2023-01-27 Azerbaijan Blockade of Nagorno-Karabakh statement v3.pdf
cj480nk7320,2023-01-30 Energy and Water Subcommittee chair statement v5.pdf
cj536xw3409,2018-06-12 FINAL Arjay Miller Dediation PPIC.pdf
cj536xw3409,2018-06-12 Arjay Miller Dediation PPIC v2.pdf
cj536xw3409,2018-06-12 Arjay Miller Dediation PPIC v1.pdf
cj634hb5873,L7245.pdf
cj655dj6155,2012-8-13 Forest Service Night Flying Anncmt.pdf
cj655dj6155,2012-08-28 cafe standards.pdf
cj655dj6155,2012-08-28 gas prices letter.pdf
cj655dj6155,2012-08-28 obama cyber letter.pdf
cj920tn3422,L3087.pdf
cj962pr3835,L2903.pdf
ck180qz6327,L10780.pdf
ck223jq6831,L5083.pdf
ck247vx9658,L2593.pdf
ck376bb1949,L1908.pdf
ck428pd6360,2017-11-02 CA Economic Summit v3.pdf
ck428pd6360,2017-11-02 CA Economic Summit v2.pdf
ck428pd6360,2017-11-02 CA Economic Summit.pdf
ck719mf5295,L5049.pdf
ck776mt7836,2017-11-15 salvation army dede wilsey v3.pdf
ck776mt7836,2017-11-15 salvation army dede wilsey v2.pdf
ck776mt7836,2017-11-15 salvation army dede wilsey v1.pdf
cm129tr9290,L5132.pdf
cm267cx8984,mussel script.pdf
cm391tm9984,L8309.pdf
cm642sn6321,L12369.pdf
cn229bz1349,2020-09-02 another covid release v3.pdf
cn229bz1349,2020-09-02 stars and stripes funding.pdf
cn229bz1349,2020-09-03 census bureau letter updated.pdf
cn229bz1349,2020-9-8 New START.pdf
cn229bz1349,2020-9-9 C130s CalFire.pdf
cn229bz1349,2020-9-9 Fire Bill Hearing.pdf
cn229bz1349,2020-9-10 BART funding.pdf
cn229bz1349,2020-09-10 Desert Sage bill intro v6.pdf
cn229bz1349,2020-9-11 fire bill endorsements.pdf
cn229bz1349,2020-9-11 fire bill hearing preview.pdf
cn229bz1349,2020-09-13 LASD shooting.pdf
cn229bz1349,2020-09-14 nominee stmt v2.pdf
cn229bz1349,2020-09-14 SJC staff director v2.pdf
cn229bz1349,2020-9-15 National guard cost share letter.pdf
cn229bz1349,2020-09-15 National Workforce Development Month resolution release v3.pdf
cn229bz1349,2020-9-16 As Delivered Wildfire.pdf
cn229bz1349,2020-09-16 boeing max 8.pdf
cn229bz1349,2020-9-17 DOD Payroll tax letter.pdf
cn229bz1349,2020-09-17 durham investigation letter.pdf
cn229bz1349,2020-9-17 Ravanchi Letter.pdf
cn229bz1349,2020-09-17 Wyden wildfire relief bill release v2.pdf
cn229bz1349,2020-09-18 ICE forced hysterectomies letter release v4.pdf
cn229bz1349,2020-09-18 rbg stmt v3.pdf
cn229bz1349,2020-09-19 dems letter to graham v3.pdf
cn229bz1349,2020-09-19 scotus dbl standard stmt.pdf
cn229bz1349,2020-09-21 Corona Part XI - 200k Deaths.pdf
cn229bz1349,2020-09-21 Corona Part XI - 200k Deaths v2.pdf
cn229bz1349,2020-09-21 scotus issues v2.pdf
cn229bz1349,2020-09-21 scotus issues v5.pdf
cn229bz1349,2020-09-22 Joshua Trees Endangered.pdf
cn229bz1349,2020-09-22 SCOTUS issues - ACA v6.pdf
cn229bz1349,2020-09-22 Surface Navy Museum.pdf
cn229bz1349,2020-9-23 As Delivered RBG Floor.pdf
cn229bz1349,2020-9-23 Daines Joint ENR MU letter.pdf
cn229bz1349,2020-09-23 scotus hearing timing.pdf
cn229bz1349,2020-09-23 timing of hearings.pdf
cn229bz1349,2020-09-23 West Los Angeles Campus Improvement Act.pdf
cn229bz1349,2020-09-23 Zero Emissions 2035.pdf
cn229bz1349,2020-9-24 JUD RBG As Delivered.pdf
cn229bz1349,2020-09-24 Peaceful transfer of power statement v8.pdf
cn229bz1349,2020-09-24 Stop Online Fraudulent Sales of Firearms Act intro release v6.pdf
cn229bz1349,2020-09-25 blm kern county lease sale.pdf
cn229bz1349,2020-09-25 BLM Kern Lease Sale Letter release.pdf
cn229bz1349,2020-09-25 census statement v3.pdf
cn229bz1349,2020-09-25 complete the census this weekend.pdf
cn229bz1349,2020-09-25 SCOTUS issues - abortion v4.pdf
cn229bz1349,2020-09-26 SCOTUS nomination annoucement statement v2.pdf
cn229bz1349,2020-09-26 SCOTUS nomination annoucement statement v2_clean.pdf
cn229bz1349,2020-09-26 SCOTUS nomination annoucement statement v5 tom edits.pdf
cn229bz1349,2020-09-26 SCOTUS nomination annoucement statement v5 tom edits_clean.pdf
cn229bz1349,2020-09-26 SCOTUS nomination annoucement statement v9.pdf
cn229bz1349,2020-09-28 CARES - Recess.pdf
cn229bz1349,2020-09-28 CARES Deadline Letter.pdf
cn229bz1349,2020-9-29 FIO Wildfire Letter.pdf
cn229bz1349,2020-09-29 Major Disaster Fires Letter.pdf
cn229bz1349,2020-9-29 Wildfires Statement.pdf
cn229bz1349,2020-09-30 debate stmt v2.pdf
cn229bz1349,2020-09-30 feinstein to ross adhere to court decision on census.pdf
cn229bz1349,2020-09-30 Judge Barrett - ACA statement v4.pdf
cn229bz1349,2020-09-30 Judge Barrett - Immmigration statement.pdf
cn229bz1349,2020-09-30 letter to graham timing.pdf
cn229bz1349,2020-09-30 Ross Census Deadline statement.pdf
cn267np7479,2004-12-15-a-wash report-los angeles.pdf
cn361ww6807,L1490.pdf
cn607cs2779,2008-04-01-pr-interior-forest service hearing.pdf
cn607cs2779,2008-04-03-pr-improve energy efficinecy.pdf
cn607cs2779,2008-04-04-pr-tibet rice-letter.pdf
cn607cs2779,2008-04-07-pr-introduces tibet resolution.pdf
cn607cs2779,2008-04-08-pr-DF on Tibet-statement.pdf
cn607cs2779,2008-04-08-pr-df on tibet.pdf
cn607cs2779,2008-04-09-pr-interior appropriations approval-committee.pdf
cn607cs2779,2008-04-09-pr-tibet resolution approval-passage.pdf
cn607cs2779,2008-04-10-pr-Approval of Bob Hope Library.pdf
cn607cs2779,2008-04-10-pr-coast guard-oil spill prevention.pdf
cn607cs2779,2008-04-10-pr-preserve piedras blancas passes.pdf
cn607cs2779,2008-04-10-pr-rim of the valley addition approved.pdf
cn607cs2779,2008-04-10-pr-water recyling increase approval.pdf
cn607cs2779,2008-04-15-pr-interior appropriations hearing.pdf
cn607cs2779,2008-04-16-pr-AgJOBS.pdf
cn607cs2779,2008-04-21-pr-commute sentances of ramos and compean.pdf
cn607cs2779,2008-04-22-pr-Banning Bisphenol A-DRAFT.pdf
cn607cs2779,2008-04-22-PR-Earth Day Press.pdf
cn607cs2779,2008-04-22-pr-earth day recognition.pdf
cn607cs2779,2008-04-22-pr-fuel economy target announcement.pdf
cn607cs2779,2008-04-22-pr-VA vote amendment-latest.pdf
cn607cs2779,2008-04-23-pr-Request FDA Review of Bisphenol A.pdf
cn607cs2779,2008-04-23-pr-VA vote amendment.pdf
cn607cs2779,2008-04-30-pr-VA vote directive.pdf
cn702jg4612,L1060.pdf
cn737sp6223,L748.pdf
cp108tf1744,L12257.pdf
cp116rm7339,2007-11-01-pr-congressional approval for military action in iran-letter.pdf
cp116rm7339,2007-11-01-pr-DF introduces phthalates ban.pdf
cp116rm7339,2007-11-01-pr-energy market price manipulation-CFTC letter.pdf
cp116rm7339,2007-11-05-pr-cluster bombs-global day of action event.pdf
cp116rm7339,2007-11-06-pr-approps-conf-rrwfunding.pdf
cp116rm7339,2007-11-06-pr-GPO-WEP-hearing.pdf
cp116rm7339,2007-11-06-pr-mukasey JUD committee approval.pdf
cp116rm7339,2007-11-07-pr-leafy greens-farm bill amendment approval.pdf
cp116rm7339,2007-11-08-pr-WRDA veto override.pdf
cp116rm7339,2007-11-09-pr-Bay Area Oil Spill.pdf
cp116rm7339,2007-11-13-pr-Amicus brief.pdf
cp116rm7339,2007-11-13-pr-CVC emancipation hall-cosponsor.pdf
cp116rm7339,2007-11-14-PR-Amicus brief.pdf
cp116rm7339,2007-11-15-pr-electronic campaign filing amendment-letter.pdf
cp116rm7339,2007-11-15-pr-fuel economy-9th circuit.pdf
cp116rm7339,2007-11-15-pr-Truck Driver Fatigue.pdf
cp116rm7339,2007-11-16-pr-CVC emancipation hall approval.pdf
cp116rm7339,2007-11-16-pr-smithsonian arctic exhibit-letter.pdf
cp116rm7339,2007-11-20-pr-dc gun case-statement.pdf
cp116rm7339,2007-11-23-pr-Senators Feinstein and Allard to Hold Congressional Field Hearing to Investigate Southern California Wildfires 11-23-07.pdf
cp116rm7339,2007-11-30-pr-CAFE agreement-House-Senate.pdf
cp508ws2606,r-bombmaking.pdf
cp508ws2606,r-smallengines4.pdf
cp508ws2606,r-hungerstrike.pdf
cp508ws2606,r-cjso31.pdf
cp508ws2606,qsa statement2 9-031.pdf
cp508ws2606,r-dalailama.pdf
cp508ws2606,r-iraqres1.pdf
cp508ws2606,r-iraqres2.pdf
cp508ws2606,r-COPS.pdf
cp508ws2606,r-overtime.pdf
cp508ws2606,r-stowaway2.pdf
cp508ws2606,s-911.pdf
cp508ws2606,r-COPSgrants.pdf
cp508ws2606,r-nukeamend.pdf
cp508ws2606,r-nukeamend3.pdf
cp508ws2606,r-fcc.pdf
cp508ws2606,r-briggs.pdf
cp508ws2606,r-affiliatesharing3.pdf
cp508ws2606,r-recall11.pdf
cp508ws2606,r-affiliateamendment.pdf
cp508ws2606,r-windfall.pdf
cp508ws2606,r-tahoefunding1.pdf
cp508ws2606,dontcallrelease.pdf
cp508ws2606,r-donotcall.pdf
cp508ws2606,r-NIH2.pdf
cp508ws2606,r-dnc2.pdf
cp508ws2606,qsa statement3 9-0312.pdf
cp508ws2606,r-perchloratestate.pdf
cp625tx7200,2013-10-02 fisa jud committee speech.pdf
cp625tx7200,2013-10-02 shutdown floor speech.pdf
cp625tx7200,2013-10-14 shutdown statement.pdf
cp625tx7200,2013-10-15 fisa court letter.pdf
cp625tx7200,2013-10-25 Earthquake insurance release v3.pdf
cp625tx7200,2013-10-28 DF Foreign Leaders Stmt FINAL.pdf
cp625tx7200,2013-10-29 SSCI Statement on FISA Modernization Act FINAL.pdf
cp885zx8036,L813.pdf
cq091dh4267,L5226.pdf
cq115mr1777,L1040.pdf
cq173dm4418,L1045.pdf
cq406rp2819,2005-12-09-v-john bryant operation hope.pdf
cq443gs0090,L1757.pdf
cq446kn5359,L8920.pdf
cq935yn8718,L8085.pdf
cr039pw4766,L2609.pdf
cr084vg1479,L7846.pdf
cr084vk0133,L3861.pdf
cr095qy5809,L684.pdf
cr398ss2010,L5448.pdf
cr701qw8748,L10047.pdf
cs038xr6323,2017-01-31 Berkeley Labs Genomics v4.pdf
cs038xr6323,2017-01-31 Berkeley Labs Genomics v3.pdf
cs038xr6323,2017-01-31 Berkeley Labs Genomics v2.pdf
cs038xr6323,2017-01-31 Berkeley Labs Genomics.pdf
cs145jy9916,L7020.pdf
cs769df1178,L5251.pdf
cs969hf4396,2005-10-03-pr-ftc feingold df letter oil industry concentration.pdf
cs969hf4396,2005-10-03-pr-FTC-Oil Inudstry-feingold-df-letter.pdf
cs969hf4396,2005-10-03-pr-harriet miers supreme court nomination statement.pdf
cs969hf4396,2005-10-06-pr-dem senators call for iraq plan.pdf
cs969hf4396,2005-10-07-pr-meth caucus.pdf
cs969hf4396,2005-10-07-pr-west la va.pdf
cs969hf4396,2005-10-11-pr-25th anniversary of san francisco-shanghai sister city.pdf
cs969hf4396,2005-10-11-pr-dem senators letter to bush on gas prices.pdf
cs969hf4396,2005-10-11-pr-dem senators push bush to lower gas energy prices.pdf
cs969hf4396,2005-10-11-pr-FEMA relief for laguna beach landslide.pdf
cs969hf4396,2005-10-11-pr-FEMA relief for laguna beach landslide_clean.pdf
cs969hf4396,2005-10-11-pr-maintain offshore drilling.pdf
cs969hf4396,2005-10-11-pr-upper newport bay ecosystem restoration project.pdf
cs969hf4396,2005-10-17-pr-Snowe Feinstein energy efficiency-re Bodman letter1.pdf
cs969hf4396,2005-10-18-pr-AACI Public Service Award.pdf
cs969hf4396,2005-10-18-pr-Alien Tort Bill_DRAFT.pdf
cs969hf4396,2005-10-18-pr-Alien Tort Bill_FINAL.pdf
cs969hf4396,2005-10-18-pr-harriet miers statement.pdf
cs969hf4396,2005-10-18-pr-mortgage deductions cap bad idea.pdf
cs969hf4396,2005-10-18-pr-southern california wildfire letter.pdf
cs969hf4396,2005-10-19-pr-ANWR-Hearing.pdf
cs969hf4396,2005-10-19-pr-sf oldmint commemorative coin.pdf
cs969hf4396,2005-10-20-pr-h1b amendment.pdf
cs969hf4396,2005-10-21-pr-emergency flood control funding letter.pdf
cs969hf4396,2005-10-26-pr-bunker buster not included in approps bill.pdf
cs969hf4396,2005-10-26-pr-congressman edward roybal death stmt.pdf
cs969hf4396,2005-10-27-pr-breastcancer-051027.pdf
cs969hf4396,2005-10-27-pr-harriet miers withdrawal.pdf
cs969hf4396,2005-10-31-pr-supplimental funding cuts oppo.pdf
ct017rj5739,L944.pdf
ct304rh1007,L6627.pdf
ct382vb2316,2006-05-02-pr-Call for Increased US Foreign Assistance.pdf
ct382vb2316,2006-05-02-pr-enron-evidence.pdf
ct382vb2316,2006-05-02-pr-voting rights reauth.pdf
ct382vb2316,2006-05-03-pr-generic drug prices.pdf
ct382vb2316,2006-05-03-pr-generic drug prices_V2.pdf
ct382vb2316,2006-05-03-pr-korb report iraq statement.pdf
ct382vb2316,2006-05-04-pr-Legislation Criminalizing Border Tunnels Passes.pdf
ct382vb2316,2006-05-05-pr-Breast Cancer Research Stamps.pdf
ct382vb2316,2006-05-05-pr-channel-islands.pdf
ct382vb2316,2006-05-05-pr-ethanol-tariff-strike-announce.pdf
ct382vb2316,2006-05-05-pr-ethanol-tariff-strike-intro.pdf
ct382vb2316,2006-05-08-pr-Breast Cancer Research Stamps.pdf
ct382vb2316,2006-05-09-pr-SUV-loophole.pdf
ct382vb2316,2006-05-11-pr-dalai-lama-goldmedal-announce.pdf
ct382vb2316,2006-05-11-pr-epa small engine emission rules.pdf
ct382vb2316,2006-05-11-pr-s1955-Health-Week.pdf
ct382vb2316,2006-05-11-pr-tax cut bill oppo stmt.pdf
ct382vb2316,2006-05-12-pr-north central ca disaster declaration.pdf
ct382vb2316,2006-05-16-pr-DF Amendment to Guest Worker Program Passes.pdf
ct382vb2316,2006-05-16-pr-milan smith ninth circuit floor statement.pdf
ct382vb2316,2006-05-18-pr-dalai-lama-goldmedal-pass-committee.pdf
ct382vb2316,2006-05-18-pr-sf old mint coin-passes committee.pdf
ct382vb2316,2006-05-18-pr-sf old mint passes commtee.pdf
ct382vb2316,2006-05-19-pr-mike hayden cia director announce.pdf
ct382vb2316,2006-05-19-pr-tulare county gets crime prevention grant.pdf
ct382vb2316,2006-05-22-pr-pavley-global warming-endorsement.pdf
ct382vb2316,2006-05-22-pr-wolk-flood plains development.pdf
ct382vb2316,2006-05-23-pr-Call for Increased US Foreign Assistance.pdf
ct382vb2316,2006-05-23-pr-former mayors bipartisan caucas.pdf
ct382vb2316,2006-05-24-pr-santa rosa island park-hearing.pdf
ct382vb2316,2006-05-24-pr-santa rosa island-energy panel passage.pdf
ct382vb2316,2006-05-25-pr-IRS-innocent-spouse.pdf
ct382vb2316,2006-05-26-pr-Asian Heritage Month.pdf
ct382vb2316,2006-05-26-pr-burma-sanctions.pdf
ct382vb2316,2006-05-26-pr-dalai-lama-goldmedal-pass-senate.pdf
ct382vb2316,2006-05-26-pr-df opposes foods afety.pdf
ct382vb2316,2006-05-26-pr-df supports hayden CIA-floor-statement.pdf
ct382vb2316,2006-05-26-pr-intel-notification committee approval.pdf
ct382vb2316,2006-05-26-pr-marina-fee allocation.pdf
ct382vb2316,2006-05-26-pr-old-mint coin passes in senate.pdf
ct382vb2316,2006-05-26-pr-redwood-county water district.pdf
ct382vb2316,2006-05-27-pr-hsa ppropriations-border tunnels.pdf
ct382vb2316,2006-05-31-pr-DHS-urban-areas-security-grants.pdf
ct438hm3311,2011-10-19 kern county water video short.pdf
ct438hm3311,2011-10-19 kern county water video long.pdf
ct640vy7533,L11048.pdf
cv055bj8621,L10868.pdf
cv092jj8136,2007-02-21-v-joe cerrell aapc hall of fame.pdf
cv576km8922,L2539.pdf
cv950zq3574,L614.pdf
cw307qk7593,L9538.pdf
cw527dn0898,L6379.pdf
cw601px6983,L9894.pdf
cw641ww4874,2013-10-17 DF Catholic Charities.pdf
cx229jz8157,cx229jz8157_0001.jp2
cx389rm6860,2007-06-06-v-Toshiba National Science Teachers Assn ExploraVision Awards Program.pdf
cx590nt1229,2008-01-25-v-turlock centennial.pdf
cx904sp7633,2019-01-03 Government shutdown v4.pdf
cx904sp7633,2019-01-03 shutdown v5.pdf
cx904sp7633,2019-01-08 trump speech response.pdf
cx904sp7633,2019-01-09 California Desert Bill intro v4.pdf
cx904sp7633,2019-01-09 Wildfire statement v3.pdf
cx904sp7633,2019-01-10 Contra Costa Canal intro v3.pdf
cx904sp7633,2019-01-10 POTUS wildfire aid letter.pdf
cx904sp7633,2019-01-14 Offshore drilling press statement v4.pdf
cx904sp7633,2019-01-15 Mare Island Veterans Cemetery intro v4.pdf
cx904sp7633,2019-01-16 barr release v5.pdf
cx904sp7633,2019-01-18 trump cohen throne of lies.pdf
cx904sp7633,2019-01-22 SCOTUS transgender ban v2.pdf
cx904sp7633,2019-01-22 Shut Down Second Month statement v7.pdf
cx904sp7633,2019-01-25 CR to reopen government statement v5.pdf
cx904sp7633,2019-01-25 Hungary Resolution.pdf
cx904sp7633,2019-01-25 Military Housing v3.pdf
cx904sp7633,2019-01-25 roger stone indictment.pdf
cx904sp7633,2019-01-30 FCC 5G lawsuit letter v1.pdf
cx904sp7633,2019-01-31 McConnell Syria Afghanistan Amendment v2.pdf
cx904sp7633,2019-01-31 Salton Sea letter v3.pdf
cx904sp7633,2019-01-31 social media takedowns.pdf
cy451vw2972,2018-06-04 NPS San Francisco.pdf
cy451vw2972,2018-06-04 Specialty Crops Research Farm Bill.pdf
cy451vw2972,2018-06-07 CFTC de minimis threshold v3.pdf
cy451vw2972,2018-06-08 election collusion bill.pdf
cy451vw2972,2018-06-11 G7 summit statement v3.pdf
cy451vw2972,2018-06-11 G7 summit statement v4.pdf
cy451vw2972,2018-06-11 Skunk Works resolution.pdf
cy451vw2972,2018-06-12 Flower resolution.pdf
cy451vw2972,2018-06-12 north korea summit.pdf
cy451vw2972,2018-06-13 facebook huawei letter.pdf
cy451vw2972,2018-06-13 Lake Tahoe clarity report.pdf
cy451vw2972,2018-06-13 Warriors resolution.pdf
cy451vw2972,2018-06-14 comey ig report remarks.pdf
cy451vw2972,2018-06-18 NDAA vote v2.pdf
cy451vw2972,2018-06-18 staffing changes.pdf
cy451vw2972,2018-6-20 executive order statement v3.pdf
cy451vw2972,2018-06-22 bot bill.pdf
cy451vw2972,2018-06-25 Senate passes Energy and Water v3.pdf
cy451vw2972,2018-06-27 ATF letter.pdf
cy451vw2972,6-27 janus v3.pdf
cy451vw2972,6-27 kennedy retirement v2.pdf
cy451vw2972,6-27 kennedy retirement v7.pdf
cy451vw2972,2018-06-27 Tobacco amendment farm bill.pdf
cy451vw2972,2018-06-28 Farm bill statement v4.pdf
cy451vw2972,2018-06-28 Phthalates intro release.pdf
cy600hj5016,2023-02-01 Crime Gun Tracing Modernization Act intro v5.pdf
cy600hj5016,2023-02-01 National Trafficking Modern Slavery Prevention Month release v8.pdf
cy600hj5016,2023-02-01 NSF letter release v5.pdf
cy600hj5016,2023-02-01 Women in Sports resolution release v6.pdf
cy600hj5016,2023-02-02 ERPO intro v5.pdf
cy600hj5016,2023-02-02 Gun Violence Prevention Caucus release v7.pdf
cy600hj5016,2023-02-06 Natural gas energy prices letter release v4.pdf
cy600hj5016,2023-02-07 SOTU statement v6.pdf
cy600hj5016,2023-02-08 Desal cap letter release v3.pdf
cy600hj5016,2023-02-12 IRS response statement v2.pdf
cy600hj5016,2023-02-16 Judge Calabretta confirmation statement v3.pdf
cy600hj5016,2023-02-16 space guard bill intro v6.pdf
cy689xj6706,L5198.pdf
cy740ff2674,1-23 gymnastics v3.pdf
cy740ff2674,1-29 Gymnastics House passage.pdf
cy740ff2674,3-30 gymnastics presser.pdf
cy740ff2674,2017-1-17 nassar v3.pdf
cy740ff2674,2017-1-24 nassar v3.pdf
cy740ff2674,2017-1-25 bill to protect athletes v5.pdf
cy740ff2674,2018-07-24 gymnastics v4.pdf
cz063mn2740,L3299.pdf
cz112vz6194,L5478.pdf
cz424xc9275,2005-11-01-pr-bush tax panel recommendations.pdf
cz424xc9275,2005-11-02-pr-9th Circuit Split Letter.pdf
cz424xc9275,2005-11-02-pr-rosa parks death statement.pdf
cz424xc9275,2005-11-03-pr-Adult Heath Care Amendment.pdf
cz424xc9275,2005-11-03-pr-Ag Appropriations Conference Report.pdf
cz424xc9275,2005-11-03-pr-budget reconciliation bill opposition stmt.pdf
cz424xc9275,2005-11-04-pr-breast cancer stamp.pdf
cz424xc9275,2005-11-04-pr-SCAAP cjs conference report.pdf
cz424xc9275,2005-11-07-pr-bunker buster zero funding.pdf
cz424xc9275,2005-11-07-pr-national ignition facility nukes.pdf
cz424xc9275,2005-11-07-pr-sacramento flood control.pdf
cz424xc9275,2005-11-07-pr-tule lake national landmark.pdf
cz424xc9275,2005-11-08-pr-northern california flood control projects funding.pdf
cz424xc9275,2005-11-09-pr-2005 special election results.pdf
cz424xc9275,2005-11-09-pr-nuclear non-rpoliferation treaty amendment.pdf
cz424xc9275,2005-11-09-pr-pombo mining provision public lands.pdf
cz424xc9275,2005-11-09-pr-pombo mining provision public lands_clean.pdf
cz424xc9275,2005-11-10-pr-CJS Salmon Recovery.pdf
cz424xc9275,2005-11-10-pr-house removal of ANWR provision.pdf
cz424xc9275,2005-11-10-pr-urban empowerment zones funding.pdf
cz424xc9275,2005-11-10-pr-veterans day message.pdf
cz424xc9275,2005-11-14-pr-Bluebird Canyon Landslide Approval.pdf
cz424xc9275,2005-11-14-pr-honey lake water projects letter.pdf
cz424xc9275,2005-11-15-pr-iraq levin amendment drawdown.pdf
cz424xc9275,2005-11-16-pr-Angel Island Bill Approved.pdf
cz424xc9275,2005-11-16-pr-Big Oils Role in Energy Task Force.pdf
cz424xc9275,2005-11-16-pr-child protect-DFSB-ltr.pdf
cz424xc9275,2005-11-16-pr-CJS approps bill CA funding.pdf
cz424xc9275,2005-11-16-pr-hydroelectric power letter.pdf
cz424xc9275,2005-11-17-pr-data privacy jud committee approval.pdf
cz424xc9275,2005-11-17-pr-firefighter reserve funding.pdf
cz424xc9275,2005-11-17-pr-millionaire tax.pdf
cz424xc9275,2005-11-17-pr-repeal drilling incentive for oil companies.pdf
cz424xc9275,2005-11-18-pr-loose nukes.pdf
cz424xc9275,2005-11-18-pr-tax reconciliation vote.pdf
cz424xc9275,2005-11-18-pr-youth conservation corps expansion passes senate.pdf
cz503cn8950,L862.pdf
cz588gr6636,2022-02-02 Cancer moonshot statement v3.pdf
cz588gr6636,2022-02-04 Jan jobs report statement v5.pdf
cz588gr6636,2022-02-04 Jan jobs report statement v5_clean.pdf
cz588gr6636,2022-02-04 Jan jobs report statement v7.pdf
cz588gr6636,2022-02-06 klitgaard passing.pdf
cz588gr6636,2022-02-08 burgeim lawsuit v3.pdf
cz588gr6636,2022-02-09 afghan women statement v3.pdf
cz588gr6636,2022-02-09 afghan women statement v4.pdf
cz588gr6636,2022-02-09 VAWA reauthorization intro release v8.pdf
cz588gr6636,2022-02-10 EV charging stations statement v4.pdf
cz588gr6636,2022-02-10 forced arbitration.pdf
cz588gr6636,2022-02-16 car emissions.pdf
cz588gr6636,2022-02-14 firefighter claims letter v2.pdf
cz588gr6636,2022-02-14 firefighter claims letter.pdf
cz588gr6636,2022-02-18 ukraine invasion stmt v3.pdf
cz588gr6636,2022-02-19 blum passing v7.pdf
cz588gr6636,2022-02-19 blum passing v8.pdf
cz588gr6636,2022-02-22 Emergency supplemental drought and ag funding letter release v3.pdf
cz588gr6636,2022-02-22 Ukraine invasion statement v11.pdf
cz588gr6636,2022-02-24 putin invades v5.pdf
cz588gr6636,2022-02-24 some rishi nonsense.pdf
cz588gr6636,2022-02-24 Wildland Fire Mitigation and Management Commission release_v4.pdf
cz588gr6636,2022-02-25 FBI Nassar letter release v3.pdf
cz588gr6636,2022-02-25 Ketanji Brown Jackson SCOTUS nomination statement v5.pdf
cz651qr2832,2007-05-15-v-don and doris fisher tribute boys and girls club of SF.pdf
cz811sm2889,L6295.pdf
db376gg9639,2005-10-07-v-asian american recovery services 20th anniversary.pdf
db376gg9639,2005-10-07-v-asian american recovery services 20th anniversary (2).pdf
db477ht6856,2008-02-29-v-diabetes institute draft.pdf
db477ht6856,2008-02-29-v-diabetes town hall johnson and johnson diabetes institute.pdf
db614cy5465,2018-03-07 Water Association of Kern County Water Summit v4.pdf
db614cy5465,2018-03-07 Water Association of Kern County Water Summit v3(with Watts edits).pdf
db614cy5465,2018-03-07 Water Association of Kern County Water Summit v3.pdf
db614cy5465,2018-03-07 Water Association of Kern County Water Summit v2.pdf
db632nk4235,L8371.pdf
db745mj9366,db745mj9366_0001.jp2
db921mj7376,db921mj7376_0001.jp2
db971sd1351,2007-12-05-a-cafe-senate vote.pdf
db971sd1351,2007-12-07-a-cnn-your world today-interrogation.pdf
db971sd1351,2007-12-07-a-late editition-foreign affairs.pdf
db971sd1351,2007-12-07-a-radioactuality-CAFE conference call.pdf
db971sd1351,2007-12-07-a-smithsonian GAO rule hearing.pdf
dc088tz1642,L2231.pdf
dc375gz9649,2015-05-06 million mom march sarah brady v5.pdf
dc375gz9649,2015-05-06 million mom march sarah brady v4.pdf
dc375gz9649,2015-05-06 million mom march sarah brady v3.pdf
dc375gz9649,2015-04-23 million mom march sarah brady v1.pdf
dc375gz9649,2015-04-23 million mom march sarah brady.pdf
dc599yy9500,2009-08-03-pr-Support for Extension of Cash for Clunkers.pdf
dc599yy9500,2009-08-04-pr-Performance Rights Act-Committee Statement.pdf
dc599yy9500,2009-08-06-pr-Approval of Cash for Clunkers Program.pdf
dc599yy9500,2009-08-11-pr-San Suu Kyi House Arrest.pdf
dc599yy9500,2009-08-12-pr-Health Care Reform Efforts.pdf
dc599yy9500,2009-08-14-pr-Health Insurance Reform.pdf
dc599yy9500,2009-08-18-pr-Data Breach Indictment.pdf
dc599yy9500,2009-08-20-pr-Blackwater CIA Statement.pdf
dc599yy9500,2009-08-31-pr-food bank fresno.pdf
dd119dx9831,2010-07-01-pr-unemployment insurance extension blocked by repubs.pdf
dd119dx9831,2010-07-13-pr-elena kagan-week before vote.pdf
dd119dx9831,2010-07-20-pr-kagan jud votes in favor.pdf
dd119dx9831,2010-07-21-pr-cell phone contraband passes house.pdf
dd119dx9831,2010-07-23-pr-operation luz verde-statement.pdf
dd119dx9831,2010-07-28-pr-kagan-jud hearing.pdf
dd119dx9831,2010-07-29-pr-mc12 liberty aircraft to beale air force base.pdf
dd581pj6176,L827.pdf
dd607zq3577,L8592.pdf
dd913cb3583,L1828.pdf
df147gy1816,r-perchloratedod1.pdf
df147gy1816,r-ggnra03senate1.pdf
df147gy1816,r-sars2.pdf
df147gy1816,r-sars11.pdf
df147gy1816,r-rimsenate.pdf
df147gy1816,r-gunsuit.pdf
df147gy1816,r-gasprices2.pdf
df147gy1816,r-assaultwepsprez.pdf
df147gy1816,losalamosrelease1.pdf
df147gy1816,r-energybill.pdf
df624ck9905,2006-12-01-a-cnn-late edition-blitzer.pdf
df624ck9905,2006-12-05-a-iraq study group.pdf
df624ck9905,2006-12-06-a-msnbc-hardball.pdf
df624ck9905,2006-12-06-a-radio-ISG report.pdf
df624ck9905,2006-12-06-a-satfeed-ISG report.pdf
df658rr0403,L5476.pdf
df773hg3025,L910.pdf
dg196xd0864,L1038.pdf
dg234zx2122,2013-12-05 ptc letter to rockefeller.pdf
dg234zx2122,2013-12-11 sandy hook 1 year release.pdf
dg234zx2122,2013-12-12 ethanol mandate repeal release.pdf
dg234zx2122,2013-12-17 Judge Leon Ruling Press Release FINAL.pdf
dg916bd8336,2016-01-22 Lois Wolk retirement v2.pdf
dg916bd8336,2016-01-22 Lois Wolk retirement.pdf
dg920tw4438,L730.pdf
dh030zh2820,L1267.pdf
dh123pz0037,L4651.pdf
dh186mx3572,2005-06-02-pr-EPA rejects californias oxygenate waiver application.pdf
dh186mx3572,2005-06-06-pr-E-Loan Theft Legislation.pdf
dh186mx3572,2005-06-07-pr-id theft endorsement by ING and E-Loan - ING release.pdf
dh186mx3572,2005-06-07-pr-id theft endorsement by ING and E-Loan.pdf
dh186mx3572,2005-06-08-pr-janice brown dc circuit court of appeals nomination opposition.pdf
dh186mx3572,2005-06-08-pr-perchlorate-epaquestions-050608.pdf
dh186mx3572,2005-06-09-pr- gitmo questions.pdf
dh186mx3572,2005-06-09-pr-lawnmowers emissions.pdf
dh186mx3572,2005-06-09-pr-patriot act ACLU review.pdf
dh186mx3572,2005-06-09-pr-pryor 11th circuit nomination opposition.pdf
dh186mx3572,2005-06-10-pr-approps-interior-cmteFINAL.pdf
dh186mx3572,2005-06-13-pr-gangs bill specter santorum cosponsor.pdf
dh186mx3572,2005-06-14-pr-public lands youth conservation corps bill.pdf
dh186mx3572,2005-06-15-pr-ethanol mandate amendment concerns.pdf
dh186mx3572,2005-06-15-pr-guantanamo hearing.pdf
dh186mx3572,2005-06-15-pr-prostate cancer awareness.pdf
dh186mx3572,2005-06-16-pr-approps-energywater-cmte.pdf
dh186mx3572,2005-06-16-pr-diesel emissions reduction act cosponsor stmt.pdf
dh186mx3572,2005-06-16-pr-identity theft commerce committee hearing stmt.pdf
dh186mx3572,2005-06-16-pr-Nomination of Terrence Boyle.pdf
dh186mx3572,2005-06-17-pr-intel-patriot act additional views.pdf
dh186mx3572,2005-06-17-pr-suu kyi birthday burma.pdf
dh186mx3572,2005-06-21-pr-diesel engines senate approval.pdf
dh186mx3572,2005-06-21-pr-id theft data breach letter.pdf
dh186mx3572,2005-06-21-pr-liquified natural gas energy bill.pdf
dh186mx3572,2005-06-21-pr-removal of PBS chairman kenneth tomlinson.pdf
dh186mx3572,2005-06-22-pr-Committee Continues Breast Cancer Research Stamps.pdf
dh186mx3572,2005-06-22-pr-suv loophole in energybill.pdf
dh186mx3572,2005-06-23-pr-Approps-Ag-Cmte.pdf
dh186mx3572,2005-06-23-pr-id theft notification kyl cosponsorship.pdf
dh186mx3572,2005-06-24-pr-AIDS.pdf
dh186mx3572,2005-06-24-pr-meth in Mexico letter to vincente fox.pdf
dh186mx3572,2005-06-27-pr-grokster file sharing supreme court ruling.pdf
dh186mx3572,2005-06-28-pr-energy bill final vote.pdf
dh186mx3572,2005-06-28-pr-fuding for MLK memorial approved by senate.pdf
dh186mx3572,2005-06-28-pr-meth bill strengthened.pdf
dh186mx3572,2005-06-29-pr-oversight for san pablo casino project approved by indian affairs committee.pdf
dh186mx3572,2005-06-29-pr-stem cell rally.pdf
dh186mx3572,2005-06-29-pr-va funding.pdf
dh186mx3572,2005-06-30-pr-nuclear weapons floor statement.pdf
dh186mx3572,2005-06-30-pr-ojai FEMA funding.pdf
dh186mx3572,2005-06-30-pr-perchlorate DoD contamination.pdf
dh186mx3572,2005-06-30-pr-Priority on Easing 405 Gridlock.pdf
dh720vz7389,L9770.pdf
dh781jb9485,r-internettax.pdf
dh781jb9485,r-forests1119-a.pdf
dh781jb9485,r-forests1119-a2.pdf
dh781jb9485,r-scholarships.pdf
dh781jb9485,r-forests1120.pdf
dh781jb9485,r-extradition.pdf
dh781jb9485,r-sierra.pdf
dh781jb9485,r-hussein1.pdf
dh781jb9485,r-santasusana-draft.pdf
dh781jb9485,r-santasusana.pdf
dh865rv9534,L3732.pdf
dh949fy9207,2020-01-02 dear colleague on impeachment.pdf
dh949fy9207,2020-01-02 Dear Colleague re Impeachment Final.pdf
dh949fy9207,2020-01-03 Roe Amicus.pdf
dh949fy9207,2020-01-03 Roe Amicus arr.pdf
dh949fy9207,2020-01-03 Roe Amicus arr_clean.pdf
dh949fy9207,2020-01-03 Soleimani.pdf
dh949fy9207,2020-01-05 middle east tension v2.pdf
dh949fy9207,2020-01-06 bolton.pdf
dh949fy9207,2020-01-06 loeffler stmt.pdf
dh949fy9207,2020-01-07 homelessness rebuttal.pdf
dh949fy9207,2020-01-07 no witnesses.pdf
dh949fy9207,2020-01-07 soleimani stmt v4.pdf
dh949fy9207,2020-01-08 Letter to DHS on Third Country Deportations v4.pdf
dh949fy9207,2020-01-08 Newsom Homelessness EO.pdf
dh949fy9207,2020-01-08 offramp v3.pdf
dh949fy9207,2020-01-09 Committee remarks on impeachment v1.pdf
dh949fy9207,2020-01-14 aumf debate v2.pdf
dh949fy9207,2020-01-14 Diversion of funds for Border Wall.pdf
dh949fy9207,2020-01-14 pre impeachment.pdf
dh949fy9207,2020-01-14 usmca statement v2.pdf
dh949fy9207,2020-01-15 EU wine tarrifs letter v4.pdf
dh949fy9207,2020-01-15 Fentanyl Sched 1.pdf
dh949fy9207,2020-01-15 HHS Coronavirus Letter.pdf
dh949fy9207,2020-01-16 Brasher committee remarks v3.pdf
dh949fy9207,2020-01-16 PGE FEMA funds.pdf
dh949fy9207,2020-01-22 docs and witnesses.pdf
dh949fy9207,2020-01-22 house case starts.pdf
dh949fy9207,2020-01-23 Fentanyl SF.pdf
dh949fy9207,2020-01-24 Calif Weldon Decision-df edits.pdf
dh949fy9207,2020-01-24 friday impeacment stmt.pdf
dh949fy9207,2020-01-24 Trump fuel economy proposed standards v7.pdf
dh949fy9207,2020-01-27 monday impeachment stmt.pdf
dh949fy9207,2020-01-28 National Trafficking and Modern Slavery Prevention Month resolution v6.pdf
dh949fy9207,2020-01-28 tuesday impeachment stmt v4.pdf
dh949fy9207,2020-01-29 bolton as witness.pdf
dh949fy9207,2020-01-29 CBO deficit projection statement v3.pdf
dh949fy9207,2020-01-29 Interior Dept LGBT protections letter v4.pdf
dh949fy9207,2020-01-29 Medicaid Block Grants.pdf
dh949fy9207,2020-01-31 ICE letter release v3.pdf
dh949fy9207,2020-01-31 Vaping Shift.pdf
dh949fy9207,2020-01-31 Witnesses Vote Impeachment v1.pdf
dj044sn2640,2014-08-04 tahoe summit advisory.pdf
dj054ww2166,2010-06-8-pr-israel palestine statement.pdf
dj054ww2166,2010-06-8-pr-space x launches falcon 9.pdf
dj054ww2166,2010-06-9-pr-scaap hotline approved by senate.pdf
dj054ww2166,2010-06-10-pr-project deliverance.pdf
dj054ww2166,2010-06-10-pr-savekids dangerou sdrugs passes jud.pdf
dj054ww2166,2010-06-10-pr-temp judgeships passes jud.pdf
dj054ww2166,2010-06-15-PR-Antibiotics On Farm.pdf
dj054ww2166,2010-06-15-pr-Antibiotics on Livestock-FINAL.pdf
dj054ww2166,2010-06-15-pr-unemployment statement.pdf
dj054ww2166,2010-06-16-pr-insurance independent review ca.pdf
dj054ww2166,2010-06-16-pr-mavi marmara aid ship to gaza.pdf
dj054ww2166,2010-06-16-r-scaap hotline renewal.pdf
dj054ww2166,2010-06-17-pr-disclose act nra exemption.pdf
dj054ww2166,2010-06-17-pr-save kids dangerous drugs passes jud LATESTBD edits.pdf
dj054ww2166,2010-06-18-pr-lgbtmonth61810.pdf
dj054ww2166,2010-06-23-pr-interior-MMSreorg-.pdf
dj054ww2166,2010-06-28-pr-byrd passing.pdf
dk066qq8772,2010-06-21-a-interior-reorganization-minerals management service.pdf
dk066qq8772,2010-06-25-a-fox news sunday-kagan.pdf
dk066qq8772,2010-06-28-a-pathfire-elena kagan.pdf
dk066qq8772,2010-06-28-a-radio actuality-kagan-remarks.pdf
dk124mb1962,L1095.pdf
dk170cn3159,2006-05-19-a-cbs-face the nation.pdf
dk170cn3159,2006-05-23-a-stem cell vote.pdf
dk170cn3159,2006-05-26-a-queens bench speech.pdf
dk170cn3159,2006-05-31-a-south bay-wash-report.pdf
dk642rf4657,L1699.pdf
dk950sw8236,L9804.pdf
dm146hh5876,L5991.pdf
dm267by3572,L8896.pdf
dm402bk3904,L7881.pdf
dm431dp1627,L835.pdf
dm437bf5814,L10244.pdf
dm468kn6893,2009-05-12-a-interior-EPA budget.pdf
dm468kn6893,2009-05-14-a-pathfire-agjobs intro.pdf
dm468kn6893,2009-05-14-a-radioactuality-AgJOBS.pdf
dm468kn6893,2009-05-19-a-interior-Forest Service budget-2010.pdf
dm468kn6893,2009-05-26-a-border briefing.pdf
dm468kn6893,2009-05-26-a-drug-cartel-violence-caucus.pdf
dm468kn6893,2009-05-29-a-face the nation.pdf
dm703ht9372,2006-11-02-pr-chevron-royalties.pdf
dm703ht9372,2006-11-02-pr-TSA-Palmdale-airport screeners.pdf
dm703ht9372,2006-11-02-pr-TSA-Sonoma-airport screeners.pdf
dm703ht9372,2006-11-02-pr-TSA-Visalia-airport screeners.pdf
dm703ht9372,2006-11-13-pr-Animal terrorism-House Passes.pdf
dm703ht9372,2006-11-13-pr-approps-veterans and military-senate passage.pdf
dm703ht9372,2006-11-14-pr-Exploring Options to Keep 49ers in SF.pdf
dm703ht9372,2006-11-14-pr-santa rosa island remains open to public.pdf
dm703ht9372,2006-11-15-pr-concord naval weapons station letter.pdf
dm703ht9372,2006-11-16-pr-Agriculture Appropriations Bill.pdf
dm703ht9372,2006-11-16-pr-ken lay-restitutions bill intro.pdf
dm703ht9372,2006-11-16-pr-rules hearings-midterm elections voting problems.pdf
dm703ht9372,2006-11-17-PR-breast implant approval.pdf
dm703ht9372,2006-11-17-pr-concern over FDAs breast implant approval.pdf
dm703ht9372,2006-11-17-pr-family-abduction-senate-passage.pdf
dm703ht9372,2006-11-27-pr-animal terrorism act signed into law.pdf
dm703ht9372,2006-11-29-pr-report shows need for electronic voting reform.pdf
dm941js5870,L4455.pdf
dn362qr2653,L4032.pdf
dp017hn1910,2009-05-20-v-association of california water agencies convention.pdf
dp037fc8770,L8132.pdf
dp090qv3995,dp090qv3995_0001.jp2
dp143jg8925,2016-04-07 - Water Conservation Amendment and Letter.pdf
dp143jg8925,2016-04-16 Senate passes Energy and Water.pdf
dp143jg8925,2016-4-19 FAA Passes.pdf
dp143jg8925,2016-4-26 CASA Act.pdf
dp143jg8925,2016-4-26 FAA Data Update California.pdf
dp143jg8925,2016-4-26 FAA Data Update National.pdf
dp143jg8925,2016-04-27 constitution award.pdf
dp176zz6945,dp176zz6945_0001.jp2
dp498yd0492,2013-01-03 Zero Dark Thirty CIA Letters Release final.pdf
dp498yd0492,2013-01-10 kern county shooting.pdf
dp498yd0492,2013-01-16 obama on awb.pdf
dp498yd0492,2013-01-24 awb intro release.pdf
dp498yd0492,2013-1-24 Mumbai Sentencing Stmt.pdf
dp498yd0492,2013-01-30 Hopkins poll release.pdf
dp498yd0492,2013-01-31 AWB endorsements.pdf
dp498yd0492,natomas draft release.pdf
dp498yd0492,2013-01-31 natomas bill drop.pdf
dp526fx7155,2022-05-02 overturn roe v3.pdf
dp526fx7155,2022-05-03 dod food insecurity.pdf
dp526fx7155,2022-05-03 Sec Norman Mineta passing statement v3.pdf
dp526fx7155,2022-05-04 ag transpo v2.pdf
dp526fx7155,2022-05-09 Senate Resolution Designates May 10 as National Fentanyl Awareness Day.pdf
dp526fx7155,2022-05-09 space national guard bill intro v3.pdf
dp526fx7155,2022-05-02 ukraine steel tariffs lifted v3.pdf
dp526fx7155,2022-05-10 ukraine funding v2.pdf
dp526fx7155,2022-05-10 wage theft bill intro.pdf
dp526fx7155,2022-05-11 Firefighter pay letter release v4.pdf
dp526fx7155,2022-05-11 Womens Health Protection Act floor statement release v4.pdf
dp526fx7155,2022-05-12 uke funding bill.pdf
dp526fx7155,2022-05-16 Feinstein Collins on HELP legislation v9.pdf
dp526fx7155,2022-05-17 Judges Thompson and Sykes cloture release v5.pdf
dp526fx7155,2022-05-18 soccer pay v2.pdf
dp526fx7155,2022-05-18 STREAM Act intro release v11.pdf
dp526fx7155,2022-05-19 Age 21 Act intro release v5.pdf
dp526fx7155,2022-05-19 Ports labor letter release v4.pdf
dp526fx7155,2022-05-19 Roe statement v4.pdf
dp526fx7155,2022-05-24 Feinstein to HHS Keep Laguna Honda Hospital Operating at Full Capacity v3.pdf
dp526fx7155,2022-05-24 ulvade shooting.pdf
dp526fx7155,2022-05-25 ENR water hearing transcript release v2.pdf
dp526fx7155,2022-05-25 u-21 gun release v3.pdf
dp526fx7155,2022-05-25 u-21 gun release v3 updated.pdf
dp526fx7155,2022-05-26 rail grants.pdf
dp674wn5941,2015-03-12 fresno high senate banquet.pdf
dp906pr3672,L2036.pdf
dq672zd8480,2016-02-04 statement on powell rice emails.pdf
dq672zd8480,2016-02-09 - Desert monuments announcement v3.pdf
dq672zd8480,2016-02-09 - Desert monuments announcement v4.pdf
dq672zd8480,2016-02-10 - Press Release - DPRK Floor Speech.pdf
dq672zd8480,2016-02-10 drought press release final.pdf
dq672zd8480,2016-02-11 - Nepal bill.pdf
dq672zd8480,2016-02-11 - Nepal bill v2.pdf
dq672zd8480,2016-02-14 Scalia.pdf
dq672zd8480,2016-02-22 - Desert Bill Reintro.pdf
dq672zd8480,2016-02-22 - Desert Bill Reintro v2.pdf
dq672zd8480,2016-02-22 - Desert Bill Reintro v3.pdf
dq672zd8480,2016-02-22 - Desert Bill Reintro v4.pdf
dq672zd8480,2016-02-22 - DRC adoptions statement.pdf
dq672zd8480,2016-02-23 gtmo plan.pdf
dq672zd8480,2016-02-25 - Position limit.pdf
dq672zd8480,2016-02-25 - Position limit v2.pdf
dq672zd8480,2016-02-25 - Position limit v3.pdf
dq672zd8480,2016-02-25 - Position limit v4.pdf
dq813md9609,L11506.pdf
dr179gs7930,L5366.pdf
dr197gf0491,2011-09-26 earl warren cup.pdf
dr638wm7817,L688.pdf
dr639qy6815,2008-07-14-a-rules hearing capitol police.pdf
dr639qy6815,2008-07-28-a-BEVRA rules committee hearing.pdf
dr708wr7034,L10355.pdf
dr720mk6879,L2527.pdf
dr745kf3899,L8584.pdf
ds056md0575,L10133.pdf
ds235bf7069,2019-06-03 19th Amendment Release.pdf
ds235bf7069,2019-06-03 Disaster supplemental House vote v2.pdf
ds235bf7069,2019-06-04 anti trust release.pdf
ds235bf7069,2019-06-04 df immigration bill v8.pdf
ds235bf7069,2019-06-05 Mexico tariffs v5.pdf
ds235bf7069,2019-06-06 Fetal tissue research restrictions v1.pdf
ds235bf7069,2019-06-06 ICE detention facilities IG report v8.pdf
ds235bf7069,2019-06-07 Automakers fuel economy letter v3.pdf
ds235bf7069,2019-06-10 Media Advisory Drug Caucus Hearing.pdf
ds235bf7069,2019-06-10 santa anita.pdf
ds235bf7069,2019-06-11 As Delivered Jud - McAleenan.pdf
ds235bf7069,2019-06-11 Personal Care Products Safety Act statement - Claires Asbestos v5.pdf
ds235bf7069,2019-06-11 Wine tariffs letter v2.pdf
ds235bf7069,2019-06-12 Assembly horse racing letter v1.pdf
ds235bf7069,2019-06-12 McAleenan Letter.pdf
ds235bf7069,2019-06-12 Military housing bill in NDAA v4.pdf
ds235bf7069,2019-06-12 Pride month v4.pdf
ds235bf7069,2019-06-13 Border Supplemental Letter.pdf
ds235bf7069,2019-06-13 Newsom horseracing v4.pdf
ds235bf7069,2019-06-13 trump election interference.pdf
ds235bf7069,2019-06-14 Drought bill intro v6.pdf
ds235bf7069,2019-06-17 bress statement v2.pdf
ds235bf7069,2019-06-17 Gray whales v6-docx.pdf
ds235bf7069,2019-06-17 Gray whales v8.pdf
ds235bf7069,2019-06-17 Immigrant Heritage Month.pdf
ds235bf7069,2019-06-17 Iran nuclear fuel levels v2.pdf
ds235bf7069,2019-06-17 iran statement.pdf
ds235bf7069,2019-06-17 Letter on USTR China tariffs v2.pdf
ds235bf7069,2019-06-18 Kacsmaryk Floor Statement.pdf
ds235bf7069,2019-06-19 30 million supp for migrant help v2.pdf
ds235bf7069,2019-06-19 Clean Power Plan replacement v5.pdf
ds235bf7069,2019-06-19 Guns Floor Statement.pdf
ds235bf7069,2019-06-19 PGE wildfire settlement v2.pdf
ds235bf7069,2019-06-19 PGE wildfire settlement v5.pdf
ds235bf7069,2019-06-19 west la va ndaa.pdf
ds235bf7069,2019-06-20 As Delivered Jud - Bress Mark up.pdf
ds235bf7069,2019-06-20 bart project.pdf
ds235bf7069,2019-06-20 Google Homlessness letter release 2.pdf
ds235bf7069,2019-06-20 Google Homlessness letter release.pdf
ds235bf7069,2019-06-20 Horseracing enhanced safety letters.pdf
ds235bf7069,2019-06-20 saudi arms sales.pdf
ds235bf7069,2019-06-24 Cadiz lawsuit v4.pdf
ds235bf7069,2019-06-24 you killed blue slips.pdf
ds235bf7069,2019-06-25 CBD and Marijuana Research Expansion Act.pdf
ds235bf7069,2019-06-25 Iran sanctions v4.pdf
ds235bf7069,2019-06-25 Personal Care Products 81st anniversary v4.pdf
ds235bf7069,2019-06-25 State horse racing bill v3.pdf
ds235bf7069,2019-06-26 clarence thomas retirement.pdf
ds235bf7069,2019-06-26 pride month release.pdf
ds235bf7069,2019-06-26 samuel alito retirement.pdf
ds235bf7069,2019-06-27 As Delivered Jud - District Court Blue Slips.pdf
ds235bf7069,2019-06-27 As Delivered Jud - PACED Act.pdf
ds235bf7069,2019-06-27 As Delivered Jud - Phipps.pdf
ds235bf7069,2019-06-27 Census ruling pro v6-docx.pdf
ds235bf7069,2019-06-27 FCC 5G bill v5.pdf
ds235bf7069,2019-06-27 Gerrymandering ruling v2.pdf
ds235bf7069,2019-06-27 Puppy Mills Letter.pdf
ds235bf7069,2019-06-27 Water bill support v4.pdf
ds235bf7069,2019-06-28 Iran statement v2.pdf
ds235bf7069,2019-06-28 NDAA Military Housing Bill v4.pdf
ds235bf7069,2019-06-28 NDAA West LA Armory Senate vote v5.pdf
ds235bf7069,2019-06-28 pride month release.pdf
ds566kz3192,2007-04-27-v-freeport regional water authority groundbreaking.pdf
dt171ry2955,L1033.pdf
dt361rw3585,2007-04-09-a-smithsonian rules hearing.pdf
dt361rw3585,2007-04-09-a-stem cells-vote discussion.pdf
dt361rw3585,2007-04-10-a-satfeed-stemcells-predebate.pdf
dt361rw3585,2007-04-10-a-stem cells-floor statement.pdf
dt361rw3585,2007-04-10-a-weekly planner.pdf
dt361rw3585,2007-04-11-a-df meets with ca governor.pdf
dt361rw3585,2007-04-11-a-stem cells-vote.pdf
dt361rw3585,2007-04-17-a-weekly planner.pdf
dt361rw3585,2007-04-30-a-weekly planner.pdf
dt680vz1341,L3013.pdf
dv448hc9006,2020-6-30 Carl Guardino.pdf
dv725cs9513,L1547.pdf
dw912gm1789,2009-03-21-v-barbara and ray alpert jewish community center grand gala.pdf
dx031kr1742,L5322.pdf
dx102mf1520,L12797.pdf
dx548sn2806,L9157.pdf
dx883gj4267,2007-01-03-a-swearing in events.pdf
dx883gj4267,2007-01-03-a-weekly planner.pdf
dx883gj4267,2007-01-04-a-radio actuality-swearing in.pdf
dx883gj4267,2007-01-04-a-satfeed-swearing in ceremonies.pdf
dx883gj4267,2007-01-09-a-AgJOBS.pdf
dx883gj4267,2007-01-09-a-radio actuality-stem cells.pdf
dx883gj4267,2007-01-09-a-satfeed-stemcells.pdf
dx883gj4267,2007-01-10-a-cnn-larry king.pdf
dx883gj4267,2007-01-17-a-satfeed-electricity sector.pdf
dx883gj4267,2007-01-18-a-radio-JUD hearing.pdf
dx883gj4267,2007-01-18-a-satfeed-JUD hearing.pdf
dx883gj4267,2007-01-22-a-radio-entitlement reform.pdf
dx883gj4267,2007-01-22-a-satfeed-entitlement reform.pdf
dx883gj4267,2007-01-29-a-global warming-epw hearing.pdf
dx883gj4267,2007-01-29-a-tulare meeting.pdf
dx883gj4267,2007-01-30-a-radio actualtiy-epw-global warming.pdf
dx883gj4267,2007-01-30-a-satfeed-epw-global warming-hearing.pdf
dx883gj4267,2007-01-30-a-us visit system failures hearing.pdf
dx883gj4267,2007-01016-a-electricity sector-nuser.pdf
dx983tv6179,L2981.pdf
dy042rk2663,troop holiday video.pdf
dy042rk2663,2011-11-29 troop video.pdf
dy062qb3514,L10799.pdf
dy200mj5143,L10201.pdf
dy668dh1939,HUSSEIND_F98.pdf
dy668dh1939,AFGHAN_302.pdf
dy668dh1939,INDIA_513.pdf
dy668dh1939,PAKISTAN_528.pdf
dy668dh1939,HORMEL_616.pdf
dy668dh1939,RUSSIA_798.pdf
dy668dh1939,BOSNNYT_798.pdf
dy668dh1939,AFGHAN_798.pdf
dy668dh1939,INDORAPE_805.pdf
dy668dh1939,TERROR_898.pdf
dy668dh1939,TERROR1_903.pdf
dy668dh1939,INDOAID_903.pdf
dy668dh1939,MITCHSTM_N10.pdf
dy668dh1939,MITCH121.pdf
dy668dh1939,COHEN121.pdf
dy799pb6715,L7056.pdf
dy809kv0295,2019-03-28 CJA Award v2.pdf
dy809kv0295,2019-03-28 CJA Award.pdf
dz170xh8593,L6083.pdf
dz283qv9012,L12994.pdf
dz343sb3628,L1074.pdf
dz453jv9319,2015-08-28 Our Bay on the Brink - v2.pdf
dz453jv9319,2015-08-28 Our Bay on the Brink.pdf
dz631pf9507,2007-03-01-pr-disaster relief-gao report.pdf
dz631pf9507,2007-03-02-pr-additional judgeship in the ninth circuit approval.pdf
dz631pf9507,2007-03-02-pr-additional judgeship in the ninth circuit approval_clean.pdf
dz631pf9507,2007-03-02-pr-ART letter.pdf
dz631pf9507,2007-03-06-pr-cafe standards hearing-statement.pdf
dz631pf9507,2007-03-06-pr-firing of us attorneys-hearing-statement.pdf
dz631pf9507,2007-03-06-pr-firing of us attorneys-hearing-statement_clean.pdf
dz631pf9507,2007-03-06-pr-Securing Border Tunnel-Plan Details.pdf
dz631pf9507,2007-03-06-pr-ten in ten bill-silicon valley endorsement.pdf
dz631pf9507,2007-03-07-pr-Border Patrol Hearing.pdf
dz631pf9507,2007-03-08-m-Nuclear Energy Quote-LA Times.pdf
dz631pf9507,2007-03-08-pr-cloning ban.pdf
dz631pf9507,2007-03-08-pr-national safe place week.pdf
dz631pf9507,2007-03-08-pr-reduce electic utility emissions-martinez support.pdf
dz631pf9507,2007-03-09-pr-rules committee to hold smithsonian hearing.pdf
dz631pf9507,2007-03-09-pr-veterans voter registration assistance-verterans affairs letter.pdf
dz631pf9507,2007-03-13-pr-interior appropriations-DF chairs epa budget hearing.pdf
dz631pf9507,2007-03-13-pr-protect unaccompanied alien minors.pdf
dz631pf9507,2007-03-14-pr-Agriculture Inspections Bill.pdf
dz631pf9507,2007-03-14-pr-armenian genocide.pdf
dz631pf9507,2007-03-14-pr-campaign finance hearing.pdf
dz631pf9507,2007-03-14-pr-expand loan forgiveness-head start-reintroduction.pdf
dz631pf9507,2007-03-15-pr-confimration of us attorneys debate-announcement.pdf
dz631pf9507,2007-03-15-pr-JUD reauthorizes byrne JAG program.pdf
dz631pf9507,2007-03-19-pr-ensure senate confirmation of us attorneys-floors peech-delivered.pdf
dz631pf9507,2007-03-20-pr-confimation of us attorneys process-approval.pdf
dz631pf9507,2007-03-20-pr-confirmation of us attorneys process-DF transcript.pdf
dz631pf9507,2007-03-20-pr-FY 2007 levee funding-army corps.pdf
dz631pf9507,2007-03-20-pr-governor endorses gang bill.pdf
dz631pf9507,2007-03-20-pr-ICE raids-DHS letter.pdf
dz631pf9507,2007-03-20-pr-new website design.pdf
dz631pf9507,2007-03-21-pr-combat id theft hearing.pdf
dz631pf9507,2007-03-21-pr-increase funding for pest control.pdf
dz631pf9507,2007-03-22-pr-approps-supp-committee approval-levees.pdf
dz631pf9507,2007-03-22-pr-approps-supp-committee approval-secure rural schools.pdf
dz631pf9507,2007-03-22-pr-approps-supp-committee approval-secure rural schools_clean.pdf
dz631pf9507,2007-03-22-pr-citrus freeze relief-appropriations approval.pdf
dz631pf9507,2007-03-22-pr-examination of senate restaurants-architect of the capitol letter.pdf
dz631pf9507,2007-03-22-pr-salmon disaster relief appropriations-committee approval.pdf
dz631pf9507,2007-03-23-pr-amendment providing critical law enforcement funding passes.pdf
dz631pf9507,2007-03-23-pr-amendment providing critical law enforcement funding passes_clean.pdf
dz631pf9507,2007-03-23-pr-firing of us attorneys-DF transcript.pdf
dz631pf9507,2007-03-23-pr-internet pharmacy efforts.pdf
dz631pf9507,2007-03-23-pr-scaap amendment approval.pdf
dz631pf9507,2007-03-26-pr-us attorneys-call for Gonzales resignation.pdf
dz631pf9507,2007-03-27-pr-lennox school district-noise reduction.pdf
dz631pf9507,2007-03-27-pr-support shasta hidta assistance-national drug control policy letter.pdf
dz631pf9507,2007-03-27-pr-Women's History Month-statement.pdf
dz631pf9507,2007-03-28-pr-campaign finance hearing approves electronic campaign filing bill.pdf
dz631pf9507,2007-03-28-pr-drug endangered kids extension.pdf
dz631pf9507,2007-03-28-pr-secure rural schools-multi year approval.pdf
dz631pf9507,2007-03-29-pr-approps-supp-senate passage.pdf
dz631pf9507,2007-03-29-pr-cancer act introduction.pdf
dz631pf9507,2007-03-29-pr-rim of the valley addition.pdf
dz631pf9507,2007-03-29-pr-SpendingBill-Central Valley event.pdf
dz631pf9507,2007-03-30-pr-action to end genocide in darfur.pdf
dz631pf9507,2007-03-30-pr-clean fuels-reduce CO2 emissions-intro.pdf
dz631pf9507,2007-03-30-pr-endangered species day-resolution-intro.pdf
dz747wq5929,L4999.pdf
dz913gx6656,2014-03-03 ukraine statement.pdf
dz913gx6656,2014-03-04 budget press release.pdf
dz913gx6656,2014-03-05 corps work plan.pdf
dz913gx6656,2014-03-05 SSCI Nominees Press Release.pdf
dz913gx6656,2014-03-06 CFTC FERC Data Sharing Statement.pdf
dz913gx6656,2014-03-11 cia report floor statement release.pdf
dz913gx6656,2014-03-12 veterans voting asst bill.pdf
dz913gx6656,2014-03-13 pto funding bill v3.pdf
dz913gx6656,2014-03-25 call records reforms.pdf
dz913gx6656,2014-03-26 abu ghayth.pdf
dz913gx6656,2014-03-27 Contreras-Sweet SBA.pdf
dz913gx6656,2014-03-27 group water letter.pdf
dz913gx6656,2014-03-27 owens nomination remarks.pdf
dz913gx6656,2014-03-27 yee statement release.pdf
dz913gx6656,2014-03-31 gpci fix in sgr.pdf
dz987bw5700,2021-01-01 Driftnets veto statement v2.pdf
dz987bw5700,2021-01-01 Driftnets veto statement v6.pdf
dz987bw5700,2021-01-03 trump raffensperger phone call v2.pdf
dz987bw5700,2021-1-6 Capitol Breach.pdf
dz987bw5700,2021-1-6 Capitol Breach v3.pdf
dz987bw5700,2021-1-6 Capitol Breach v4.pdf
dz987bw5700,2021-1-6 Capitol Breach v4_clean.pdf
dz987bw5700,2021-01-07 CA hospitals letter release v1.pdf
dz987bw5700,2021-01-07 SEC letter release v3.pdf
dz987bw5700,2021-01-07 trump removal v2.pdf
dz987bw5700,2021-01-11 inaug letter.pdf
dz987bw5700,2021-01-13 DRECP statement v6.pdf
dz987bw5700,2021-01-13 Lloyd Austin Waiver.pdf
dz987bw5700,2021-1-13 Vaccine Distro Letter.pdf
dz987bw5700,2021-01-14 DOJ IG report statement v8.pdf
dz987bw5700,2021-1-19 As Delivered Mayorkas Nom Intro.pdf
dz987bw5700,2021-1-19 As Delivered Yellen Nom Intro.pdf
dz987bw5700,2021-1-19 Padilla Welcome.pdf
dz987bw5700,2021-01-20 Biden immigration plan statement v4.pdf
dz987bw5700,2021-01-20 Climate change executive orders statement v3.pdf
dz987bw5700,2021-01-20 Pardons statement v4 tom edits.pdf
dz987bw5700,2021-01-20 Pardons statement v4 tom edits_clean.pdf
dz987bw5700,2021-1-21 New START Extension.pdf
dz987bw5700,2021-1-21 New START Extension Alt.pdf
dz987bw5700,2021-01-22 Lloyd Austin Confirmation.pdf
dz987bw5700,2021-01-22 National Guard Thx.pdf
dz987bw5700,2021-01-25 Blinken Confirmation.pdf
dz987bw5700,2021-1-25 Repeal of Ban on Trans Troops.pdf
dz987bw5700,2021-01-25 unemployment benefits fraud letter.pdf
dz987bw5700,2021-01-25 Yellen confirmation statement v3.pdf
dz987bw5700,2021-01-xx FDB Helicopter Bill.pdf
dz987bw5700,2021-01-27 Mayorkas floor statement release v1.pdf
dz987bw5700,2021-01-27 trump censure.pdf
dz987bw5700,2021-01-27 West Coast Ocean Protection Act intro release v9.pdf
dz987bw5700,2021-01-28 Global gag rule EO statement v4.pdf
dz987bw5700,2021-01-28 Yellen letter release v4.pdf
dz987bw5700,2021-01-xx FDB Firefighter Overtime Pay.pdf
dz987bw5700,2021-1-xx West Los Angeles FDB.pdf
dz987bw5700,2021-01-xx FDB Affordable Housing Redevelopment Act.pdf
dz987bw5700,2021-01-xx FDB Homelessness Through Service.pdf
dz987bw5700,2021-01-xx FDB National Museum of the Surface Navy.pdf
dz987bw5700,2021-01-xx FDB Pandemic Comission.pdf
dz987bw5700,2021-01-xx FDB Doctor Shortages PSLF.pdf
fb142vj9208,2007-06-01-a-cnn-late edition.pdf
fb142vj9208,2007-06-04-a-jud-gang hearing.pdf
fb142vj9208,2007-06-05-a-pathfire-gang hearing.pdf
fb142vj9208,2007-06-05-a-radio-gang hearing.pdf
fb142vj9208,2007-06-11-a-FEC nominee hearing.pdf
fb142vj9208,2007-06-12-a-cafe news conferece-floor support.pdf
fb142vj9208,2007-06-12-a-cafe news conference.pdf
fb142vj9208,2007-06-12-a-cafe-floor statement.pdf
fb142vj9208,2007-06-13-a-pathfire-ten in ten news conference.pdf
fb142vj9208,2007-06-13-a-radio actualtiy-ten in ten news conference.pdf
fb142vj9208,2007-06-19-a-rules-election finance reform hearing.pdf
fb142vj9208,2007-06-20-a-news conference immigration.pdf
fb142vj9208,2007-06-21-a-cafe compromise.pdf
fb142vj9208,2007-06-21-a-pathfire-agjobs.pdf
fb142vj9208,2007-06-21-a-pathfire-cafe compromise.pdf
fb142vj9208,2007-06-21-a-radio actuality-cafe compromise.pdf
fb142vj9208,2007-06-21-a-radio-AgJOBS.pdf
fb142vj9208,2007-06-25-a-smithsonian rules hearing.pdf
fb142vj9208,2007-06-25-a-weekly planner.pdf
fb142vj9208,2007-06-28-a-pathfire-immigration reform.pdf
fb142vj9208,2007-06-28-a-radio-immigration reform.pdf
fb362pr9967,2008-08-15-a-sacramento wash report-lax chamber.pdf
fb460dw2672,2009-07-15-v-legal community against violence 16th anniversary dinner.pdf
fb760qm2641,L9990.pdf
fc184hr5700,L3499.pdf
fc390nq3174,2019-11-01 Approps minibus 1 statement v5.pdf
fc390nq3174,2019-11-1 Wildfires Bill.pdf
fc390nq3174,2019-11-04 Breeders Cup death v5.pdf
fc390nq3174,2019-11-5 Whistleblower.pdf
fc390nq3174,2019-11-6 Child Welfare.pdf
fc390nq3174,2019-11-06 Presidents judicial nominees press confernce v6.pdf
fc390nq3174,2019-11-7 Conscience Protection.pdf
fc390nq3174,2019-11-7 Menashi Mark Up.pdf
fc390nq3174,2019-11-08 VAWA plan to introduce statement v4.pdf
fc390nq3174,2019-11-08 VAWA plan to introduce statement v4_clean.pdf
fc390nq3174,2019-11-12 Grants.pdf
fc390nq3174,2019-11-13 atkinson firing rumors.pdf
fc390nq3174,2019-11-13 Menashi floor statement release v1.pdf
fc390nq3174,2019-11-13 VAWA introduction.pdf
fc390nq3174,2019-11-14 E-cig Senate Passage.pdf
fc390nq3174,2019-11-14 santa clarita shooting v2.pdf
fc390nq3174,2019-11-15 Wildfire Drones.pdf
fc390nq3174,2019-11-15 yovanovitch v2.pdf
fc390nq3174,2019-11-15 yovanovitch v3.pdf
fc390nq3174,2019-11-18 Horse Racing Integrity Act statement v4.pdf
fc390nq3174,2019-11-18 Longline letter release v5.pdf
fc390nq3174,2019-11-18 Military Pardons.pdf
fc390nq3174,2019-11-18 West Bank Settlements.pdf
fc390nq3174,2019-11-19 fracking reform.pdf
fc390nq3174,2019-11-19 Remain in Mexico hearing letter v3.pdf
fc390nq3174,2019-11-19 South Korea Troops.pdf
fc390nq3174,2019-11-20 ernst vawa.pdf
fc390nq3174,2019-11-20 Meeting with Kurdish FM.pdf
fc390nq3174,2019-11-20 VAWA support release v5.pdf
fc390nq3174,2019-11-21 Bumatay and VanDyk Mark up.pdf
fc619xg2180,2010-05-20-v-exploratorium annual awards dinner.pdf
fc741ky1944,L3970.pdf
fc959tn2827,L8459.pdf
fd302yg4106,L2750.pdf
fd601qx9161,v-asiasociety-051111.pdf
fd816cx5947,L5495.pdf
fd832bj3264,L1328.pdf
ff431zt8101,L1679.pdf
ff539zt4511,L4861.pdf
ff640ns7396,2018-03-17 FINAL Rotary International District 5150 District Assembly.pdf
ff640ns7396,2018-03-17 Rotary International District 5150 District Assembly.pdf
fg153sg7532,L9886.pdf
fg319bd6351,2005-08-01-pr-Recess Appointment of Bolton to UN.pdf
fg319bd6351,2005-08-02-pr-intel-pre iraq war intelligence investigation.pdf
fg319bd6351,2005-08-04-pr-DF recieves 100 percent from national hispanic leadership agenda.pdf
fg319bd6351,2005-08-04-pr-endangered species day resolution.pdf
fg319bd6351,2005-08-08-pr-BRAC Hearing-Monterey.pdf
fg319bd6351,2005-08-08-pr-Bush stem cell policy 4 year anniversary.pdf
fg319bd6351,2005-08-09-pr-C17 arrival at March AFB.pdf
fg319bd6351,2005-08-10-pr-coastal commission letter drilling off california coast.pdf
fg319bd6351,2005-08-11-pr-us-phillippine child abduction cases john smith letter.pdf
fg319bd6351,2005-08-12-pr-letter to interior sec re ca coast oil leases extension.pdf
fg319bd6351,2005-08-15-pr-deer creek army corps letter.pdf
fg319bd6351,2005-08-19-pr-energy CEO letter on gas prices.pdf
fg319bd6351,2005-08-23-pr-fuel economy letter.pdf
fg319bd6351,2005-08-23-pr-stem cell presser with schwarzenegger villaraigosa.pdf
fg319bd6351,2005-08-24-pr-BRAC Commission Votes.pdf
fg319bd6351,2005-08-25-pr-BRAC Commission Votes_V2.pdf
fg319bd6351,2005-08-25-pr-san diego va hospital visit.pdf
fg487jg3480,L7022.pdf
fg865mv4211,2019-12-03 Pitlyk floor remarks release v1.pdf
fg865mv4211,2019-12-3 Private Military Housing SASC Hearing.pdf
fg865mv4211,2019-12-04 Family seperation IG report v7.pdf
fg865mv4211,2019-12-4 SNAP Rule Tightening Work Reqs.pdf
fg865mv4211,2019-12-4 SNAP Rule Tightening Work Reqs v2.pdf
fg865mv4211,2019-12-4 SNAP Rule Tightening Work Reqs v3.pdf
fg865mv4211,2019-12-4 SNAP Rule Tightening Work Reqs v4.pdf
fg865mv4211,2019-12-5 China Lake Approps letter.pdf
fg865mv4211,2019-12-5 China Lake Approps letter v2.pdf
fg865mv4211,2019-12-6 New START Putin.pdf
fg865mv4211,2019-12-6 New START Putin v2.pdf
fg865mv4211,2019-12-09 doj ig report v4.pdf
fg865mv4211,2019-12-09 torture report anny.pdf
fg865mv4211,2019-12-10 As Delivered JUD Encryption.pdf
fg865mv4211,2019-12-10 Calif Clean Trucks.pdf
fg865mv4211,2019-12-10 immigrant boy v4.pdf
fg865mv4211,2019-12-10 NDAA Conference Report.pdf
fg865mv4211,2019-12-10 NDAA Conference Report v.2.pdf
fg865mv4211,2019-12-10 PFAS NDAA statement v4.pdf
fg865mv4211,2019-12-11 As Delivered JUD Horowitz IG.pdf
fg865mv4211,2019-12-11 Conecption Bill Intro.pdf
fg865mv4211,2019-12-11 Conecption Bill Intro v2.pdf
fg865mv4211,2019-12-11 VanDyke floor remarks release v1.pdf
fg865mv4211,2019-12-12 HUD Housing Voucher Letter.pdf
fg865mv4211,2019-12-12 max 8 stmt v2.pdf
fg865mv4211,2019-12-13 Rim of the Valley committee vote v5.pdf
fg865mv4211,2019-12-16 HUD VASH.pdf
fg865mv4211,2019-12-16 NDAA Final Passage.pdf
fg865mv4211,2019-12-16 Pill Mill Intro.pdf
fg865mv4211,2019-12-17 As Delivered Fentanyl.pdf
fg865mv4211,2019-12-17 Breast Cancer Stamp Reauthorization.pdf
fg865mv4211,2019-12-17 California wins in funding bills v6.pdf
fg865mv4211,2019-12-17 CDC Climate Births.pdf
fg865mv4211,2019-12-17 tijuana river money v2.pdf
fg865mv4211,2019-12-17 TRPA Proc.pdf
fg865mv4211,2019-12-18 Approps Wildfire.pdf
fg865mv4211,2019-12-18 Approps Wildfirev2.pdf
fg865mv4211,2019-12-18 China Lake.pdf
fg865mv4211,2019-12-18 China Lake v2.pdf
fg865mv4211,2019-12-18 China Lake v3.pdf
fg865mv4211,2019-12-18 house impeachment vote.pdf
fg865mv4211,2019-12-19 aca lawsuit.pdf
fg865mv4211,2019-12-19 Conception Final Passage.pdf
fg865mv4211,2019-12-19 EW full release v6.pdf
fg865mv4211,2019-12-19 Newsom Bernhardt water letter v1.pdf
fg865mv4211,2019-12-19 One Health resolution press release v7.pdf
fg865mv4211,2019-12-20 EW climate change release v6.pdf
fg865mv4211,2019-12-23 boeing ceo v2.pdf
fg865mv4211,2019-12-23 chumash designation release.pdf
fg865mv4211,2019-12-23 rite aid breast cancer stamp.pdf
fg865mv4211,2019-12-30 anti semitic attacks.pdf
fg865mv4211,2019-12-31 iraq embassy v3.pdf
fh255cd6824,L519.pdf
fh415zf9757,L5029.pdf
fh458qg0065,2010-07-17-v-calif wool growers assn 150th anniversary.pdf
fh652ht5674,2004-10-14-a-dpa-anniversary event.pdf
fh818nx2255,2021-05-18 On Lok 50th script v1.pdf
fh856zq4236,L414.pdf
fj136xm0991,L6022.pdf
fj988bf6860,2023-04-05 Water infrastructure funding statement v4.pdf
fj988bf6860,2023-04-08 Texas judge abortion ruling statement v4.pdf
fj988bf6860,2023-04-10 Louisville mass shooting statement v3.pdf
fj988bf6860,2023-04-11 West LA VA new housing statement v4.pdf
fj988bf6860,2023-04-12 Return statement v8.pdf
fj988bf6860,2023-04-24 F-15EX California Air National Guard v2.pdf
fj988bf6860,2023-04-29 Texas mass shooting statement v5.pdf
fk282wf3202,L10874.pdf
fk648bh9008,2015-04-02 - Iran framework deal statement.pdf
fk648bh9008,2015-04-02 - Iran framework deal statement v2.pdf
fk648bh9008,2015-04-02 - Statement on terror arrests.pdf
fk648bh9008,2015-04-07 gtmo letter.pdf
fk648bh9008,2015-04-08 cosmeticsv11.pdf
fk648bh9008,2015-04-13 equal pay day press release.pdf
fk648bh9008,2015-04-13 equal pay day press release v3.pdf
fk648bh9008,2015-04-15 - press release - PTC Safey Act introduction.pdf
fk648bh9008,2015-04-16 med marijuana research v3.pdf
fk648bh9008,2015-04-17 PTC safety act release.pdf
fk648bh9008,2015-04-17 PTC safety act release v2.pdf
fk648bh9008,2015-04-23 counter terror deaths.pdf
fk648bh9008,2015-04-23 terrorist guns endorsement v2.pdf
fk648bh9008,2015-04-27 Breast Cancer Stampv5.pdf
fk648bh9008,2015-4-28 SEC letter v2.pdf
fk648bh9008,2015-4-28 Sex Crimes Bill with Cornyn v2.pdf
fk648bh9008,2015-04-30 apa torture release.pdf
fk648bh9008,2015-04-30 budget release v2.pdf
fk648bh9008,2015-04-30 budget release v3.pdf
fk867zz4570,L749.pdf
fm062sv0286,2004-03-01-pr-Renew Assault Weapons Ban Statement.pdf
fm062sv0286,2004-03-02-pr-gun immunity bill voted down.pdf
fm062sv0286,2004-03-02-pr-Renew Assault Weapons Ban Approval.pdf
fm062sv0286,2004-03-03-pr-c-change cancer.pdf
fm062sv0286,2004-03-03-pr-Investigate Outsourcing Banks.pdf
fm062sv0286,2004-03-03-pr-Investigate Outsourcing Banks_V2.pdf
fm062sv0286,2004-03-04-pr-northern california coastal wilderness.pdf
fm062sv0286,2004-03-05-pr-la county fire department fema grant.pdf
fm062sv0286,2004-03-09-pr-california missions bill hearing.pdf
fm062sv0286,2004-03-09-pr-california missions bill hearing with statement.pdf
fm062sv0286,2004-03-09-pr-scaap-whitehouse-letter2.pdf
fm062sv0286,2004-03-10-pr-flag desecration amendment.pdf
fm062sv0286,2004-03-10-pr-hetch hetchy-rentpayment.pdf
fm062sv0286,2004-03-11-pr-family abduction.pdf
fm062sv0286,2004-03-11-pr-perchlorate health goal3.pdf
fm062sv0286,2004-03-12-pr-budget amendment opposition.pdf
fm062sv0286,2004-03-12-pr-Renew Assault Weapons Ban-Letter to Bush.pdf
fm062sv0286,2004-03-12-pr-Renew Assault Weapons Ban-Letter to Bush_clean.pdf
fm062sv0286,2004-03-22-pr-rice 9-11 testimony.pdf
fm062sv0286,2004-03-23-11-pr-federal marriage constitutional amendment hearing.pdf
fm062sv0286,2004-03-23-pr-nuclear weapon funding hearing.pdf
fm062sv0286,2004-03-24-pr-yosemite golden gate national refuge area schools.pdf
fm062sv0286,2004-03-25-pr-dni-bill-hearing-advance.pdf
fm062sv0286,2004-03-30-pr-military-construction-budget.pdf
fm418ky0690,L10585.pdf
fm515rm0689,L6239.pdf
fm840hv8686,L2540.pdf
fn094qx0158,L1108.pdf
fn102tz6105,L9218.pdf
fn128sq5519,L1213.pdf
fn691qq4325,2008-06-22-v-girls state annual summer session.pdf
fn942sd5892,L6578.pdf
fn943qd4577,L5430.pdf
fp374sz3196,fp374sz3196_0001.jp2
fp421sj8643,L10311.pdf
fp838jz0538,L883.pdf
fp899kv8802,2019-11-20 Salvation Army.pdf
fp971xc8332,L7990.pdf
fq186yd7219,L1070.pdf
fq190dq2605,2012-12-17 awb release.pdf
fq894mg4671,L8487.pdf
fq923rp2231,L5009.pdf
fr391ds6754,L10154.pdf
fr470qc3337,r-freeze.pdf
fr470qc3337,r-judges.pdf
fr671mp4426,L1114.pdf
fs205zb8772,L10190.pdf
fs313qh0317,L2505.pdf
fs801rs1053,2005-10-17-v-american cancer institutes public service award.pdf
fs843pz8603,L5298.pdf
ft506ky3092,2013-2-22 AWB Hearing Advisory.pdf
ft651sc3499,L5571.pdf
ft702fd1396,L5022.pdf
fv315wn5399,L6105.pdf
fv568wm3428,L11854.pdf
fv794mr8374,L834.pdf
fw046dj3476,2012-11-05 election media avail advisory.pdf
fw046dj3476,2012-11-5 Election Night Advisory2.pdf
fw046dj3476,2012-11-12 benghazi hearing advisory.pdf
fw046dj3476,2012-11-15 petraeus testimony.pdf
fw046dj3476,2012-11-15 petraeus.pdf
fw046dj3476,2012-11-16 meet the press.pdf
fw046dj3476,2012-11-30 face the nation.pdf
fw290pr3549,2017-09-12 Commonwealth Club new HQ v3.pdf
fw290pr3549,2017-09-12 Commonwealth Club new HQ v2.pdf
fw290pr3549,2017-09-12 Commonwealth Club new HQ.pdf
fw437rk6472,L962.pdf
fw504nt6450,2007-06-29-v-ernst and young entrepeneur of the year award.pdf
fw893hp5257,fw893hp5257_0001.jp2
fx149fm9150,2011-01-01 r - healthcare effects Jan 1 01 011.pdf
fx149fm9150,2011-01-03 r- knee surgery 01 03 11.pdf
fx149fm9150,2011-01-05 r-firstdaybills-010511 mc edits.pdf
fx149fm9150,2011-01-10 r - gun control 01 10 11.pdf
fx149fm9150,2011-01-10 r - gun controlDF statement 01 10 11.pdf
fx149fm9150,2011-01-25 r - BPA bill intro 01 25 11.pdf
fx149fm9150,2011-01-25 r - rate review 01 24 11 eec edits.pdf
fx149fm9150,2011-01-25 r - rate review 01 24 11 eec edits_clean.pdf
fx149fm9150,2011-01-25 r - rate review 01 24 11.pdf
fx149fm9150,2011-01-25-pr-First Day Bills Release.pdf
fx149fm9150,2011-01-25-pr-Gialani Sentencing Statement Release.pdf
fx149fm9150,2011-01025 sotu.pdf
fx149fm9150,2011-01-31 Border tunnel passage 01 31 12.pdf
fx149fm9150,2011-01-31 r - assault weapons jan 28 2011.pdf
fx149fm9150,2011-01-31-pr-Pipeline Safety Bill Release.pdf
fx275ss6722,L5124.pdf
fx694mc1903,L1447.pdf
fx901nb1467,L1305.pdf
fx959jd0906,L10890.pdf
fx989kr9065,L9549.pdf
fy142qh5892,L1115.pdf
fy237nv4215,2017-05-03 Para Los Ninos v2.pdf
fy237nv4215,2017-05-03 Para Los Ninos v1.pdf
fy370jc8802,L10051.pdf
fy432ff7544,2004-06-28-a-assault weapons ban-boxer.pdf
fy674mx8464,L5233.pdf
fy676fr1037,L4511.pdf
fz318zz4267,stamp.pdf
fz318zz4267,tues.pdf
fz534yh7967,L2531.pdf
fz626kz5122,2014-01-19 Meet the Press advisory.pdf
fz626kz5122,2014-01-21 worldwide threats advisory.pdf
gb007zg2223,MTBEINT_128.pdf
gb007zg2223,EMERGENC_225.pdf
gb007zg2223,HEADH20_M98.pdf
gb007zg2223,HEADHCP_713.pdf
gb007zg2223,SALTON_798.pdf
gb007zg2223,HWATERS_901.pdf
gb007zg2223,MTB2.pdf
gb007zg2223,CALFED.pdf
gb099fz5054,2007-12-01-v-feminist majority 20th anniversary.pdf
gb970rn7005,L9097.pdf
gc225ny0347,L10832.pdf
gc445nm3955,2005-09-06-pr-delta levees army corps of engineers.pdf
gc445nm3955,2005-09-08-pr-katrina democratic emergency relief plan.pdf
gc445nm3955,2005-09-09-pr-meth passes senate.pdf
gc445nm3955,2005-09-12-pr-john roberts chief justice nomination opening statement.pdf
gc445nm3955,2005-09-14-pr-gas price gouging.pdf
gc445nm3955,2005-09-14-pr-simon wiesenthal death statement.pdf
gc445nm3955,2005-09-15-pr-approps-cjs-scaap.pdf
gc445nm3955,2005-09-15-pr-meth as cjs amendment.pdf
gc445nm3955,2005-09-15-pr-meth as cjs amendment_clean.pdf
gc445nm3955,2005-09-15-pr-Speed up Construction of 405 Carpool Lane.pdf
gc445nm3955,2005-09-19-pr-west nile ca cdc funding letter.pdf
gc445nm3955,2005-09-20-pr-dairy senate loopholes.pdf
gc445nm3955,2005-09-20-r-dairy producers.pdf
gc445nm3955,2005-09-21-pr-prevailing wage reinstatement push.pdf
gc445nm3955,2005-09-22-pr-Approps-Ag-Approved.pdf
gc445nm3955,2005-09-22-pr-milcon spending bill.pdf
gc445nm3955,2005-09-22-pr-roberts supreme court vote.pdf
gc445nm3955,2005-09-23-pr-levee letter.pdf
gc445nm3955,2005-09-28-pr-Angel Island-Pass Cmte.pdf
gc445nm3955,2005-09-28-pr-national cancer institute 2015 letter.pdf
gc445nm3955,2005-09-28-pr-Senate Continues Breast Cancer Research Stamps.pdf
gc445nm3955,2005-09-28-pr-youth conservation corps passes committee.pdf
gc445nm3955,2005-09-29-pr-fema regional vacancies letter.pdf
gc445nm3955,2005-09-30-pr-approps-dod perchchlorate.pdf
gc445nm3955,2005-09-30-pr-GAO investigate SBA disaster relief letter.pdf
gc603jb6347,L10881.pdf
gf111qn0088,2006-12-01-pr-reauthorize ryan white CARE act-letter.pdf
gf111qn0088,2006-12-05-pr-online pharmacy-passes senate.pdf
gf111qn0088,2006-12-05-pr-UN small arms trade-secretary of state letter.pdf
gf111qn0088,2006-12-06-pr-df votes to confirm gates nomination.pdf
gf111qn0088,2006-12-06-pr-ISG report-lifeline of opportunity for bush-statement.pdf
gf111qn0088,2006-12-06-pr-ryan white CARE act-senate passage-statement.pdf
gf111qn0088,2006-12-07-pr-AgJobs-df calls for passage-floor statement.pdf
gf111qn0088,2006-12-07-pr-compete act-senate approval.pdf
gf111qn0088,2006-12-07-pr-df concerned over gitmo courthouse plans.pdf
gf111qn0088,2006-12-08-pr-ensuring restitution-ken lay-senate approval.pdf
gf111qn0088,2006-12-08-pr-family abduction-house passage.pdf
gf111qn0088,2006-12-08-pr-firefighters bill-joint intro.pdf
gf111qn0088,2006-12-08-pr-firefighters bill-senate approval.pdf
gf111qn0088,2006-12-08-pr-gitmo courthouse plans postponed.pdf
gf111qn0088,2006-12-08-pr-innocent spouses senate approval.pdf
gf111qn0088,2006-12-11-pr-compete act passes in house.pdf
gf111qn0088,2006-12-11-pr-innocent spouses congress approval.pdf
gf111qn0088,2006-12-12-pr-reintroduce id theft prevention measures.pdf
gf111qn0088,2006-12-14-pr-firefighters bill-president bush letter.pdf
gf111qn0088,2006-12-18-pr-FBI letter.pdf
gf111qn0088,2006-12-20-pr-9th circuit-ferc ruling-statement.pdf
gf111qn0088,2006-12-21-pr-president signs firefighters bill.pdf
gf111qn0088,2006-12-22-pr-make crime fighting top priority-fbi letter.pdf
gf111qn0088,2006-12-27-pr-df calls for oil royalties hearing.pdf
gf718cm5127,L6619.pdf
gf988rd2214,2013-04-12 agjobs agreement.pdf
gf988rd2214,2013-04-16 oconnell confirmation.pdf
gf988rd2214,2013-04-17 awb defeat.pdf
gf988rd2214,2013-04-17 Immigration Reform Statement.pdf
gf988rd2214,2013-04-23 yosemite bill drop.pdf
gf988rd2214,2013-4-25 Donilon GTMO letter.pdf
gf988rd2214,2013-04-25 egg bill drop.pdf
gf988rd2214,2013-04-25 syria chem weapons statement.pdf
gf988rd2214,2013-04-30 david hayes retirement.pdf
gg077sr7211,L12111.pdf
gg697ng4747,2008-09-12-a-rules committee vet vote.pdf
gg697ng4747,2008-09-18-a-first nail ceremony.pdf
gg697ng4747,2008-09-22-m-visa waiver hearing.pdf
gg697ng4747,2008-09-23-a-pathfire-metro link crash-avoidance systems.pdf
gg697ng4747,2008-09-23-a-radio actuality-metro link crash.pdf
gg697ng4747,2008-09-24-a-rules-election-assistance-commission.pdf
gg697ng4747,2008-09-25-a-press conf-internet-pharmacy.pdf
gg884qk6178,2011-07-05-pr-Warsame Indictment Press Release.pdf
gg884qk6178,2011-07-06 r-blue shield rate increase 01 06 11.pdf
gg884qk6178,2011-07-06 Rate review vote AB52 07 06 11.pdf
gg884qk6178,2011-07-06-pr-Westside Subway DF BB Press Release.pdf
gg884qk6178,2011-07-07 ethanol letter.pdf
gg884qk6178,2011-07-07 ethanol statement.pdf
gg884qk6178,2011-07-07 Immigration Fraud Prevention Act 06 07 11.pdf
gg884qk6178,2011-07-07-pr-DOMA Hearing Press Release.pdf
gg884qk6178,2011-07-11-pr-Veolia letter.pdf
gg884qk6178,2011-07-11-pr-Veolia Press Release.pdf
gg884qk6178,2011-07-13 Judge Yvonne Gonzalez Rogers JUD 07 13 11.pdf
gg884qk6178,2011-07-15 Judicial openings 07 15 11.pdf
gg884qk6178,2011-07-19 Breast Cancer Research Stamp Co-sponsor release 07 13 11.pdf
gg884qk6178,2011-07-20 DOMA jud hearing release 07 20 11.pdf
gg884qk6178,2011-07-20 DOMA jud hearing release 07 20 11 FINAL.pdf
gg884qk6178,2011-07-20 DOMA jud hearing PATHFIRE release 07 20 11.pdf
gg884qk6178,2011-07-25 cafe letter.pdf
gg884qk6178,2011-07-27 cafe announcement.pdf
gg884qk6178,2011-07-25 Chu letter on firefighters lab 07 25 11.pdf
gg884qk6178,2011-07-28 Data Breach Notification Act release 07 25 11.pdf
gg884qk6178,2011-07-28 Synthetic drugs passes Jud 07 27 11.pdf
gg884qk6178,2011-07-29 Firefighter planes 07 29 11.pdf
gg884qk6178,2011-07-29-pr-Intel Authorization 2012 Press Release.pdf
gg884qk6178,2011-7-29 Intel Authorization 2012 Press Release.pdf
gg884qk6178,2011-07-29 DOT bus transit memo.pdf
gg884qk6178,2011-07-29-pr-DOT bus transit announcement.pdf
gg884qk6178,2011-07-30-pr-Debt Ceiling Statement.pdf
gg908wy5014,2011-06-10-pr-Firearms Report Press Release.pdf
gg908wy5014,2011-06-13-pr-Homeless VA construction letter.pdf
gg908wy5014,2011-06-14-pr-Firearms legislation announce.pdf
gg908wy5014,2011-06-15-pr-Antibiotics PAMTA intro release.pdf
gg908wy5014,2011-06-16 ethanol release final.pdf
gg908wy5014,2011-06-22 afghan reax.pdf
gg908wy5014,2011-06-22-pr-Afghanistan Drawdown Stmt.pdf
gg908wy5014,2011-06-23 petraeus confirmation release.pdf
gg908wy5014,2011-06-28 ethanol compromise.pdf
gg908wy5014,2011-06-28 Flood Protection Act 06 21 11.pdf
gg908wy5014,2011-06-28-pr-SSCI Petraeus Committee Vote Release.pdf
gg908wy5014,2011-06-28-Veteran voting act 06 23 11.pdf
gg908wy5014,2011-06-29 IT GETS BETTER 06 29 11.pdf
gg908wy5014,2011-06-30 Firearms for Felons Act 06 29 11.pdf
gg908wy5014,2011-06-30-pr-Homeless VA release.pdf
gg952mw6803,L4736.pdf
gh102dc1517,2006-04-04-pr-dairy-farmers-caucus.pdf
gh102dc1517,2006-04-04-pr-global warming conference.pdf
gh102dc1517,2006-04-04-pr-Maximum Flexibility for Global HIVAIDS Prevention Funding.pdf
gh102dc1517,2006-04-06-pr-endangered-species-res-senate.pdf
gh102dc1517,2006-04-12-pr-small engine epa.pdf
gh102dc1517,2006-04-17-pr-sf old mint 68 cosponsors.pdf
gh102dc1517,2006-04-18-pr-Eureka-150th-Anniversary.pdf
gh102dc1517,2006-04-18-pr-prop 65 news conference.pdf
gh102dc1517,2006-04-18-pr-santa barbara coastal land conservation programs.pdf
gh102dc1517,2006-04-19-pr enron letter.pdf
gh102dc1517,2006-04-19-pr-earthquake-speech-fema.pdf
gh102dc1517,2006-04-19-pr-Fresno county 150th Anniversary.pdf
gh102dc1517,2006-04-19-pr-Jude Shao shanghai prison.pdf
gh102dc1517,2006-04-20-pr-road claims wilderness area letter.pdf
gh102dc1517,2006-04-25-pr-digital music-intro.pdf
gh102dc1517,2006-04-25-pr-energy-market-transparency.pdf
gh102dc1517,2006-04-26-pr-declassify-intelligence-leg-intro.pdf
gh102dc1517,2006-04-26-pr-digital-music-statement.pdf
gh102dc1517,2006-04-26-pr-fed-disaster-planning.pdf
gh473fm1362,2020-8-4 Sally Osaki.pdf
gh767mv5669,L6346.pdf
gj100zb3136,L1171.pdf
gj381mf2058,L4982.pdf
gj985qp1700,2008-07-01-pr-Impact of Speculation on Energy Futures Market.pdf
gj985qp1700,2008-07-07-pr-Ensure Veteran Access to Voter Registration.pdf
gj985qp1700,2008-07-09-pr-medicare competive bid-statement.pdf
gj985qp1700,2008-07-09-pr-statement on casa report.pdf
gj985qp1700,2008-07-10-pr-approps-cmteapprove-energywater-tahoe.pdf
gj985qp1700,2008-07-11-pr-approps-cmteapprove-energywater-tahoe.pdf
gj985qp1700,2008-07-11-pr-approps-cmteapprove-energywater.pdf
gj985qp1700,2008-07-11-pr-approps-cmteapprove-thud.pdf
gj985qp1700,2008-07-15-pr-American farm bureau federation.pdf
gj985qp1700,2008-07-16-pr-DF to Cosponsor Boxer Wilderness Legislation.pdf
gj985qp1700,2008-07-16-pr-management of capitol police-hearing.pdf
gj985qp1700,2008-07-16-pr-management operations of the capitol police.pdf
gj985qp1700,2008-07-17-pr-emergency plan for aids relief.pdf
gj985qp1700,2008-07-17-pr-phthalates-letter boxer feinstein.pdf
gj985qp1700,2008-07-17-pr-unaccompanied alien children amendment approval.pdf
gj985qp1700,2008-07-17-pr-unaccompanied alien children amendment approval_clean.pdf
gj985qp1700,2008-07-21-pr-brower palisades renaming.pdf
gj985qp1700,2008-07-22-pr-brower palisades-intro.pdf
gj985qp1700,2008-07-22-pr-va vote legislation.pdf
gj985qp1700,2008-07-23-pr-eia outlook-improve forcasts.pdf
gj985qp1700,2008-07-24-pr-mussel infestation.pdf
gj985qp1700,2008-07-24-pr-soboba water rights.pdf
gj985qp1700,2008-07-25-pr-Abandoned Mine Cleanup-IG report.pdf
gj985qp1700,2008-07-25-pr-energy speculation filibuster.pdf
gj985qp1700,2008-07-27-pr-rules-bevra-howard version.pdf
gj985qp1700,2008-07-28-pr-cpsc agreement phthalates.pdf
gj985qp1700,2008-07-28-pr-crib safety confrence report.pdf
gj985qp1700,2008-07-29-pr-breast cancer stamp anniversary.pdf
gj985qp1700,2008-07-29-pr-breast cancer stamp anniversary_V2.pdf
gj985qp1700,2008-07-30-pr-bevra-rules hearing.pdf
gj985qp1700,2008-07-31-pr-phthalates in childrens products final passage.pdf
gj985qp1700,2008-07-31-pr-unaccompanied alien children amendment.pdf
gj985qp1700,2008-07-31-pr-unaccompanied alien children amendment_clean.pdf
gj985qp1700,2008-07-31-pr-unaccompanied children.pdf
gk090zc6002,L1300.pdf
gk259qk2896,L947.pdf
gk359gw8093,L9868.pdf
gk602xb5569,L890.pdf
gm677kf1357,L11343.pdf
gm795yc4201,CLONING_202.pdf
gm795yc4201,CLONING_211.pdf
gm826my0283,L9001.pdf
gm924qp8705,2008-10-03-pr-Energy Efficiency and Energy Tax Insentives.pdf
gm924qp8705,2008-10-03-pr-Secure Rural Schools.pdf
gm924qp8705,2008-10-10-pr-internet pharmacy-bush signs.pdf
gm924qp8705,2008-10-14-pr-NRDC Quotes.pdf
gm924qp8705,2008-10-14-pr-Visa Waiver Program-New Countries.pdf
gm924qp8705,2008-10-14-pr-visa waiver-new countries.pdf
gm924qp8705,2008-10-14-pr-visa waiver-new countries_clean.pdf
gm924qp8705,2008-10-15-pr-Buy Breast Cancer Stamp.pdf
gm924qp8705,2008-10-15-pr-Denounce Torture-GD edits.pdf
gm924qp8705,2008-10-15-pr-Denounce Torture-FINAL.pdf
gm924qp8705,2008-10-16-pr-Bush Signs Internet Pharmacy.pdf
gm924qp8705,2008-10-17-pr-visawaivernewcountries-LATEST.pdf
gm924qp8705,2008-10-17-pr-Visa Waiver New Countries.pdf
gm924qp8705,2008-10-17-PR-CAJ Visa Waiver-Add Countries_FINAL.pdf
gm924qp8705,2008-10-17-PR-AIG.pdf
gm924qp8705,2008-10-17-pr-Visa Waiver Program-Add Countries.pdf
gm924qp8705,2008-10-20-PR-AIG Legislation_DRAFT1.pdf
gm924qp8705,2008-10-20-PR-AIG Legislation_DRAFT2.pdf
gm924qp8705,2008-10-20-PR-AIG Legislation_FINAL.pdf
gm924qp8705,2008-10-22-pr-rules-florida sectretary of state response-election day.pdf
gm924qp8705,2008-10-23-pr-rules-florida sectretary of state response-election day.pdf
gm924qp8705,2008-10-23-pr-Greenspan Letters.pdf
gm924qp8705,2008-10-29-pr-Response to FDA Report on BPA.pdf
gn254vs7678,L10578.pdf
gn387zg0673,2007-07-09-pr-oil and gas traders-enron loophole hearing.pdf
gn387zg0673,2007-07-12-pr-Allstate Letter.pdf
gn387zg0673,2007-07-12-pr-approps-transpo-committee pass-subway tunneling.pdf
gn387zg0673,2007-07-12-pr-tribute to lady bird johnson-statement.pdf
gn387zg0673,2007-07-13-pr-nelson ca tailpipe law.pdf
gn387zg0673,2007-07-16-pr-support closing guantanamo amendment-floor statement.pdf
gn387zg0673,2007-07-17-pr-ramos compean hearing-statement.pdf
gn387zg0673,2007-07-17-pr-reduce risk of wildfires-tahoe letter.pdf
gn387zg0673,2007-07-18-pr-concern over dhs grants for CA cities.pdf
gn387zg0673,2007-07-18-pr-concern over dhs grants for CA cities_clean.pdf
gn387zg0673,2007-07-19-pr-approps-agriculture.pdf
gn387zg0673,2007-07-20-pr-Anaheim Ducks Congrats.pdf
gn387zg0673,2007-07-24-pr-burma sanctions bill-senate passage.pdf
gn387zg0673,2007-07-24-pr-minimum wage increase-statement.pdf
gn387zg0673,2007-07-25-pr-rules hearing-ballot integrity act.pdf
gn387zg0673,2007-07-26-pr-DHS amendment-prosecution of sexual abusers-approval.pdf
gn387zg0673,2007-07-26-pr-US Attorneys-special counsel investigation.pdf
gn387zg0673,2007-07-26-pr-US Attorneys-special counsel investigation_clean.pdf
gn387zg0673,2007-07-27-pr-Amaranth Release.pdf
gn387zg0673,2007-07-27-pr-oil and gas traders-amaranth charges.pdf
gn387zg0673,2007-07-31-pr-electronic voting-call for rules committee hearing.pdf
gn387zg0673,2007-07-31-pr-panel approval-ca tail pipe emissions standards.pdf
gn470tg6708,2006-05-31-v-farallones marine sanctuary association 25th anniversary dinner.pdf
gp073vm0376,2007-06-01-pr-nie on national security impacts of climate change.pdf
gp073vm0376,2007-06-05-pr-gang hearing-support of DFs gang bill.pdf
gp073vm0376,2007-06-06-pr-hiv aids-global funding-eliminate 33 percent.pdf
gp073vm0376,2007-06-07-pr-middle east resolution-commitment to a two state solution.pdf
gp073vm0376,2007-06-08-pr-immigration reform bill-statement.pdf
gp073vm0376,2007-06-11-pr-support gonzales vote of no confidence.pdf
gp073vm0376,2007-06-12-pr-support cafe-floor statement-delivered.pdf
gp073vm0376,2007-06-13-pr-cafe news conference-joint release.pdf
gp073vm0376,2007-06-14-pr-gang bill-JUD approval.pdf
gp073vm0376,2007-06-19-pr-oil lease loophole-royalty relief.pdf
gp073vm0376,2007-06-20-pr-stem cell funding-second bush veto-statement.pdf
gp073vm0376,2007-06-21-pr-AgJOBS.pdf
gp073vm0376,2007-06-21-pr-AgJOBS_clean.pdf
gp073vm0376,2007-06-21-pr-cafe compromise approval.pdf
gp073vm0376,2007-06-21-pr-FY 2008 interior appropriations-full committee approval.pdf
gp073vm0376,2007-06-21-pr-interior appropriations-santa rosa island.pdf
gp073vm0376,2007-06-22-pr-approps-labor-h-committee.pdf
gp073vm0376,2007-06-22-pr-green house gas emissions registry.pdf
gp073vm0376,2007-06-22-pr-greening the capitol amendment-energy bill.pdf
gp073vm0376,2007-06-26-pr-smithsonian hearing-opening statement.pdf
gp073vm0376,2007-06-27-pr-immigration reform bill-statement.pdf
gp073vm0376,2007-06-28-pr-approps-cjs-committee.pdf
gp073vm0376,2007-06-28-pr-approps-energywater.pdf
gp073vm0376,2007-06-28-pr-approps-energywater_clean.pdf
gp073vm0376,2007-06-28-pr-immigration reform bill-statement.pdf
gp073vm0376,2007-06-29-pr-approps-state foreign ops-cluster bombs.pdf
gp073vm0376,2007-06-29-pr-Canada ART letter.pdf
gp252td5970,L3553.pdf
gp356kb1935,L10389.pdf
gp409kt2668,2006-01-13-pr-UN small arms letter.pdf
gp539yx9867,L9743.pdf
gp647jd2578,L10034.pdf
gp723dv8729,L6760.pdf
gq091fp2038,2012-02-02 Komen 02 02 12.pdf
gq091fp2038,2012-02-02 payroll tax cut release.pdf
gq091fp2038,2012-02-03 Komen reversal 02 03 12.pdf
gq091fp2038,2012-02-06 bulgaria hezbollah statement.pdf
gq091fp2038,2012-02-07 Afghan letter on poppy 02 07 12.pdf
gq091fp2038,2012-02-07 drone opinion statement.pdf
gq091fp2038,2012-02-07 Napa Indian casino 02 07 12.pdf
gq091fp2038,2012-2-7 Proposition 8 Press Release.pdf
gq091fp2038,2012-02-07 Proposition 8 Press Release FINAL.pdf
gq091fp2038,2012-02-07 Prop 8 Press Release FINAL.pdf
gq091fp2038,2012-02-07 super bowl photo.pdf
gq091fp2038,2012-02-09 E coli delay 02 09 12.pdf
gq091fp2038,2012-02-09 judge cathy ann bencivenogo CONF 02 09 12.pdf
gq091fp2038,2012-02-13 cyber bill drop.pdf
gq091fp2038,2012-02-13-WA state same sex 02 13 12.pdf
gq091fp2038,2012-02-16 Abdulmutallab Statement.pdf
gq091fp2038,2012-02-17 payroll conrerence statement release.pdf
gq091fp2038,2012-02-17-Women contraceptive 02 17 12.pdf
gq091fp2038,2012-02-23 DOMA decision 02 23 12.pdf
gq091fp2038,2012-02-29 house water bill passage.pdf
gq091fp2038,2012-02-29 Presidential Policy Directive Press Release.pdf
gq109rn2188,2013-07-10 doma letter to obama.pdf
gq109rn2188,2013-07-10 gtmo force feeding letter to president obama.pdf
gq109rn2188,2013-07-17 cluster munitions letter.pdf
gq109rn2188,2013-7-18 SV Patent Office Amendment FINAL.pdf
gq109rn2188,2013-7-19 Kerry Middle East Announcement Stmt.pdf
gq109rn2188,2013-07-25 FTC-CFTC amendment.pdf
gq109rn2188,2013-7-26 GITMO TRANSFER STMT.pdf
gq109rn2188,2013-7-30 israel palestinian resolution.pdf
gq109rn2188,2013-7-31 atf director confirm release.pdf
gq488bg0316,L1245.pdf
gq625yv9368,2012-07-09 drug caucus advisory.pdf
gq625yv9368,2012-07-19 approps nuclear stockpile.pdf
gq625yv9368,2012-07-20 fox news sunday.pdf
gq625yv9368,2012-07-24 cyber bill presser advisory.pdf
gq625yv9368,2012-07-24 gun control presser advisory.pdf
gq628tf8799,L10033.pdf
gq765th9337,gq765th9337_0001.jp2
gr524ps9245,L1756.pdf
gr995fx1034,L2395.pdf
gs144xw6933,2007-12-12-v-sf commission for women 30th anniversary.pdf
gs232cx8396,2017-04-07 Time For Change Humanitarian Award v5.pdf
gs232cx8396,2017-04-07 Time For Change Humanitarian Award v4.pdf
gs232cx8396,2017-04-07 Time For Change Humanitarian Award v3.pdf
gs232cx8396,2017-01-19 Time For Change Humanitarian Award v2.pdf
gs232cx8396,2017-04-07 Time For Change Humanitarian Award v2.pdf
gt198jg7104,L5209.pdf
gt254ct2986,L10422.pdf
gt393gz1904,L5014.pdf
gt630kd0309,L6634.pdf
gv285xd7752,2008-03-01-v-permanente 60th anniversary.pdf
gv414tw7339,2006-06-16-a-cnn-late edition.pdf
gv414tw7339,2006-06-20-a-cafe bill.pdf
gv414tw7339,2006-06-20-a-radio actuality-cafe.pdf
gv414tw7339,2006-06-20-a-satfeed-cafe.pdf
gv414tw7339,2006-06-21-a-cnn-larry king-9 female dem senators.pdf
gv414tw7339,2006-06-22-a-iraq vote discussion.pdf
gv414tw7339,2006-06-22-a-satfeed-iraq vote discussion.pdf
gv414tw7339,2006-06-23-a-dpc-iraq-prewar intel hearing.pdf
gv414tw7339,2006-06-30-a-abc-this week.pdf
gv714dc4204,L1051.pdf
gw025xr5863,2011-02-02 r - healthcare reform vote 02 02 11.pdf
gw025xr5863,2011-02-02-pr-Perchlorate Release.pdf
gw025xr5863,2011-02-04-pr-Energy Water Chairmanship Release.pdf
gw025xr5863,2011-02-11-pr-Egypt Freedom Statement Release.pdf
gw025xr5863,2011-02-14-pr-Calif Effects from CR Release.pdf
gw025xr5863,2011-02-14-pr-Energy Water CR Release.pdf
gw025xr5863,2011-02-16 r - DOT rail Florida funds 02 16 11.pdf
gw025xr5863,2011-02-16-pr-House CR Release.pdf
gw025xr5863,2011-02-17 Breast Cancer Research Stamp Reintro Release 02-17-11.pdf
gw025xr5863,2011-02-17 conservation scorecard.pdf
gw025xr5863,2011-02-17 Stephanie OSullivan Press Release.pdf
gw025xr5863,2011-02-17-pr-Stephanie OSullivan Press Release.pdf
gw025xr5863,2011-02-18-pr-Calif Chromium 6 Bill Release.pdf
gw299ky1254,L5267.pdf
gw446np0442,L694.pdf
gw495cj7444,2019-10-02 Net neutrality ruling v2.pdf
gw495cj7444,2019-10-02 Presidents rhetoric v2.pdf
gw495cj7444,2019-10-03 EPA IG letter release v1.pdf
gw495cj7444,2019-10-04 June Medical Statement arr.pdf
gw495cj7444,2019-10-04 June Medical Statement arr_clean.pdf
gw495cj7444,2019-10-04 June Medical Statement.pdf
gw495cj7444,2019-10-04 June Medical Statement v7.pdf
gw495cj7444,2019-10-08 Giuliani invitation v2.pdf
gw495cj7444,2019-10-9 Turkey and Kurds.pdf
gw495cj7444,2019-10-9 Turkey and Kurds v2.pdf
gw495cj7444,2019-10-9 Turkey and Kurds v3.pdf
gw495cj7444,2019-10-10 Benczkowski letter v4.pdf
gw495cj7444,2019-10-10 Power Shutoffs PSA.pdf
gw495cj7444,2019-10-10 syria statement.pdf
gw495cj7444,2019-10-10 syria statement v2.pdf
gw495cj7444,2019-10-10 syria statement v3.pdf
gw495cj7444,2019-10-11 EPA officials letter response v5.pdf
gw495cj7444,2019-10-11 fire statement.pdf
gw495cj7444,2019-10-13 Syria withdrawal v3.pdf
gw495cj7444,2019-10-15 pfas stmt v3.pdf
gw495cj7444,2019-10-16 kurd resolution.pdf
gw495cj7444,2019-10-16 Maria Isabel Bueso private bill v4.pdf
gw495cj7444,2019-10-16 Online E-cig Sales - House Committee Passage.pdf
gw495cj7444,2019-10-17 cummings death.pdf
gw495cj7444,2019-10-17 doral g7.pdf
gw495cj7444,2019-10-18 Breast Cancer Letters to Retailors.pdf
gw495cj7444,2019-10-18 Breast Cancer Letters to Retailers.pdf
gw495cj7444,2019-10-18 Census Proc.pdf
gw495cj7444,2019-10-19 Border Sewage.pdf
gw495cj7444,2019-10-21 Market Bets.pdf
gw495cj7444,2019-10-22 As Delivered Sanctuary Cities.pdf
gw495cj7444,2019-10-22 facebook takedowns.pdf
gw495cj7444,2019-10-22 National Womens Small Business Month Resolution.pdf
gw495cj7444,2019-10-23 Cap-and-trade lawsuit statement v3.pdf
gw495cj7444,2019-10-27 AG Barr recusal letter v5.pdf
gw495cj7444,2019-10-27 AG Barr recusal letter v5_clean.pdf
gw495cj7444,2019-10-27 al baghdadi death v2.pdf
gw495cj7444,2019-10-28 hagan death.pdf
gw495cj7444,2019-10-29 homeless bill.pdf
gw495cj7444,2019-10-29 jerry brown testimony v4.pdf
gw495cj7444,2019-10-30 House Ag Labor Bill v5.pdf
gw495cj7444,2019-10-30 National Domestic Violence Awareness Month resolution v3.pdf
gw495cj7444,2019-10-31 Approps wildfire statement v4.pdf
gw495cj7444,2019-10-31 As Delivered Pitlyk.pdf
gw495cj7444,2019-10-31 horseracing letter.pdf
gw495cj7444,2019-10-31 VAWA introduction.pdf
gw872vb8565,L5334.pdf
gx065bn3323,L1921.pdf
gx086fp6607,L1178.pdf
gx088cp8405,L5445.pdf
gx189ws3921,2008-10-31-a-Election Day-Los Angeles.pdf
gx449zs2582,L775.pdf
gx462xh9728,L617.pdf
gx482fb1325,L2757.pdf
gx719zh7137,2008-06-27-v-salvation army tenderloin facility dedication.pdf
gy369sw8827,L5343.pdf
gy661rp4599,2018-1-13 Culver City MLK v4.pdf
gy661rp4599,2018-1-13 Culver City MLK v3.pdf
gy661rp4599,2018-1-13 Culver City MLK v2.pdf
gy705vw4607,L1244.pdf
gz096mp7750,L9618.pdf
gz169rx5407,L4234.pdf
gz399qw8063,L5564.pdf
gz815qh3463,2009-03-04-pr-headwaters 10 year anniversary.pdf
gz815qh3463,2009-03-04-pr-omnibus 2009.pdf
gz815qh3463,2009-03-05-pr-combat meth passes jud committee.pdf
gz815qh3463,2009-03-06-pr-Baby Bottles Containing Bisphenol A.pdf
gz815qh3463,2009-03-09-pr-stem cell research restrictions lifted statement.pdf
gz815qh3463,2009-03-11-m-safe cosmetics release.pdf
gz815qh3463,2009-03-12-pr-immigration fraud prevention act notario LATEST.pdf
gz815qh3463,2009-03-12-pr-immigration system-LATEST.pdf
gz815qh3463,2009-03-13-pr-Banning Bisphenol A-Markey-DRAFT.pdf
gz815qh3463,2009-03-13-pr-bpa ban.pdf
gz815qh3463,2009-03-13-pr-passportfraudgao31309.pdf
gz815qh3463,2009-03-17-pr-JUD-cartel hearing remarks.pdf
gz815qh3463,2009-03-23-pr-Final DF Statement-inauguration review.pdf
gz815qh3463,2009-03-30-pr-san joaquin river restoration bill signed.pdf
gz889zm9598,L1384.pdf
gz918ck0107,L11196.pdf
hb151fw3608,2009-02-21-v-IBEW local6 charter anniversary gala.pdf
hb383fm4330,2020-11-2 Mare Island.pdf
hb458rt9345,L10600.pdf
hb977zd8053,L6577.pdf
hc011ct5585,2019-05-3 Dave Bryan FINAL.pdf
hc011ct5585,2019-05-3 Dave Bryan.pdf
hc382fd5625,L10371.pdf
hc629dh8892,2010-02-04-pr-ed chen passes jud committee.pdf
hc629dh8892,2010-02-08-pr-kettleman city statement.pdf
hc629dh8892,2010-02-09-pr-anthem rate hike.pdf
hc629dh8892,2010-02-11-pr-birotte confirmed by senate.pdf
hc629dh8892,2010-02-11-pr-water amendment.pdf
hc629dh8892,2010-02-13-pr-salmon fishermen aid.pdf
hc629dh8892,2010-02-17-pr-stimulus one-year anniversary-100217.pdf
hc629dh8892,2010-02-22-pr-brightsource doe loan guarantees-.pdf
hc629dh8892,2010-02-24-pr-goodwin liu nomination.pdf
hc629dh8892,2010-02-24-pr-jobs bill.pdf
hc629dh8892,2010-02-25-pr-df-reconciliation cb suggestions.pdf
hc629dh8892,2010-02-25-pr-df-reconciliation cb suggestions_clean.pdf
hc629dh8892,2010-02-25-pr-valley water allocation-.pdf
hc629dh8892,2010-02-26-pr-delta water-allocation announce.pdf
hc629dh8892,2010-02-26-pr-health care rate authority actintroduction.pdf
hc629dh8892,2010-02-26-pr-meth lab elimination act intro.pdf
hc629dh8892,2010-02-26-pr-OLC torture memos by yoo and bybee.pdf
hc629dh8892,2010-02-26-r-healthcare rate authority introduction.pdf
hc813sd1614,L1294.pdf
hc856pn8986,L7282.pdf
hd020vy1203,L10882.pdf
hd075tk7316,2011-09-21-v-Eloise Westbrook Remarks.pdf
hd168bh8188,L1488.pdf
hd169qg9046,L9987.pdf
hd437gm3649,L2110.pdf
hd691md5382,L9973.pdf
hf190bf8970,2018-07-9 - London Breed Innauguration.pdf
hf361nj6099,L12370.pdf
hf518kb4247,2008-06-16-v-boys and girls club-hunters point grand opening.pdf
hf563wm9828,L5075.pdf
hf954kr0145,AUTOSAL.pdf
hf954kr0145,customs.pdf
hf954kr0145,AUTO-N1.pdf
hg222tx2680,L10147.pdf
hg489bs5050,L923.pdf
hg704hw8730,2008-06-05-v-checklist for change.pdf
hg850pj3129,L7072.pdf
hh218wn9507,2020-6-3 Bart Silicon Valley.pdf
hh477dm5803,L6622.pdf
hh789yv8227,L5034.pdf
hh803fg5059,2013-12-13 SSCI Open Hearing CIA General Counsel.pdf
hh814rc0953,L992.pdf
hh848xx9157,L562.pdf
hh926dm1088,2012-03-12 energy approps advise.pdf
hh926dm1088,2012-03-19 nnsa approps.pdf
hh926dm1088,2012-03-26 corps approps.pdf
hj310tn6655,L6426.pdf
hj597dy3393,L7665.pdf
hj688sm5117,CALDERA_616.pdf
hj688sm5117,PRISMED_619.pdf
hj688sm5117,TERR-3_821.pdf
hj977vv2031,2021-3-1 Becerra Final Vote.pdf
hj977vv2031,2021-03-01 Mayorkas family reunification statement v5.pdf
hj977vv2031,2021-03-02 El Centro Mass Fatality Crash.pdf
hj977vv2031,2021-03-02 Wray hearing release v3.pdf
hj977vv2031,2021-03-03 Background checks bill statement v5.pdf
hj977vv2031,2021-03-03 Border Water Quality Restoration and Protection Act intro release v11.pdf
hj977vv2031,2021-03-03 hate crimes clean v2.pdf
hj977vv2031,2021-03-03 hate crimes v4.pdf
hj977vv2031,2021-03-04 Climate risk bill intro release v9.pdf
hj977vv2031,2021-03-05 covid relief bill passage.pdf
hj977vv2031,2021-03-05 covid relief bill passage v4.pdf
hj977vv2031,2021-03-07 voting rights EO.pdf
hj977vv2031,2021-03-08 female generals.pdf
hj977vv2031,2021-3-8 Homeless Children and Youth Act.pdf
hj977vv2031,2021-3-9 Congrats to Gens.pdf
hj977vv2031,2021-03-09 Garland statement v5.pdf
hj977vv2031,2021-03-09 House VAWA Feinstein Leahy joint statement v5.pdf
hj977vv2031,2021-03-09 Monaco and Gupta hearing release v3.pdf
hj977vv2031,2021-03-10 Meth Repsonse Act Reintro.pdf
hj977vv2031,2021-03-10 Meth Repsonse Act Reintro FINAL.pdf
hj977vv2031,2021-03-10 Regan EPA statement v2.pdf
hj977vv2031,2021-03-11 Assault Weapons Ban intro release v6.pdf
hj977vv2031,2021-03-11 Climate risk bill supporters release v5.pdf
hj977vv2031,2021-03-11 Haaland cloture release.pdf
hj977vv2031,2021-03-11 haaland confirmation.pdf
hj977vv2031,2021-03-12 DDT letters release v4.pdf
hj977vv2031,2021-03-15 anne halsted stmt.pdf
hj977vv2031,2021-03-16 Guzman nomination statement v4.pdf
hj977vv2031,2021-03-16 HITS Act intro release v4.pdf
hj977vv2031,2021-03-17 Becerra SFR.pdf
hj977vv2031,2021-03-17 Climate Risk Unit statement v5.pdf
hj977vv2031,2021-03-17 Georgia shooting statement v6.pdf
hj977vv2031,2021-03-18 Dream Act statement v5.pdf
hj977vv2031,2021-03-18 womens history month resolution release.pdf
hj977vv2031,2021-03-19 CPUC letter.pdf
hj977vv2031,2021-03-19 Farm Workforce Modernization Act statement v4.pdf
hj977vv2031,2021-03-19 filibuster statement.pdf
hj977vv2031,2021-03-22 uss iowa INTRO.pdf
hj977vv2031,2021-03-23 Colorado shooting statement v4.pdf
hj977vv2031,2021-03-24 uss iowa INTRO.pdf
hj977vv2031,2021-03-24 womens history month passage.pdf
hj977vv2031,2021-03-25 Scott amendment release v4.pdf
hj977vv2031,2021-03-29 vilsack haaland letter.pdf
hk278cx3120,L9989.pdf
hk595dq4365,L5442.pdf
hk617kr6361,L12141.pdf
hk693sc2147,2006-07-05-pr-nk-missile-testing-statement.pdf
hk693sc2147,2006-07-06-pr-fishery disaster declaration-statement.pdf
hk693sc2147,2006-07-10-pr-5.6 mil for humboldt-levees.pdf
hk693sc2147,2006-07-10-pr-FEMA money for humboldt levees.pdf
hk693sc2147,2006-07-11-pr-df urges disaster relief for fishing communities.pdf
hk693sc2147,2006-07-11-pr-HIV prevention flexibility bill.pdf
hk693sc2147,2006-07-11-pr-Measure Criminalizing Border Tunnels.pdf
hk693sc2147,2006-07-12-pr-df moves to increase water recycling.pdf
hk693sc2147,2006-07-12-pr-df urges more haynes hearings.pdf
hk693sc2147,2006-07-12-pr-provide flexible hiv aids prevention program.pdf
hk693sc2147,2006-07-12-pr-stem cell vote scheduled-statement.pdf
hk693sc2147,2006-07-12-pr-water recycling-increasing ca water supply.pdf
hk693sc2147,2006-07-13-pr-10 mil relief for fisheries.pdf
hk693sc2147,2006-07-13-pr-senate approves ciminalizing tunnel passage.pdf
hk693sc2147,2006-07-13-pr-violence in the middle east-statement.pdf
hk693sc2147,2006-07-17-pr-df urges passage of stem cell enhancement act-floorstatement.pdf
hk693sc2147,2006-07-18-pr-england hamdan decision-letter.pdf
hk693sc2147,2006-07-18-pr-commends england for Hamdan notification-letter.pdf
hk693sc2147,2006-07-18-pr-stem cell act-passage.pdf
hk693sc2147,2006-07-19-pr-df urges senate to honor coach wooden.pdf
hk693sc2147,2006-07-19-pr-hetch hetchy report-statement.pdf
hk693sc2147,2006-07-19-pr-stemcell-veto-statement.pdf
hk693sc2147,2006-07-19-pr-urges renaming of post office for coach wooden.pdf
hk693sc2147,2006-07-20-pr-approps-milconsub.pdf
hk693sc2147,2006-07-20-pr-approps-veterans and military construction.pdf
hk693sc2147,2006-07-20-pr-df urges passage of VRA-floorstatement.pdf
hk693sc2147,2006-07-20-pr-farm workers seatbelt bill.pdf
hk693sc2147,2006-07-20-pr-urges passage of voting rights act.pdf
hk693sc2147,2006-07-21-pr-approps-defense-cmte.pdf
hk693sc2147,2006-07-21-pr-approps-laborh-cmte.pdf
hk693sc2147,2006-07-21-pr-approps-transpo-committee pass_DRAFT.pdf
hk693sc2147,2006-07-21-pr-onstar-to reduce gas consumption.pdf
hk693sc2147,2006-07-21-pr-onstar-gas reduction.pdf
hk693sc2147,2006-07-24-pr-westwood va campus.pdf
hk693sc2147,2006-07-25-pr-child custody act.pdf
hk693sc2147,2006-07-25-pr-grandparents and clergy-ccpa.pdf
hk693sc2147,2006-07-26-pr-burma-floor-statement_FINAL.pdf
hk693sc2147,2006-07-26-pr-df votes against offshore drilling bill.pdf
hk693sc2147,2006-07-26-pr-renew burmese trade sanctions-floorstatement.pdf
hk693sc2147,2006-07-27-pr-df opposes food act-statement.pdf
hk693sc2147,2006-07-27-pr-df supports water recycling-committee.pdf
hk693sc2147,2006-07-27-pr-food act-roll back ca prop 65-statement.pdf
hk693sc2147,2006-07-27-pr-preserve mt soledad veterans monument.pdf
hk693sc2147,2006-07-27-pr-water recycling-committee.pdf
hk693sc2147,2006-07-28-pr-sba disaster relief-gao report.pdf
hk693sc2147,2006-07-31-pr-ca coastal tsunami protection-letter.pdf
hk693sc2147,2006-07-31-pr-df applauds road fund reimbursment.pdf
hk693sc2147,2006-07-31-pr-df opposes minimum wage cut.pdf
hk693sc2147,2006-07-31-pr-OCS-opposition-statement.pdf
hk693sc2147,2006-07-31-pr-opposes gulf of mexico security act-statement.pdf
hk693sc2147,2006-07-31-pr-urges coastal protection from tsunamis-letter.pdf
hk815vv8259,2012-12-06 set top box agreement.pdf
hk815vv8259,2012-12-07 gay marriage decision.pdf
hk815vv8259,2012-12-11 bernal confirmation.pdf
hk815vv8259,2012-12-13 detention report release.pdf
hk815vv8259,2012-12-14 conn school shooting.pdf
hk815vv8259,2012-12-17 awb release.pdf
hk815vv8259,2012-12-17 olguin confirmation.pdf
hk815vv8259,2012-12-19 benghazi review.pdf
hk815vv8259,2012-12-19 zero dark thirty release.pdf
hk815vv8259,2012-12-28 fisa passage.pdf
hm182xb0297,L10567.pdf
hm406vc3468,L6056.pdf
hm815yq4986,2009-12-04-v-holiday troop greetings.pdf
hn482sq6961,2017-05-05 Fresno County Farm Bureau v3.pdf
hn482sq6961,2017-05-05 Fresno County Farm Bureau v2.pdf
hn482sq6961,2017-05-05 Fresno County Farm Bureau v1.pdf
hn482sq6961,2017-05-05 Fresno County Farm Bureau.pdf
hn565xz4498,L12385.pdf
hn634td8130,L1229.pdf
hn716pz9763,L1005.pdf
hn812qt1557,L601.pdf
hn913sk3932,2010-04-13-pr-Intertie Funds.pdf
hn913sk3932,2010-04-13-pr-meth-senate caucus hearing.pdf
hn913sk3932,2010-04-14-pr-buffalo soldiers national parks act intro.pdf
hn913sk3932,2010-04-14-pr-buffalo soldiers national parks act intro_clean.pdf
hn913sk3932,2010-04-14-pr-cellphone contraband passes senate.pdf
hn913sk3932,2010-04-14-pr-df-kappes resigns_dg.pdf
hn913sk3932,2010-04-16-pr-goodwin liu release.pdf
hn913sk3932,2010-04-16-pr-liu hearing release remarks.pdf
hn913sk3932,2010-04-19-pr-statement df voting rights bill.pdf
hn913sk3932,2010-04-20-pr-df release remarks HELP-committee.pdf
hn913sk3932,2010-04-22-pr-df blasts wellpoint greed.pdf
hn913sk3932,2010-04-22-pr-df blasts wellpoint greed_clean.pdf
hn913sk3932,2010-04-22-pr-wellpoint greed.pdf
hn913sk3932,2010-04-26-pr-lung cancer report.pdf
hn913sk3932,2010-04-26-pr-rate hikes postponed-health insurance.pdf
hn913sk3932,2010-04-28-pr-feinstein calls on wellpoint.pdf
hn913sk3932,2010-04-29-pr-letter to braly-no rate increases.pdf
hn913sk3932,2010-04-29-pr-wellpoint letter-harkin hearing-anthem.pdf
hn948fq8485,L9709.pdf
hp056xf6871,2008-05-16-v-rosalind russell tribute.pdf
hp135hc9757,2020-7-25 LA Dems.pdf
hp135hc9757,2020-6-25 LA Dems.pdf
hp933rk1270,L4821.pdf
hq391mc3126,L10396.pdf
hq709fj0371,2014-03-05 students rising above video script.pdf
hq883kw0848,L1753.pdf
hr021hz6758,L5252.pdf
hr185mr1532,L2607.pdf
hs680cx8611,L2132.pdf
hs760ry4079,L10506.pdf
hs855hf1551,2005-10-07-a-laguna-beach-landslide.pdf
hs855hf1551,2005-10-07-a-newport-beach restoration.pdf
hs855hf1551,2005-10-14-a-harriet miers.pdf
hs855hf1551,2005-10-24-a-weekly planner-october 24.pdf
hs979fv0287,L1587.pdf
ht030fz8766,2020-03 10 DF release on more testing.pdf
ht030fz8766,2020-03-02 DF release on misinformation.pdf
ht030fz8766,2020-03-04 DF release on CV1.pdf
ht030fz8766,2020-03-04 group letter on census to census.pdf
ht030fz8766,2020-03-05 DF release on CV1.pdf
ht030fz8766,2020-03-06 DF release on free testing.pdf
ht030fz8766,2020-03-07 DF release on sf safety tips.pdf
ht030fz8766,2020-03-10 DF release on at risk workers.pdf
ht030fz8766,2020-03-11 group letter on disaster funds to trump.pdf
ht030fz8766,2020-03-11 group letter on economy to trump.pdf
ht030fz8766,2020-03-11 group letter on schools letter to DOEd.pdf
ht030fz8766,2020-03-11 group letter on taxes to IRS.pdf
ht030fz8766,2020-03-11 group letter on workers to DOL.pdf
ht030fz8766,2020-03-12 DF letter on testing to Pence.pdf
ht030fz8766,2020-03-13 group letter on obamacare to HHS.pdf
ht030fz8766,2020-03-16 DF release on social distancing.pdf
ht030fz8766,2020-03-17 DF release on homeless.pdf
ht030fz8766,2020-03-17 group letter on evictions to sheriffs.pdf
ht030fz8766,2020-03-18 DF release on cv2.pdf
ht030fz8766,2020-03-18 group letter on immigration to dhs.pdf
ht030fz8766,2020-03-19  DF release on halting spread.pdf
ht030fz8766,2020-03-20 DF letter on domestic violence.pdf
ht030fz8766,2020-03-20 DF letter on mercy hospital ship.pdf
ht030fz8766,2020-03-20 DF statement on CA health leaders call.pdf
ht030fz8766,2020-03-20 group letter on clean energy.pdf
ht030fz8766,2020-03-22 group letter on testing and equipment.pdf
ht030fz8766,2020-03-23 DF letter on H-2A visas.pdf
ht030fz8766,2020-03-23 DF statement on CV3 priorities.pdf
ht030fz8766,2020-03-23 DF statement on federal resources.pdf
ht030fz8766,2020-03-24 DF statement on CV health guidelines.pdf
ht030fz8766,2020-03-25 DF statement on passage of CV3.pdf
ht030fz8766,2020-03-26 DF letter on immigration hearings.pdf
ht030fz8766,2020-03-26 DF letter on tariff delay during CV.pdf
ht030fz8766,2020-03-26 DF statement on unemployment benefits in CV3.pdf
ht030fz8766,2020-03-27 DF release on CV3 Q and A.pdf
ht030fz8766,2020-03-27 DF statement on paid sick leave guidance.pdf
ht030fz8766,2020-03-27 group letter on price gouging.pdf
ht030fz8766,2020-03-30 DF statement on direct payments.pdf
ht030fz8766,2020-03-30 group letter on unaccompanied children.pdf
ht030fz8766,2020-03-31 DF letter on laguna honda hospital.pdf
ht030fz8766,2020-03-31 DF statement on gig workers unemployment.pdf
ht108bj4436,L10757.pdf
ht359gx1985,2008-06-03-a-pathfire-climate change.pdf
ht359gx1985,2008-06-03-a-radio feed-climate change.pdf
ht359gx1985,2008-06-06-a-ABC this week.pdf
ht359gx1985,2008-06-06-a-late edition appearance.pdf
ht359gx1985,2008-06-06-a-sunday shows-this week and wolf blitzer.pdf
ht359gx1985,2008-06-16-a-rules-green capitol.pdf
ht359gx1985,2008-06-26-a-pathfire-hand gun ruling-statement.pdf
ht359gx1985,2008-06-26-a-radio actuality-hand gun ruling-statement.pdf
ht455zt1471,L10160.pdf
ht508kj8722,L5585.pdf
ht648vy6541,2017-03-02 sessions and the russians v3.pdf
ht648vy6541,2017-03-07 CAFE standards statement.pdf
ht648vy6541,2017-03-07 Clean Power Plan statement.pdf
ht648vy6541,2017-03-08 gorsuch documents.pdf
ht648vy6541,2017-03-08 more gorsuch documents.pdf
ht648vy6541,2017-03-08 more chinese copyrights.pdf
ht648vy6541,2017-03-14 call for more on gorsuch.pdf
ht648vy6541,2017-03-15 Antibiotics introductions release.pdf
ht648vy6541,2017-03-15 CAFE standards statement.pdf
ht648vy6541,2017-03-15 West LA VA.pdf
ht648vy6541,2017-03-15 yahoo hack.pdf
ht648vy6541,2017-03-16 Antibiotics letter.pdf
ht648vy6541,2017-03-16 Energy and Water budget statement.pdf
ht648vy6541,2017-03-16 Presidents budget statement - California.pdf
ht648vy6541,2017-03-16 Presidents budget statement.pdf
ht648vy6541,2017-03-16 Tax Reform letter.pdf
ht648vy6541,2017-03-17 Limited Use Nuclear Weapons Letter release.pdf
ht648vy6541,2017-03-20 house russia hearing.pdf
ht648vy6541,2017-03-23 David Friedman confirmation vote statement.pdf
ht648vy6541,2017-03-24 Keystone XL statement.pdf
ht648vy6541,2017-03-24 Silicon Valley Caltrain letter.pdf
ht648vy6541,2017-03-28 nunes recusal.pdf
ht648vy6541,2017-03-28 Sacramento-San Joaquin Delta intro.pdf
ht648vy6541,2017-03-28 Trump Climate Change order.pdf
ht648vy6541,2017-03-30 DOL retirement savings rule.pdf
ht648vy6541,2017-03-30 Settlement expansion statement.pdf
ht700pb4709,L1109.pdf
ht860pw6685,2014-5-6 Drug Caucus Heroin Hearing Media Advisory.pdf
hv266dg4424,2005-12-16-v-aarp medicare part d information faire.pdf
hv276hz6694,L12912.pdf
hv581dr5694,L6576.pdf
hv883fz9859,L5353.pdf
hv976tw6780,2008-02-01-v-california water supply crisis forum.pdf
hv976tw6780,2008-02-01-v-ca water supply crisis forum.pdf
hw199yy4544,L5605.pdf
hw203pv9394,L5596.pdf
hw207gh7782,L1126.pdf
hw231dm8219,L5316.pdf
hw342hb1312,2006-01-25-v-arms control association membership luncheon.pdf
hw572ts5502,L885.pdf
hw974mf0031,L1151.pdf
hx053jc7761,2010-03-05-v-hayes-white american ireland fund.pdf
hx178zd2079,L10056.pdf
hx329ft2503,2005-12-01-pr-world aids day.pdf
hx329ft2503,2005-12-02-pr-world conference on religion and peace istanbul.pdf
hx329ft2503,2005-12-05-pr-silicon implants whistleblower letter.pdf
hx329ft2503,2005-12-06-pr-yosemite golden gate redwoods house passage.pdf
hx329ft2503,2005-12-08-pr-death penalty appeal attorneys letter to schwarzenegger.pdf
hx329ft2503,2005-12-08-pr-letter to trade rep portman on US immigration policy.pdf
hx329ft2503,2005-12-08-pr-Seeking Clear Policy on Torture.pdf
hx329ft2503,2005-12-09-pr-meth included in patriot act - DF-only release.pdf
hx329ft2503,2005-12-09-pr-meth included in patriot act.pdf
hx329ft2503,2005-12-09-pr-ninth circuit breakup letter.pdf
hx329ft2503,2005-12-09-pr-port security included in PATRIOT act.pdf
hx329ft2503,2005-12-09-pr-Seeking Clear Policy on Torture.pdf
hx329ft2503,2005-12-13-pr-pombo mining provision withdrawal.pdf
hx329ft2503,2005-12-13-pr-santa rosa DoD transfer concerns.pdf
hx329ft2503,2005-12-14-pr-41 senator letter on iraq elections.pdf
hx329ft2503,2005-12-14-pr-small disadvantaged businesses federal contracts letter to GSA admin bibb.pdf
hx329ft2503,2005-12-15-pr-CRS report iraq prewar intelligence.pdf
hx329ft2503,2005-12-15-pr-labor hhs conference report opposition announce- cuts health and ed funding.pdf
hx329ft2503,2005-12-15-pr-PATRIOT act reauth NO VOTE.pdf
hx329ft2503,2005-12-16-pr-santa ana water recycling funding.pdf
hx329ft2503,2005-12-16-pr-santa rosa island DoD transfer drop.pdf
hx329ft2503,2005-12-19-pr-9th Circuit Split Provision Withdrawl.pdf
hx329ft2503,2005-12-19-pr-rose bowl USC U-T bet with KBH.pdf
hx329ft2503,2005-12-19-pr-youth conservation corps bill goes to POTUS for sign.pdf
hx329ft2503,2005-12-20-pr-dairy senate.pdf
hx329ft2503,2005-12-21-pr-SCAAP DF bill approved by senate.pdf
hx329ft2503,2005-12-21-pr-uc los alamos bechtel partnership.pdf
hx329ft2503,2005-12-30-pr-rebuild california levees.pdf
hx348rr1235,2016-11-08 Janet Reno.pdf
hx348rr1235,2016-11-09 election statement.pdf
hx348rr1235,2016-11-15 bannon statement.pdf
hx348rr1235,2016-11-16 judiciary.pdf
hx348rr1235,2016-11-16 Statement on West Bank settlement legislation.pdf
hx348rr1235,2016-11-17 CA National Guard intro.pdf
hx348rr1235,2016-11-17 clapper statement.pdf
hx348rr1235,2016-11-18 sessions stateemnt.pdf
hx348rr1235,2016-11-18 Susiya statement.pdf
hx348rr1235,2016-11-23 Tree mortality.pdf
hx348rr1235,2016-11-30 CA National Guard NDAA.pdf
hx348rr1235,2016-11-30 Tree mortality letters.pdf
hx348rr1235,2016-30-11 EPA CAFE standards.pdf
hx462wz5202,L4457.pdf
hx532vm1214,L4901.pdf
hx681zc3358,2020-11-2 NOAA Letter.pdf
hx681zc3358,2020-11-05 vote count stmt v4.pdf
hx681zc3358,2020-11-07 biden wins.pdf
hx681zc3358,2020-11-10 ACA Texas v California Oral Args.pdf
hx681zc3358,2020-11-10 COVID part XII.pdf
hx681zc3358,2020-11-10 saeb erekat death.pdf
hx681zc3358,2020-11-12 dodgers.pdf
hx681zc3358,2020-11-12 lakers.pdf
hx681zc3358,2020-11-12 Lame duck judges letter release v1.pdf
hx681zc3358,2020-11-12 stepping down.pdf
hx681zc3358,2020-11-12 VAWA one year statement v5.pdf
hx681zc3358,2020-11-16 ANWR drilling leases statement v5.pdf
hx681zc3358,2020-11-16 COVID part XIII.pdf
hx681zc3358,2020-11-16 COVID Transition.pdf
hx681zc3358,2020-11-16 COVID Transition v2.pdf
hx681zc3358,2020-11-17 Iran Afg Transition.pdf
hx681zc3358,2020-11-17 Iran Afg Transition FINAL.pdf
hx681zc3358,2020-11-17 Meth Response Senate Passage.pdf
hx681zc3358,2020-11-17 Smithsonian American Womens History Museum Act committee remarks v3.pdf
hx681zc3358,2020-11-19 Direct payment deadline release v4.pdf
hx681zc3358,2020-11-23 biden nominees v2_RGB.pdf
hx681zc3358,2020-11-23 biden nominees v2_RGB_clean.pdf
hx681zc3358,2020-11-23 biden nominees v3.pdf
hx699vp3644,L10912.pdf
hx706bk3320,2009-02-01-pr-dashle statement.pdf
hx706bk3320,2009-02-02-pr-fs release eric holder.pdf
hx706bk3320,2009-02-03-pr-social security fairness intro.pdf
hx706bk3320,2009-02-05-pr-bush administration DoD burrowing.pdf
hx706bk3320,2009-02-05-pr-statement court ruling phthatlates.pdf
hx706bk3320,2009-02-06-pr-Establish Greenhouse Gas Emissions Registry.pdf
hx706bk3320,2009-02-09-pr-civil rights history.pdf
hx706bk3320,2009-02-10-pr-immig fraud prevention act.pdf
hx706bk3320,2009-02-10-pr-phthalate ban takes effect.pdf
hx706bk3320,2009-02-12-pr-guns in parks.pdf
hx706bk3320,2009-02-21-pr-lawrence larry king resolution.pdf
hx706bk3320,2009-02-26-pr-assault weapons-gun ownership.pdf
hx706bk3320,2009-02-26-pr-statement df remarks gun voting rights.pdf
hx706bk3320,2009-02-27-pr-CA water drought.pdf
hy259cm5986,2007-03-08-v-accenture intl womens day event.pdf
hy392zh8945,2008-08-01-pr-jjdpa amendment.pdf
hy392zh8945,2008-08-08-pr-ethanol tariff-letter.pdf
hy392zh8945,2008-08-11-pr-Urge CA to Pass Bill Banning Bisohenol A-Letter.pdf
hy392zh8945,2008-08-15-pr-emergency declaration fire.pdf
hy392zh8945,2008-08-23-pr-Joe Biden Announcement.pdf
hy392zh8945,2008-08-27-s-reagan award-sharansky.pdf
hy392zh8945,2008-08-30-pr-Prevention of Home Foreclosures.pdf
hy392zh8945,2008-08-30-pr-Prevention of Home Foreclosures_clean.pdf
hy550bn0384,ENCRYPMT_J98.pdf
hy790xx7462,L11707.pdf
hz066xx7515,L1143.pdf
jb254sf1830,2004-03-10-a-family abduction.pdf
jb334kc6571,2016-07-01 drone strike casualties.pdf
jb334kc6571,2016-07-01 Drone strike casualties - final.pdf
jb334kc6571,2016-07-05 comey email announcement.pdf
jb334kc6571,2016-07-06 GMO labeling statement.pdf
jb334kc6571,2016-07-14 Wildlife Trafficking Enforcement Act amendment.pdf
jb334kc6571,2016-07-15 Statement on Attack in Nice.pdf
jb334kc6571,2016-07-20 Nuclear weapons policy letter.pdf
jb334kc6571,2016-07-22 munich shooting v2.pdf
jb334kc6571,2016-07-25 USDA Horse soaring rule rev.pdf
jb448gt2368,2021-04-01 orange shooting.pdf
jb448gt2368,2021-04-02 uscp officer killed.pdf
jb448gt2368,2021-04-05 san berdo BRT grant.pdf
jb448gt2368,2021-04-06 the final frontier v2.pdf
jb448gt2368,2021-04-08 biden gun actions.pdf
jb448gt2368,2021-04-08 homeless funds v4.pdf
jb448gt2368,2021-04-09 Biden budget outline statement v4.pdf
jb448gt2368,2021-04-13 wendy sherman stmt.pdf
jb448gt2368,2021-04-14 intel hearing release v2.pdf
jb448gt2368,2021-04-14 yellen housing outreach letter.pdf
jb448gt2368,2021-04-15 Canal Conveyance Capacity Restoration Act intro release v11.pdf
jb448gt2368,2021-04-15 cfpb letter sent.pdf
jb448gt2368,2021-04-15 Judicial nominees for Bloomberg v3.pdf
jb448gt2368,2021-04-15 russia sanctions v2.pdf
jb448gt2368,2021-04-15 west la va senate passage v6.pdf
jb448gt2368,2021-04-16 Indianapolis shooting statement v5.pdf
jb448gt2368,2021-04-16 refugee numbers v3.pdf
jb448gt2368,2021-04-16 stanford womens basketball resolution.pdf
jb448gt2368,2021-04-19 Monaco DAG nomination statement v3.pdf
jb448gt2368,2021-04-19 mondale passing.pdf
jb448gt2368,2021-04-20n Chauvin verdict statement v2.pdf
jb448gt2368,2021-04-21 California drought statement v4.pdf
jb448gt2368,2021-04-21 California drought statement v4_clean.pdf
jb448gt2368,2021-04-21 EPA IG vehicle emissions report statement v4.pdf
jb448gt2368,2021-04-21 Gupta AAG confirmation statement v5.pdf
jb448gt2368,2021-04-21 international parental abduction month resolution release clean.pdf
jb448gt2368,2021-04-22 armenian genocide v2.pdf
jb448gt2368,2021-04-22 armenian genocide v3.pdf
jb448gt2368,2021-04-22 Biden cutting emissions statement v4.pdf
jb448gt2368,2021-04-22 criswell nom.pdf
jb448gt2368,2021-04-22 Emissions challenge dropped statement v4.pdf
jb448gt2368,2021-04-22 Emissions challenge dropped statement v4_clean.pdf
jb448gt2368,2021-04-22 hate crimes bill.pdf
jb448gt2368,2021-04-23 e-cig mail ban release.pdf
jb448gt2368,2021-04-26 DDT briefing release v6.pdf
jb448gt2368,2021-04-27 gao firefighter assessment.pdf
jb448gt2368,2021-04-27 power nom v3.pdf
jb448gt2368,2021-04-28 boat liability release v3.pdf
jb448gt2368,2021-04-28 boat liability release v8.pdf
jb448gt2368,2021-04-28 menthol tobacco ban v3.pdf
jb448gt2368,2021-04-28 methane CRA.pdf
jb448gt2368,2021-04-28 nelson nasa confirm.pdf
jb448gt2368,2021-04-28 sotu statement v5.pdf
jb448gt2368,2021-04-29 Drinking water bill passes Senate v3.pdf
jb448gt2368,2021-04-29 Homeless Children and Youth Act v2.pdf
jb448gt2368,2021-04-30 nih letter.pdf
jb448gt2368,2021-04-eli broad death.pdf
jb705gp8484,L9906.pdf
jb949nr6708,L2181.pdf
jc027fd8720,2019-03-27 Chron Shultz Award.pdf
jc769yh7875,2008-02-05-a-leases-interior advisory hearing.pdf
jc769yh7875,2008-02-12-a-rules-robocalls hearing.pdf
jc769yh7875,2008-02-29-a-interior-epa budget.pdf
jc882tb4084,L5140.pdf
jd053wk0259,L588.pdf
jd280pk9655,2020-03-04 BCRS Retailer round 2.pdf
jd280pk9655,2020-03-04 covid funding supp.pdf
jd280pk9655,2020-03-05 Coronavirus Supp Passage.pdf
jd280pk9655,2020-03-05 Coronavirus Supp Passage v2.pdf
jd280pk9655,2020-03-06 Calif Covering Covid Tests.pdf
jd280pk9655,2020-03-06 HHS Weldon.pdf
jd280pk9655,2020-3-6 Womens History Month Resolution.pdf
jd280pk9655,2020-03-07 sf safety tips.pdf
jd280pk9655,2020-03-10 California Horse Racing Board report v2.pdf
jd280pk9655,2020-03-10 covid need for testing v2.pdf
jd280pk9655,2020-03-10 covid who to help.pdf
jd280pk9655,2020-3-12 Coronavirus Pence Testing.pdf
jd280pk9655,2020-03-15 covid shutdowns v5.pdf
jd280pk9655,2020-03-17 covid homeless v4.pdf
jd280pk9655,2020-03-18 cv2 statement.pdf
jd280pk9655,2020-03-18 journalists in china v3.pdf
jd280pk9655,2020-03-19 stay safe v2.pdf
jd280pk9655,2020-03-20 Coronavirus domestic violence victims letters v7.pdf
jd280pk9655,2020-03-20 health care call v3.pdf
jd280pk9655,2020-3-20 USNS Mercy.pdf
jd280pk9655,2020-03-23 Coronavirus ag letter release v2.pdf
jd280pk9655,2020-03-23 USNS Mercy et al.pdf
jd280pk9655,2020-03-23 what cv3 needs v3.pdf
jd280pk9655,2020-03-24 CV safety guidelines v2.pdf
jd280pk9655,2020-03-25 CV3 passage statement v22.pdf
jd280pk9655,2020-03-25 Khashoggi Indictment.pdf
jd280pk9655,2020-03-26 Corona DOL guidance.pdf
jd280pk9655,2020-03-26 CV tarrifs letter v2.pdf
jd280pk9655,2020-03-26 CV3 UI benefits v4.pdf
jd280pk9655,2020-03-26 DOJ COVID-19 letter v2.pdf
jd280pk9655,2020-03-27 CV direct payments release v4.pdf
jd280pk9655,2020-03-27 CV3 q and a.pdf
jd280pk9655,2020-03-30 Hospital Marshall Plan.pdf
jd280pk9655,2020-03-30 Self-employed part-time gig workers UI benefits v4.pdf
jd280pk9655,2020-03-31 EPA CV emissions letter v3.pdf
jd280pk9655,2020-03-31 Letter Release - Laguna Honda.pdf
jd326gt3972,2006-10-04-v-stich to WIN against breast cancer.pdf
jd367zd2427,L3807.pdf
jd372wk0630,2020-12-01 Mayorkas nomination statement v4.pdf
jd372wk0630,2020-12-2 Natl Guard Trump Letter.pdf
jd372wk0630,2020-12-3 COVID XIV.pdf
jd372wk0630,2020-12-3 COVID XV.pdf
jd372wk0630,2020-12-3 COVID XV v2.pdf
jd372wk0630,2020-12-03 HITS Act intro release v6.pdf
jd372wk0630,2020-12-3 NDAA Conference.pdf
jd372wk0630,2020-12-4 NDAA Conference Cancer Cluster.pdf
jd372wk0630,2020-12-4 NDAA Conference Conception.pdf
jd372wk0630,2020-12-4 NDAA Conference Mare Island.pdf
jd372wk0630,2020-12-04 USMCA plastics letter release v5.pdf
jd372wk0630,2020-12-7 Becerra HHS.pdf
jd372wk0630,padilla back from df.pdf
jd372wk0630,2020-12-07 padilla stmt v2.pdf
jd372wk0630,2020-12-8 COVID XVI.pdf
jd372wk0630,2020-12-08 DOJ political appointees letter release v3.pdf
jd372wk0630,2020-12-8 Vandenberg Letter w Carbajal Space Force.pdf
jd372wk0630,2020-12-09 Yellen nomination statement v5.pdf
jd372wk0630,2020-12-10 Driftnet House vote v6.pdf
jd372wk0630,2020-12-10 Nom hearing letter release v3.pdf
jd372wk0630,2020-12-11 CBD and Marijuana Research Expansion Act Senate passage.pdf
jd372wk0630,2020-12-11 national impaired driving prevention resolution.pdf
jd372wk0630,2020-12-12 death penalty v2.pdf
jd372wk0630,2020-12-17 Climate risk bill intro release v6.pdf
jd372wk0630,2020-12-17 COVID XVII.pdf
jd372wk0630,2020-12-17 COVID XVIII.pdf
jd372wk0630,2020-12-17 COVID XVIII V2.pdf
jd372wk0630,2020-12-17 Mask PSA request to Sports Orgs.pdf
jd372wk0630,2020-12-17 xfire hurrican trasnscripts.pdf
jd372wk0630,2020-12-20 900 Billion Covid Package.pdf
jd372wk0630,2020-12-20 omnibus and covid bills.pdf
jd372wk0630,2020-12-21 ECig omnibus.pdf
jd372wk0630,2020-12-21 Energy and Water Aprops.pdf
jd372wk0630,2020-12-21 Omnibus Orphans.pdf
jd372wk0630,2020-12-21 Omnibus Water.pdf
jd372wk0630,2020-12-22 Womens museum repurp.pdf
jd372wk0630,2020-12-31 cliff house.pdf
jd874qx8426,L5358.pdf
jd905tt9486,L2543.pdf
jf480vy2788,L4989.pdf
jf574tf3175,v-keesalvideo-120110.pdf
jf574tf3175,2010-12-01-v-greeting for skip keesal.pdf
jf602bk0888,L2136.pdf
jf941jf6759,L12002.pdf
jg066kd9650,H-1BREL_398.pdf
jg066kd9650,SUSHADA_498.pdf
jg066kd9650,BACKLOG_698.pdf
jg066kd9650,TOLLEY-A_924.pdf
jg092hq5306,L9978.pdf
jg291mk9730,L1230.pdf
jg467jb1261,2017-11-09 Bay Area Manufacturing Summit v3.pdf
jg467jb1261,2017-11-09 Bay Area Manufacturing Summit v2.pdf
jg467jb1261,2017-11-09 Bay Area Manufacturing Summit v1.pdf
jg496pw7869,L2851.pdf
jg910cy3021,2008-04-11-v-reverend jones tribute at  grace cathedral SF.pdf
jg939xv2258,L11408.pdf
jh125sv6612,L2028.pdf
jh166jn6823,L602.pdf
jh290dv5689,jh290dv5689_0001.jp2
jh575pg5143,L8086.pdf
jh907sd5177,L5355.pdf
jh925by7742,L4091.pdf
jh987qy4933,L683.pdf
jj102vb7760,L11362.pdf
jj363rb5796,2012-01-10 HSR letter to Brown 01 09 12.pdf
jj363rb5796,2012-01-17 lax chamber advisory.pdf
jj363rb5796,2012-01-19 Courthouse LA 01 09 12.pdf
jj363rb5796,2012-01-20 Leatherback sea turtles 01 17 12.pdf
jj363rb5796,2012-01-20-pr-LA Courthouse GSA bids announce.pdf
jj363rb5796,2012-01-20-pr-PROTECT IP Cloture Statement.pdf
jj363rb5796,2012-01-24 sotu statement release.pdf
jj363rb5796,2012-01-24 worldwide threats.pdf
jj363rb5796,2012-01-26 blue ribbon report.pdf
jj363rb5796,2012-01-26 Ultralight in Senate 01 26 12.pdf
jj363rb5796,2012-01-27 PTC letter 01 26 12.pdf
jj363rb5796,2012-01-31 Tibet resolution 01 30 12.pdf
jj463bc1564,L1048.pdf
jj557tt2057,L5138.pdf
jj563rn3821,L5529.pdf
jk481hv6528,L5253.pdf
jk709kb7244,2011-10-19 save the bay video script.pdf
jk943wt2593,2018-10-01 California Net Neutrality v4.pdf
jk943wt2593,2018-10-02 Desert Bill - Committee Markup v4.pdf
jk943wt2593,2018-10-03 FAA bill v6.pdf
jk943wt2593,2018-10-3 Opioid Package Final Passage.pdf
jk943wt2593,2018-10-04 sjc joint statement.pdf
jk943wt2593,2018-10-09 Horse Slaughter letter.pdf
jk943wt2593,2018-10-10 jim lazarus.pdf
jk943wt2593,2018-10-10 WRDA v3.pdf
jk943wt2593,2018-10-12 Khashoggi statement.pdf
jk943wt2593,2018-10-16 khashoggi statement v2.pdf
jk943wt2593,2018-10-22 INF treaty v2.pdf
jk943wt2593,2018-10-22 Opioid Bill.pdf
jk943wt2593,2018-10-22 Wildfire USDA letter v2.pdf
jk943wt2593,2018-10-23 CAFE Preemption letter.pdf
jk943wt2593,2018-10-26 Chao fuel economy letter.pdf
jk943wt2593,2018-10-29 trump hate crimes statement.pdf
jm168jd7416,L10893.pdf
jm700jh6111,L10502.pdf
jm857km4975,L7661.pdf
jm991ny8227,L2204.pdf
jn033mc4533,L10153.pdf
jn492vp6116,L2216.pdf
jn697sv0826,2004-02-24-pr-Renew Assault Weapons Ban.pdf
jn697sv0826,2004-02-25-pr-gun liability statement.pdf
jn697sv0826,2004-03-01-pr-Renew Assault Weapons Ban Statement.pdf
jn697sv0826,2004-03-02-pr-gun immunity bill voted down.pdf
jn697sv0826,2004-03-02-pr-Renew Assault Weapons Ban Approval.pdf
jn697sv0826,2004-03-12-pr-Renew Assault Weapons Ban-Letter to Bush.pdf
jn697sv0826,2004-04-20-pr-Renew Assault Weapons Ban-Columbine.pdf
jn697sv0826,2004-04-29-pr-gangs-floor statement.pdf
jn697sv0826,2004-05-06-pr-atf-assault weapons.pdf
jn697sv0826,2004-05-07-pr-mothers day halt-the-assault.pdf
jn697sv0826,2004-06-29-pr-Renew Assault Weapons Ban-Boxer.pdf
jn697sv0826,2004-07-13-pr-Renew Assault Weapons Ban.pdf
jn697sv0826,2004-07-20-pr-assault weapons ban hastert letter awb.pdf
jn697sv0826,2004-08-04-pr-Renew Assault Weapons Ban-Hastert.pdf
jn697sv0826,2004-09-08-pr-Renew Assault Weapons Ban-Bush.pdf
jn705yz7101,L5123.pdf
jn741bc0629,2009-01-29-v-la chamber gala dinner.pdf
jn880zd1608,2017-07-21 Caltrain electrification groundbreaking v3.pdf
jn880zd1608,2017-07-21 Caltrain electrification groundbreaking v2.pdf
jn880zd1608,2017-07-21 Caltrain electrification groundbreaking.pdf
jp336nf9762,2019-02-22 Coro.pdf
jp379vb6644,2007-02-01-pr-support outlawling voter deception and intimidation practices.pdf
jp379vb6644,2007-02-02-pr-ipcc report-reduce emissions-statement.pdf
jp379vb6644,2007-02-02-pr-james kim search-edge wireless letter.pdf
jp379vb6644,2007-02-02-pr-New UC Berkeley Energy Research Center.pdf
jp379vb6644,2007-02-06-pr-CEMEX-canyon mining dispute-statement.pdf
jp379vb6644,2007-02-06-pr-Securing Border Tunnel in SD-Letter.pdf
jp379vb6644,2007-02-07-pr-Border Patrol Hearing-Letter to Leahy.pdf
jp379vb6644,2007-02-07-pr-call for citrus disaster relief.pdf
jp379vb6644,2007-02-07-pr-rules hearing-electric voting systems-statement.pdf
jp379vb6644,2007-02-09-pr-Border Patrol Hearing-Letter to AG.pdf
jp379vb6644,2007-02-09-pr-cluster bombs-arms control event.pdf
jp379vb6644,2007-02-09-pr-cluster munitions-arms control event-statement.pdf
jp379vb6644,2007-02-09-pr-national latino museum act.pdf
jp379vb6644,2007-02-09-pr-restrict cluster bombs-arms control event.pdf
jp379vb6644,2007-02-13-pr-oil and gas traders transparency-intro.pdf
jp379vb6644,2007-02-13-pr-oil and gas traders transparency-intro_clean.pdf
jp379vb6644,2007-02-14-pr-breast cancer stamp extension.pdf
jp379vb6644,2007-02-14-pr-electronic voting-comptroller general letter.pdf
jp379vb6644,2007-02-15-pr-cluster bomb restrictions legislation-intro.pdf
jp379vb6644,2007-02-15-pr-us attorney firings-floor statement.pdf
jp379vb6644,2007-02-23-pr-df on international cluster bomb ban.pdf
jp379vb6644,2007-02-23-pr-explanation for citizenship backlog-fbi letter.pdf
jp379vb6644,2007-02-23-pr-global warming conference speech-uc berkeley-prepared.pdf
jp379vb6644,2007-02-23-pr-Securing Border Tunnel-Delayed Report.pdf
jp379vb6644,2007-02-25-pr-carbon markets.pdf
jp379vb6644,2007-02-28-pr-Black History Month.pdf
jp379vb6644,2007-02-28-pr-df calls for full funding for HAVA act-budget committee letter.pdf
jp590yp5420,L4625.pdf
jp773zv9315,2020-6-24 Clinic By The Bay.pdf
jp883gs3883,L10474.pdf
jp885ps1118,L3481.pdf
jp903qk5171,L7532.pdf
jq105qw9749,L10076.pdf
jq310jd3937,L2536.pdf
jq661rq8495,2008-09-08-pr-new vet directive-voter registration.pdf
jq661rq8495,2008-09-08-pr-new veterans directive.pdf
jq661rq8495,2008-09-10-pr-interior scandal-statement.pdf
jq661rq8495,2008-09-11-pr-energy-swapsdealers loophole-CFTC recommendations.pdf
jq661rq8495,2008-09-11-pr-energy-swapsdealers loophole.pdf
jq661rq8495,2008-09-11-pr-waterbills-energy cmte approval.pdf
jq661rq8495,2008-09-15-pr-gao visa waiver.pdf
jq661rq8495,2008-09-15-r-veteran voting support release.pdf
jq661rq8495,2008-09-17-pr-house ec passes internet pharmacy bill.pdf
jq661rq8495,2008-09-17-pr-unemployment benefits.pdf
jq661rq8495,2008-09-18-pr-house antispeculation bill.pdf
jq661rq8495,2008-09-22-pr-Banning Bisphenol A.pdf
jq661rq8495,2008-09-22-pr-Banning Bisphenol A_V2.pdf
jq661rq8495,2008-09-22-pr-EPA Perchlorate Standards.pdf
jq661rq8495,2008-09-22-pr-mojave preserve aquifer.pdf
jq661rq8495,2008-09-22-pr-new internet technologies.pdf
jq661rq8495,2008-09-22-pr-rules-internet regulations.pdf
jq661rq8495,2008-09-22-pr-rules-new internet technologies.pdf
jq661rq8495,2008-09-22-pr-rules-new internet technologies_clean.pdf
jq661rq8495,2008-09-23-pr-energy efficiency tax extenders.pdf
jq661rq8495,2008-09-23-pr-energy efficiency tax extenders_clean.pdf
jq661rq8495,2008-09-23-pr-film tax incentives passes senate.pdf
jq661rq8495,2008-09-23-pr-film tax incentives passes senate_clean.pdf
jq661rq8495,2008-09-23-pr-ledbetter hearing-statement.pdf
jq661rq8495,2008-09-24-PR-First Nail FINAL.pdf
jq661rq8495,2008-09-24-pr-secure rural schools.pdf
jq661rq8495,2008-09-24-pr-visa waiver bill hearing.pdf
jq661rq8495,2008-09-25-pr-df letter to metrolink.pdf
jq661rq8495,2008-09-25-pr-eac-rules hearing-remarks.pdf
jq661rq8495,2008-09-26-pr-ghg registry deadline missed.pdf
jq661rq8495,2008-09-26-pr-need a plan for economic recovery.pdf
jq661rq8495,2008-09-27-pr-internet pharmacy senate passes.pdf
jr085wm4321,L2239.pdf
jr298qm3279,L3064.pdf
jr573ms5508,2018-03-24 March for Our Lives Santa Clarita Valley v3.pdf
jr573ms5508,2018-03-24 FINAL March for Our Lives Santa Clarita Valley.pdf
jr573ms5508,2018-03-24 March for Our Lives Santa Clarita Valley.pdf
jr618ny2628,2005-09-24-v-When U Dream a Dream.pdf
jr836gn5314,2015-08-27 City Hall backup.pdf
jr844mh5637,L9749.pdf
jr942jf6476,2017-06-19 Kathy Kneer retirement.pdf
js425sp2795,L6856.pdf
jt113dd5290,L12835.pdf
jt213nk8227,L2410.pdf
jt792vy9716,L10122.pdf
jv364sd0550,2017-11-06 awb reintro v2.pdf
jv409cz6333,STAMP_498.pdf
jv409cz6333,STAMP_506.pdf
jv409cz6333,STAMPWH_798.pdf
jv409cz6333,STAMPSF_805.pdf
jv409cz6333,STAMP2LA_806.pdf
jv409cz6333,STMENT_925.pdf
jv409cz6333,STAMPN23.pdf
jv475qy1185,L1134.pdf
jw113qp9339,2013-11-8 ACA Cancellation Stmt FINAL.pdf
jw113qp9339,2013-11-14 Health Insurance Announcement Statement FINAL.pdf
jw113qp9339,2013-11-14 iran sanctions statement.pdf
jw113qp9339,2013-11-15 iran sanctions statement.pdf
jw113qp9339,FY14 IAA release_final -- FINAL.pdf
jx372qy0029,2010-11-17-PR-Statement_BPA Agreement_EDITS.pdf
jx372qy0029,2010-11-17-PR-Statement_BPA Agreement_EDITS_clean.pdf
jx372qy0029,2010-11-17-PR-BPA Agreement_draft1.pdf
jx372qy0029,2010-11-17-PR-BPA Agreement_FINAL.pdf
jx372qy0029,2010-11-17 r-BPA amendment 11 17 10.pdf
jx372qy0029,2010-11-17-PR-Statement_BPA Agreement_draft.pdf
jx372qy0029,2010-11-17-PR-Statement_BPA Agreement_draft_clean.pdf
jx372qy0029,2010-11-17-PR-Middle-Class Tax Cut.pdf
jx372qy0029,2010-11-18-PR-DADT-DF Letter.pdf
jx372qy0029,2010-11-18-PR-Dont Ask Dont Tell-Call to Repeal.pdf
jx372qy0029,2010-11-18-PR-DREAM Act-Steve Li.pdf
jx372qy0029,2010-11-24 r-DADT letter to prez 10 26 10.pdf
jx372qy0029,2010-11-24 r - Vilsack wine 02 07 11.pdf
jx372qy0029,2010-11-29 r-railroad cap 11 29 10.pdf
jx372qy0029,2010-11-29 treasurygrantextension.pdf
jx372qy0029,2010-11-29-PR-Wikileaks Release.pdf
jx372qy0029,2010-11-30 ethanolletter.pdf
jx372qy0029,2010-11-30 r-DADT Pentagon study 11 30 10.pdf
jx372qy0029,2010-11-30 r-railroad fund letter 11 30 10.pdf
jx513rh3302,L3179.pdf
jx559sp6542,2017-05-01 Caltrain statement.pdf
jx559sp6542,2017-05-01 Caltrain statement_V2.pdf
jx559sp6542,2017-05-01 omnibus general v2.pdf
jx559sp6542,2017-05-02 Cadiz statement.pdf
jx559sp6542,2017-05-03 State retirement programs statement.pdf
jx559sp6542,2017-05-04 omnibus general.pdf
jx559sp6542,2017-05-08 Cadiz USGS letter.pdf
jx559sp6542,2017-05-08 Caltrain Omnibus Letter.pdf
jx559sp6542,2017-05-08 Wilson nomination statement.pdf
jx559sp6542,2017-05-09 trump fires comey.pdf
jx559sp6542,2017-05-10 comey firing second statement.pdf
jx559sp6542,2017-05-10 Judiciary remarks on Comey firing.pdf
jx559sp6542,2017-05-10 Methane CRA.pdf
jx559sp6542,2017-05-15 Caltrain and Rosen nomination.pdf
jx559sp6542,2017-05-17 Joint Statement on Chao Caltrain.pdf
jx559sp6542,2017-05-17 mueller special counsel.pdf
jx559sp6542,2017-05-18 Erdogan letter.pdf
jx559sp6542,2017-05-18 NAFTA.pdf
jx559sp6542,2017-05-22 Caltrain.pdf
jx559sp6542,2017-05-22 flynn 5th.pdf
jx559sp6542,2017-05-23 Letter on Cadiz to Zinke.pdf
jx559sp6542,2017-05-23 more syria bombs.pdf
jx559sp6542,2017-05-23 Statement on Trump budget.pdf
jx559sp6542,2017-05-23 Statement on Trump EW budget.pdf
jx712kr9775,L7736.pdf
jx780fr1297,L1623.pdf
jx801dw0750,2008-05-05-a-weekly planner.pdf
jx801dw0750,2008-05-15-a-enron loophole-newsconference.pdf
jx801dw0750,2008-05-15-a-pathfire-enron loophole approved.pdf
jx801dw0750,2008-05-15-a-radio actuality-enron loophole approved.pdf
jx801dw0750,2008-05-19-a-rules-fec nominations.pdf
jx801dw0750,2008-05-19-a-weekly planner.pdf
jx879jq2185,L5182.pdf
jx888wv0033,2015-05-05 - press release - Budget floor statement.pdf
jx888wv0033,2015-05-05 Flowers Resolution v2.pdf
jx888wv0033,2015-05-07 TPA statement.pdf
jx888wv0033,2015-05-08 - NBC Advisory.pdf
jx888wv0033,2015-05-08 NSA decision statement.pdf
jx888wv0033,2015-05-11 - Dalai Lama resolution v2.pdf
jx888wv0033,2015-05-11 Helping Schools v3.pdf
jx888wv0033,2015-05-11 morrell book rebuttal.pdf
jx888wv0033,2015-05-12 - TPA MTP vote.pdf
jx888wv0033,2015-05-14 - Amtrak and PTC.pdf
jx888wv0033,2015-05-14 - Amtrak and PTC v2.pdf
jx888wv0033,2015-05-14 - Amtrak and PTC v2_clean.pdf
jx888wv0033,2015-05-14 - Amtrak and PTC v3.pdf
jx888wv0033,2015-05-14 - Nepal trade amendment.pdf
jx888wv0033,2015-05-14 - Nepal trade amendment v2.pdf
jx888wv0033,2015-05-14 - Nepal trade amendment v3.pdf
jx888wv0033,2015-05-14 water statement v2.pdf
jx888wv0033,2015-05-15 - ABC This Week Advisory.pdf
jx888wv0033,2015-05-18 - PTC and Liability Cap.pdf
jx888wv0033,2015-05-18 - PTC and Liability Cap v2.pdf
jx888wv0033,2015-05-18 - PTC and Liability Cap v3.pdf
jx888wv0033,2015-05-18 - trade statement.pdf
jx888wv0033,2015-05-21 - trade cloture vote.pdf
jx888wv0033,2015-05-21 - trade cloture vote v2.pdf
jx888wv0033,2015-05-21 - trade vote v3.pdf
jx888wv0033,2015-05-22 farmer water statement.pdf
jx888wv0033,2015-05-26 FISA Reform Bill press release v2.pdf
jx888wv0033,2015-05-31 beau biden statement.pdf
jx888wv0033,2015-05-31 fisa expiration statement.pdf
jy289xk1244,2007-10-03-pr-presidents schip veto-statement.pdf
jy289xk1244,2007-10-03-pr-support burma democratic protestors-hearing.pdf
jy289xk1244,2007-10-10-pr-gang bill-la event.pdf
jy289xk1244,2007-10-11-pr-global warming speech-gas emissions-BCSE.pdf
jy289xk1244,2007-10-12-pr-df congrats to gore-peace prize.pdf
jy289xk1244,2007-10-17-pr-approps cjs fullsenateapproval.pdf
jy289xk1244,2007-10-17-pr-child abuse registry amendment.pdf
jy289xk1244,2007-10-17-pr-dalai lama-gold medal ceremony.pdf
jy289xk1244,2007-10-18-pr-dalai lama-gala-prepared remarks.pdf
jy289xk1244,2007-10-19-pr-applauds california perchlorate standard.pdf
jy289xk1244,2007-10-19-pr-rosa parks statue.pdf
jy289xk1244,2007-10-19-pr-social security windfall-hearing request-letter.pdf
jy289xk1244,2007-10-23-pr-AIDS Funding-Floor Statement.pdf
jy289xk1244,2007-10-23-pr-wildfires update-floor speech.pdf
jy289xk1244,2007-10-24-pr-approps-laborh-senateapproval.pdf
jy289xk1244,2007-10-24-pr-burma-caucus-letter to Pm of india.pdf
jy289xk1244,2007-10-24-pr-CA Fire-FEMA.pdf
jy289xk1244,2007-10-24-pr-california wildfires-update.pdf
jy289xk1244,2007-10-24-pr-cftc report-energy trading.pdf
jy289xk1244,2007-10-24-pr-Fire-caltrans road closures.pdf
jy289xk1244,2007-10-24-pr-Fire-evacuation shelters.pdf
jy289xk1244,2007-10-24-pr-senate failure on DREAM Act-statement.pdf
jy289xk1244,2007-10-24-pr-wildfires-ca delegation-letter to Bush.pdf
jy289xk1244,2007-10-25-pr-Fire-san diego mail.pdf
jy289xk1244,2007-10-25-pr-fuel economy citigroup report.pdf
jy289xk1244,2007-10-26-pr-DF and Rep Dicks Request 1 Billion For Federal Firefighting Fire Prevention and Restoration Efforts.pdf
jy289xk1244,2007-10-26-pr-homeowners flood insurance protection act.pdf
jy289xk1244,2007-10-31-pr-DF introduces santa ana water supply measure.pdf
jy406gr7946,L1776.pdf
jy418mk8145,L8731.pdf
jy633fs2240,L193.pdf
jz046dr7146,2012-03-07 Holder Authorities Statement.pdf
jz046dr7146,2012-3-7 Holder Authorities Statement.pdf
jz046dr7146,2012-03-08 Turkey churches 03 09 12.pdf
jz046dr7146,2012-03-08-pr-Women ltr to Boehner.pdf
jz046dr7146,2012-03-13 Tsunami 03 12 12.pdf
jz046dr7146,2012-03-14 drilling bills.pdf
jz046dr7146,2012-03-15-VAWA floor speech 03 15 12.pdf
jz046dr7146,2012-03-21 peace corps funding letter.pdf
jz046dr7146,2012-03-22 ipo jobs bill release.pdf
jz046dr7146,2012-03-27 BPA Abbott announce 03 26 12.pdf
jz046dr7146,2012-03-27 epa gas rules.pdf
jz046dr7146,2012-03-28 Art immunity bill 03 21 12.pdf
jz046dr7146,2012-03-29 DISCLOSE Act 03 22 12.pdf
jz046dr7146,2012-03-29 ryan budget.pdf
jz046dr7146,2012-03-29 tibet resolution passage.pdf
jz046dr7146,2012-03-30 BPA FDA decision 03 30 12.pdf
jz141yz6241,L4568.pdf
jz854rf6367,L8897.pdf
jz857gt0098,r-oakland.pdf
jz857gt0098,r-waste.pdf
jz857gt0098,r-aw-meridian.pdf
jz857gt0098,r-WenHo1.pdf
jz857gt0098,r-medmal1.pdf
jz857gt0098,r-waste3.pdf
jz857gt0098,r-interiorapprops2.pdf
jz857gt0098,r-barkbeetle.com1.pdf
jz857gt0098,r-milcon03floor.pdf
jz857gt0098,r-infrastructureinvestment3.pdf
jz857gt0098,r-gunliability7-16-03.pdf
jz857gt0098,r-penetrator3.pdf
jz857gt0098,r-burmasenate2.pdf
jz857gt0098,r-trade1.pdf
jz857gt0098,r-energywater03.pdf
jz857gt0098,r-agapprops03.pdf
jz857gt0098,r-mtbe1.pdf
jz857gt0098,r-waiver.pdf
jz857gt0098,s-calfedstatement.pdf
jz857gt0098,r-homelandgrants1.pdf
jz857gt0098,r-camacho.pdf
jz857gt0098,r-cafe03amendment.pdf
jz857gt0098,r-9-11reportbill.pdf
jz864yh4892,L1041.pdf
jz883ny1725,2005-04-05-pr-lytton hearing.pdf
jz883ny1725,2005-04-06-pr-approps-storm funding.pdf
jz883ny1725,2005-04-06-pr-moab waste offsite.pdf
jz883ny1725,2005-04-8-pr-california homeland security training center.pdf
jz883ny1725,2005-04-11-pr-ID theft notification bill.pdf
jz883ny1725,2005-04-11-pr-intergovernmental transfers letter - medicare and medicaid.pdf
jz883ny1725,2005-04-11-pr-Nomination of Bolton to U.N. Statement.pdf
jz883ny1725,2005-04-11-pr-water recycling inland empire introduction.pdf
jz883ny1725,2005-04-12-pr-id theft lexisnexis update.pdf
jz883ny1725,2005-04-13-pr-id theft notification hearing.pdf
jz883ny1725,2005-04-14-pr-childrens bill committee passage.pdf
jz883ny1725,2005-04-18-pr-AgJOBS.pdf
jz883ny1725,2005-04-18-pr-target pharmacy meth.pdf
jz883ny1725,2005-04-19-pr-asbestos-statement.pdf
jz883ny1725,2005-04-19-pr-DOE Awards Berkeley Lab Contract to UC.pdf
jz883ny1725,2005-04-19-pr-offshore drilling hearing.pdf
jz883ny1725,2005-04-20-pr-asbestos.pdf
jz883ny1725,2005-04-21-pr-centennial national parks.pdf
jz883ny1725,2005-04-21-pr-port security jud committee passage.pdf
jz883ny1725,2005-04-21-pr-stem cell bill introduction.pdf
jz883ny1725,2005-04-21-pr-suv fuel standards.pdf
jz883ny1725,2005-04-22-pr-fema grants protected from income tax.pdf
jz883ny1725,2005-04-22-pr-real id reid letter.pdf
jz883ny1725,2005-04-25-pr-putting meth behind counter.pdf
jz883ny1725,2005-04-26-pr-stem cell national academies of science report.pdf
jz883ny1725,2005-04-27-pr-national academies of sciences study bunker busters.pdf
jz883ny1725,2005-04-27-pr-rite aid pseudophedrine behind counter - meth.pdf
jz883ny1725,2005-04-28-pr-Angel Island Hearing.pdf
jz883ny1725,2005-04-28-pr-asbestos approved.pdf
jz883ny1725,2005-04-28-pr-cops bill.pdf
jz883ny1725,2005-04-28-pr-food uniformity.pdf
jz883ny1725,2005-04-29-pr-Breast Cancer Research Stamps.pdf
jz883ny1725,2005-04-29-pr-Seeking Tougher Regulation of 50 Caliber Weapons.pdf
jz977jn4818,L9975.pdf
kb011nv1188,L1253.pdf
kb103sm9444,2013-12-09 route 91 video script.pdf
kb121fp7213,2006-01-05-pr-fema bear fire.pdf
kb121fp7213,2006-01-05-pr-Water and Transportation-Gov Investment.pdf
kb121fp7213,2006-01-06-pr-Alito-statement conf hearings.pdf
kb121fp7213,2006-01-09-pr-Alito-statement nomination.pdf
kb121fp7213,2006-01-10-pr-patriot act reauth.pdf
kb121fp7213,2006-01-11-pr-perchlorate DoD study letter.pdf
kb121fp7213,2006-01-12-pr-counter intelligence field activity CIFA anti-war demonstrations.pdf
kb121fp7213,2006-01-13-pr-FEMA grants SF santa clara burbank SD.pdf
kb121fp7213,2006-01-13-pr-medicare drug woes.pdf
kb121fp7213,2006-01-13-pr-MLK day recognition.pdf
kb121fp7213,2006-01-13-pr-san diego homesec urban area security initiative grants-chertoff letter.pdf
kb121fp7213,2006-01-13-pr-UN small arms letter.pdf
kb121fp7213,2006-01-19-pr-california disaster assistance POTUS letter.pdf
kb121fp7213,2006-01-19-pr-credit card min payment.pdf
kb121fp7213,2006-01-19-pr-medicare prescription cost reimbursement to states.pdf
kb121fp7213,2006-01-19-pr-small engine air quality EPA.pdf
kb121fp7213,2006-01-24-pr-Alito Hearing Statement.pdf
kb121fp7213,2006-01-24-pr-Alito-Oppose.pdf
kb121fp7213,2006-01-24-pr-crime victims 9th circuit ruling.pdf
kb121fp7213,2006-01-25-pr-governor flood control project funding letter to potus.pdf
kb121fp7213,2006-01-26-pr-epa perchlorate statement.pdf
kb121fp7213,2006-01-26-pr-misleading testimony by DoJ on domestic surveillance.pdf
kb121fp7213,2006-01-26-pr-NSA domestic surveillance program briefing ask.pdf
kb121fp7213,2006-01-27-pr-Alito-Cloture.pdf
kb121fp7213,2006-01-30-pr-Alito Floor Statement.pdf
kb121fp7213,2006-01-31-pr-9th circuit abortion ruling.pdf
kb121fp7213,2006-01-31-pr-coretta scott king tribute.pdf
kb121fp7213,2006-01-31-pr-Coretta king death tribute.pdf
kb121fp7213,2006-01-31-pr-energy industry consolidation.pdf
kb121fp7213,2006-01-31-pr-santa susanna field lab employees radiation toxic materials.pdf
kb121fp7213,2006-01-31-pr-SOTU react.pdf
kb250bw0169,L2532.pdf
kb680wj4112,L9637.pdf
kb695vs5499,2013-6-7 Kyl video.pdf
kb938mt1511,L5214.pdf
kc175dz1275,2009-06-03-pr-bpa statement-california.pdf
kc175dz1275,2009-06-03-pr-Employee Free Choice Act.pdf
kc175dz1275,2009-06-03-pr-Hearing on DOI Budget Request.pdf
kc175dz1275,2009-06-05-pr-Biological Opinion-Impact of Water Projects on Bay Delta.pdf
kc175dz1275,2009-06-08-pr-Intro More Fuel Efficient Cash for Clunkers Legislation.pdf
kc175dz1275,2009-06-08-pr-North Korea-Euna Lee and Laura Ling.pdf
kc175dz1275,2009-06-09-pr-Senate Approves Anti-Meth Legislation.pdf
kc175dz1275,2009-06-11-pr-Medicare Payment Localities.pdf
kc175dz1275,2009-06-11-pr-tobacco bill-statement.pdf
kc175dz1275,2009-06-17-pr-Arms of Trade treaty.pdf
kc175dz1275,2009-06-18-r-Gang Bill Senate.pdf
kc175dz1275,2009-06-18-r-senate passes gang bill.pdf
kc175dz1275,2009-06-19-pr-Burma Caucus Calls for Release of San Suu Kyi-FINAL.pdf
kc175dz1275,2009-06-19-pr-Burma Caucus Calls for Release of San Suu Kyi.pdf
kc175dz1275,2009-06-19-pr-burma caucus-suu kyi birthday.pdf
kc175dz1275,2009-06-30-pr-EPA Grants CA Waiver to Regulate Auto Emissions.pdf
kc285dn1153,2009-11-18-v-salvation army schultz DRAFT.pdf
kc381mw4653,2008-01-02-a-cleanup hunters points.pdf
kc381mw4653,2008-01-14-a-samo-global warming speech.pdf
kc381mw4653,2008-01-29-a-fox news-american newsroom.pdf
kd985xz1226,2013-01-16 obama on awb.pdf
kd985xz1226,2013-01-24 awb intro release.pdf
kd985xz1226,2013-01-30 Hopkins poll release.pdf
kd985xz1226,2013-01-31 AWB endorsements.pdf
kd985xz1226,2013-02-06 military characteristics.pdf
kd985xz1226,2013-02-12 maig endorsement letter.pdf
kd985xz1226,2013-02-12 sotu statement final.pdf
kd985xz1226,2013-03-07 awb committee passage.pdf
kd985xz1226,2013-04-17 awb defeat.pdf
kd985xz1226,2013-10-02 shutdown floor speech.pdf
kd985xz1226,2013-12-11 sandy hook 1 year release.pdf
kf043nm5267,2007-10-03-a-pathfire-burma hearing.pdf
kf043nm5267,2007-10-03-a-radioactuality-burma democratic protestors.pdf
kf043nm5267,2007-10-05-a-BCSE-climate change.pdf
kf043nm5267,2007-10-05-a-wash report-santa clarita.pdf
kf043nm5267,2007-10-09-a-BCSE-climate change.pdf
kf043nm5267,2007-10-09-a-la gang event.pdf
kf043nm5267,2007-10-09-a-wash report-east LA.pdf
kf043nm5267,2007-10-16-a-dalai lama award.pdf
kf043nm5267,2007-10-17-a-pathfire-dalai lama gold medal.pdf
kf043nm5267,2007-10-23-a-pathfire-ca wildfires.pdf
kf043nm5267,2007-10-23-a-radio actuality-ca wildfires.pdf
kf043nm5267,2007-10-23-a-radio actuality-dalai lama gold medal.pdf
kf043nm5267,2007-10-26-a-abc-this week.pdf
kf108rd1379,L943.pdf
kf289wk3531,L3604.pdf
kf307py1354,L10080.pdf
kf495vf6836,L2047.pdf
kf565kf6974,L10639.pdf
kf987fx5863,2006-03-01-pr-urban area security initiative grant funding SD.pdf
kf987fx5863,2006-03-02-pr-endangered species resolution.pdf
kf987fx5863,2006-03-02-pr-patriot act includes meth ports.pdf
kf987fx5863,2006-03-03-pr-fema grants for laguna beach san juan capistrano la county madera county.pdf
kf987fx5863,2006-03-07-pr-AIPAC.pdf
kf987fx5863,2006-03-07-pr-dana reeve tribute.pdf
kf987fx5863,2006-03-07-pr-national safe place week resolution senate passage.pdf
kf987fx5863,2006-03-08-pr-food safety house passage.pdf
kf987fx5863,2006-03-09-pr-ANWR-Out of Budget.pdf
kf987fx5863,2006-03-10-pr-patriot meth letters to bush fox.pdf
kf987fx5863,2006-03-15-pr-navy sec uss iowa transfer letter.pdf
kf987fx5863,2006-03-16-pr-cancer amendment senate passage.pdf
kf987fx5863,2006-03-16-pr-perchlorate statement.pdf
kf987fx5863,2006-03-16-pr-Urge Mexico to Criminalize Border Tunnels.pdf
kf987fx5863,2006-03-21-pr-iowa donation status.pdf
kf987fx5863,2006-03-24-pr-50 Caliber Rifles Threaten Border Patrol Agents.pdf
kf987fx5863,2006-03-27-pr-Legislation Criminalizing Border Tunnels Passes Committee.pdf
kf987fx5863,2006-03-27-pr-refugee passport fraud jud committee approval.pdf
kf987fx5863,2006-03-29-pr-dairy loophole leg passes congress.pdf
kf987fx5863,2006-03-29-pr-milcon vet fees concerns.pdf
kf987fx5863,2006-03-30-pr-comprehensive immigration proposal floor statement.pdf
kf987fx5863,2006-03-31-pr-EPA-waiver.pdf
kg593wv4370,2018-07-5 CFTC de minimis letter.pdf
kg593wv4370,2018-07-05 CFTC de minimis letter.pdf
kg593wv4370,2018-07-13 russian intel indictments.pdf
kg593wv4370,2018-07-13 russian intel indictments v2.pdf
kg593wv4370,2018-07-13 russian intel indictments v3.pdf
kg593wv4370,2018-07-16 trump putin.pdf
kg593wv4370,2018-07-16 trump putin v2.pdf
kg593wv4370,2018-07-17 trump actions v5.pdf
kg593wv4370,2018-07-18 Made in America labeling release v3.pdf
kg593wv4370,2018-07-19 mcfaul resolution.pdf
kg593wv4370,2018-07-19 mcfaul resolution v2.pdf
kg593wv4370,2018-07-23 Iran tweet response v4.pdf
kg593wv4370,2018-07-23 VA nominee v6.pdf
kg593wv4370,2018-07-24 Air Tankers NDAA v3.pdf
kg593wv4370,2018-07-24 Trade relief statement v4.pdf
kg593wv4370,2018-07-26 CAFE standards statement.pdf
kg593wv4370,2018-07-27 cohen trump tower.pdf
kg593wv4370,2018-07-30 kavanaugh docs v2.pdf
kg593wv4370,2018-07-31 facebook removes pages v3.pdf
kg593wv4370,russian intel indictments v4.pdf
kh047cm8059,L2350.pdf
kh200yt1861,2007-10-18-v-sf beautiful 60th anniversary.pdf
kh428wd3647,2012-04-03 nas nuclear study.pdf
kh428wd3647,2012-04-16 buffett rule vote release.pdf
kh428wd3647,2012-04-18 Post Office vote by mail 04 18 12.pdf
kh428wd3647,2012-04-18-VAWA press conf 04 18 12.pdf
kh428wd3647,2012-04-19 T HUD approps 04 19 12.pdf
kh428wd3647,2012-04-19 thud approps committee passage.pdf
kh428wd3647,2012-04-24 Mad Cow 04 24 12.pdf
kh428wd3647,2012-04-24 Riverside HWY 91 funding 04 24 12.pdf
kh428wd3647,2012-04-26 ATF gun number release 04 25 12.pdf
kh428wd3647,2012-04-26 Memo media.pdf
kh428wd3647,2012-04-26-VAWA passage 04 26 12.pdf
kh428wd3647,2012-04-30 df levin statement on eit.pdf
kh505mj2276,L1248.pdf
kh642zb7625,2017-7-20 Community Health Centers_v4.pdf
kh642zb7625,2017-7-20 Community Health Centers_v3.pdf
kh642zb7625,2017-7-20 Community Health Centers_v2.pdf
kh642zb7625,2017-7-20 Community Health Centers.pdf
kh657hm3279,L10699.pdf
kh786sr7706,L1410.pdf
kh814cz6059,L10905.pdf
kj701qw3222,L1843.pdf
kj805hw3676,L2528.pdf
kj812qn2984,L6381.pdf
kk099wy9028,L5908.pdf
kk444tr8796,2014-12-01 rasmussen committee approval.pdf
kk444tr8796,2014-12-02 - Drone Safety Bill and FAA letters v2.pdf
kk444tr8796,2014-12-03 house drought bill statement.pdf
kk444tr8796,2014-12-03 house drought bill statement v2.pdf
kk444tr8796,2014-12-03 house drought bill statement v3.pdf
kk444tr8796,2014-12-03 house drought bill statement v4.pdf
kk444tr8796,2014-12-05 - Statement on Ash Carter Nomination.pdf
kk444tr8796,2014-12-05 drought bill statement v5.pdf
kk444tr8796,2014-12-09 - DF Remarks on CIA Report.pdf
kk444tr8796,2014-12-09 cia rdi report release final.pdf
kk444tr8796,2014-12-09 -- FINAL RELEASE - Report on CIA Rendition Detention and Interrogation Program.pdf
kk444tr8796,2014-12-10 - Passage of NDAA FY15 - Public Lands.pdf
kk444tr8796,2014-12-10 40 million rebuttal.pdf
kk444tr8796,2014-12-10 interviews rebuttal.pdf
kk444tr8796,2014-12-11 brennan response statement.pdf
kk444tr8796,2014-12-11 brennan response statement v2.pdf
kk444tr8796,2014-12-11 fact check torture briefing.pdf
kk444tr8796,2014-12-12 earthquake early warning.pdf
kk444tr8796,2014-12-12 rectal fact check.pdf
kk444tr8796,2014-12-12 Statement on FY 15 Omnibus v3.pdf
kk444tr8796,2014-12-12 ubl fact check.pdf
kk444tr8796,2014-12-12 West LA VA Funding.pdf
kk444tr8796,2014-12-15 - Statement on Tax Extenders.pdf
kk444tr8796,2014-12-15 Haywood Gilliam Confirmation.pdf
kk444tr8796,2014-12-15 Murthy Confirmation.pdf
kk444tr8796,2014-12-15 Transnational Drugs Release.pdf
kk444tr8796,2014-12-16 Afghanistan report release.pdf
kk444tr8796,2014-12-17 Statement on Cuba.pdf
kk756ws4756,L493.pdf
kk935qg1515,L6287.pdf
km120ch0455,L5274.pdf
km291vw2703,L5420.pdf
km625mc2976,L6838.pdf
km729gb0039,L5098.pdf
km783yy5474,2019-11-15 Delventhal.pdf
kp137zt8896,2021-07-01 fireworks release draft v5.pdf
kp137zt8896,2021-07-01 supports bipartisan infrastructure plan v2.pdf
kp137zt8896,2021-07-01 yellen rent debt letterv2.pdf
kp137zt8896,2021-07-02 another firefighter pay letter.pdf
kp137zt8896,2021-07-03 afghan withdrawal.pdf
kp137zt8896,2021-07-06 ENR water fire infrastructure funding plan.pdf
kp137zt8896,2021-07-07 ENR fire funding v2.pdf
kp137zt8896,2021-07-07 ENR water funding v2.pdf
kp137zt8896,2021-07-09 garcetti ambassador.pdf
kp137zt8896,2021-07-12 nat guard uscp supp approp.pdf
kp137zt8896,2021-07-13 COVID vaccine statement v6.pdf
kp137zt8896,2021-07-14 Nassar report statement v4.pdf
kp137zt8896,2021-07-15 Homelessness Through Service v3.pdf
kp137zt8896,2021-07-15 Twenty-First Century Dams Act intro release v6.pdf
kp137zt8896,2021-07-15 Voting rights statement v4.pdf
kp137zt8896,2021-07-16 jerry lewis dies.pdf
kp137zt8896,2021-07-19 covid release v2.pdf
kp137zt8896,2021-07-20 Chancellor Oakley statement v3.pdf
kp137zt8896,2021-07-20 Corn ethanol mandate repeal bill intro release v8.pdf
kp137zt8896,2021-07-21 Farmworker Modernization Act hearing transript release v4.pdf
kp137zt8896,2021-07-21 PALS Act release v8.pdf
kp137zt8896,2021-07-22 Disaster Mitigation and Tax Parity Act intro release v6.pdf
kp137zt8896,2021-07-22 huffman water bill v4.pdf
kp137zt8896,2021-07-26 american grown flowers res.pdf
kp137zt8896,2021-07-27 EV tax rebate v3.pdf
kp137zt8896,2021-07-28 us russia summit v2.pdf
kp137zt8896,2021-07-29 Congressional Whistleblower Protection Act intro release v6.pdf
kp137zt8896,2021-07-30 carl levin dies.pdf
kp137zt8896,2021-07-30 infrastructure vote v2.pdf
kp413sf4032,L5313.pdf
kp455cc4022,L1042.pdf
kp537xw4664,L9498.pdf
kp596mp6378,L5116.pdf
kp725rp7450,L5148.pdf
kp870cj5662,L1822.pdf
kp948yt7224,2018-04-08 Rand Castile v3.pdf
kp948yt7224,2018-04-08 Rand Castile v2.pdf
kp948yt7224,2018-04-08 Rand Castile v1.pdf
kq028yh0474,L2942.pdf
kq036vh1687,L10195.pdf
kq061vh7243,2009-07-13-a-pathfire-sotomayor.pdf
kq061vh7243,2009-07-22-a-floor-concealed weapons.pdf
kq139rv5023,v-holidaytroops-final.pdf
kq139rv5023,v-holidaytroops.pdf
kq727kw4855,L3821.pdf
kr172hf8573,2015-10-26 Dalai Lama National Constitution Center FINAL2.pdf
kr172hf8573,2015-10-26 Dalai Lama National Constitution Center FINAL.pdf
kr172hf8573,2015-10-26 Dalai Lama National Constitution Center - v5.pdf
kr172hf8573,2015-10-26 Dalai Lama National Constitution Center - v4.pdf
kr172hf8573,2015-10-26 Dalai Lama National Constitution Center - v3.pdf
kr172hf8573,2015-10-26 Dalai Lama, National Constitution Center.pdf
kr492pf0125,2019-06-04 Lucy Meyer Graduation FINAL.pdf
kr492pf0125,2019-06-04 Lucy Meyer Graduation.pdf
kr493vf4312,L5025.pdf
kr581kh7609,2015-08-28 San Francisco General Hospital Foundation - v2.pdf
kr581kh7609,2015-08-24 San Francisco General Hospital Foundation.pdf
kr708bg7731,L1039.pdf
ks114kf3367,L10710.pdf
ks129rf6877,L5153.pdf
ks552jx1649,L10734.pdf
kt025yh7661,L4607.pdf
kt031kf5324,2022-12-08 Anti-satellite missile tests resolution intro press release v5.pdf
kt031kf5324,2022-12-08 Doheny Desal letter release v1.pdf
kt031kf5324,2022-12-09 Michael Hardeman statement v3.pdf
kt031kf5324,2022-12-13 Respect for Marriage Act signing statement v3.pdf
kt031kf5324,2022-12-15 NDAA WRDA provisions release v6.pdf
kt031kf5324,2022-12-20 Driftnets omnibus release v4.pdf
kt031kf5324,2022-12-20 Isabel Bueso private bill release v3.pdf
kt031kf5324,2022-12-22 Omnibus bill release - California v5.pdf
kt031kf5324,2022-12-22 Omnibus bill release - National v3.pdf
kt394vj7971,2018-03-14 ed stack presser.pdf
kt394vj7971,2018-03-20 maryland school shooting.pdf
kt394vj7971,2018-11-08 thousand oaks shooting.pdf
kt591sn1613,L1269.pdf
kt863nf3799,L10781.pdf
kv151mp6049,2020-10-1 BLM conglomerate mesa mining.pdf
kv151mp6049,2020-10-01 committee remarks barrett.pdf
kv151mp6049,2020-10-01 Judge Barrett - repro statement v9.pdf
kv151mp6049,2020-10-02 Delay SCOTUS hearings joint statement v1.pdf
kv151mp6049,2020-10-02 Trump Walter Reed.pdf
kv151mp6049,2020-10-03 SCOTUS hearings CV delay letter release v3.pdf
kv151mp6049,2020-10-05 Judge Barrett - ACA second statement v3.pdf
kv151mp6049,2020-10-6 Barrett LGBTQ.pdf
kv151mp6049,2020-10-06 Barrett omission letter release v3.pdf
kv151mp6049,2020-10-07 Supreme Court hearings safety statement v5.pdf
kv151mp6049,2020-10-8 chevron letter to ceo release.pdf
kv151mp6049,2020-10-08 Judge Barrett - voting rights statement v5.pdf
kv151mp6049,2020-10-8 letter to chevron.pdf
kv151mp6049,2020-10-11 Barrett SJQ omission second letter release v2.pdf
kv151mp6049,2020-10-12 Early markup statement v2.pdf
kv151mp6049,2020-10-12 SCOTUS day 1 excerpts release v2.pdf
kv151mp6049,2020-10-12 SCOTUS opening remarks release v3.pdf
kv151mp6049,2020-10-13 armenia statement v5.pdf
kv151mp6049,2020-10-13 SCOTUS day 2 excerpts release v6.pdf
kv151mp6049,2020-10-14 Corona Part XII.pdf
kv151mp6049,2020-10-15 SCOTUS markup opening remarks release v3.pdf
kv151mp6049,2020-10-14 SCOTUS Witness list release v3.pdf
kv151mp6049,2020-10-14 SCOTUS day 3 excerpts release v3.pdf
kv151mp6049,2020-10-15 scotus recap.pdf
kv151mp6049,2020-10-15 Social Subpoenas.pdf
kv151mp6049,2020-10-16 Major Disaster.pdf
kv151mp6049,2020-10-20 SCOTUS ACA post hearing statement v4.pdf
kv151mp6049,2020-10-20 USFS firefighter pay Letter.pdf
kv151mp6049,2020-10-20 Yellow SF.pdf
kv151mp6049,2020-10-21 Refugee consultation joint statement v2.pdf
kv151mp6049,2020-10-21 SCOTUS Roe post hearing statement v3.pdf
kv151mp6049,2020-10-22 Domestic Violence Awarness Month resolution release v3.pdf
kv151mp6049,2020-10-22 SCOTUS Steps Presser AD.pdf
kv151mp6049,2020-10-23 Aliso Canyon gas leak 5th anniversary statement v3.pdf
kv151mp6049,2020-10-25 SCOTUS floor speech release v3.pdf
kv151mp6049,2020-10-26 Substance Abuse Month.pdf
kv151mp6049,2020-10-26 Substance Abuse Month v2.pdf
kv151mp6049,2020-10-29 SoCalGas letter release v5.pdf
kv298yt5090,L856.pdf
kv500mf1442,L10004.pdf
kv842nx7098,2020-02-03 Landmines.pdf
kv842nx7098,2020-02-04 Impeachment Floor As Delivered.pdf
kv842nx7098,2020-02-04 Low-Yield Nuclear Weapons.pdf
kv842nx7098,2020-02-04 Mail Call.pdf
kv842nx7098,2020-02-04 SF asulum seeker release v2.pdf
kv842nx7098,2020-02-04 sotu statement v4.pdf
kv842nx7098,2020-02-04 USAID PREDICT Letter.pdf
kv842nx7098,2020-02-05 Azar Letter Coronavirus Follow up Qs.pdf
kv842nx7098,2020-02-05 BurgerIM FTC letter release v3.pdf
kv842nx7098,2020-02-05 FAA Letter Release Kobe.pdf
kv842nx7098,2020-02-05 Impeachment floor as delivered post vote release.pdf
kv842nx7098,2020-02-05 National Girls and Women in Sports Day release v8.pdf
kv842nx7098,2020-02-07 friday night massacre.pdf
kv842nx7098,2020-02-07 Impeachment Witnesses.pdf
kv842nx7098,2020-02-10 5G Letter Release.pdf
kv842nx7098,2020-02-10 DOT AV Letter Release.pdf
kv842nx7098,2020-02-10 Presidents budget statement v6.pdf
kv842nx7098,2020-2-11 As Delivered abortion JUD.pdf
kv842nx7098,2020-02-11 Budget nuclear weapons statement v7.pdf
kv842nx7098,2020-02-11 Clean Economy Act v2.pdf
kv842nx7098,2020-2-11 For the RECORD abortion JUD.pdf
kv842nx7098,2020-02-11 Purple Line.pdf
kv842nx7098,2020-02-11 Purple Line_clean.pdf
kv842nx7098,2020-02-11 Purple Line v2.pdf
kv842nx7098,2020-02-12 As Delivered JUD Roger Stone.pdf
kv842nx7098,2020-02-12 doj political interference.pdf
kv842nx7098,2020-02-12 war powers resolution stmt v2.pdf
kv842nx7098,2020-02-13 Coronavirus Reimbursment.pdf
kv842nx7098,2020-02-13 Southwest IG Report.pdf
kv842nx7098,2020-02-19 dni nominee v3.pdf
kv842nx7098,2020-02-19 Low-yield Nukes Letter Release.pdf
kv842nx7098,2020-02-19 Oroville Money v2.pdf
kv842nx7098,2020-02-19 Oroville Money v3.pdf
kv842nx7098,2020-02-19 Oroville Money v4.pdf
kv842nx7098,2020-02-19 Oroville Money v6.pdf
kv842nx7098,2020-02-19 Oroville Money v567.pdf
kv842nx7098,2020-02-24 Coronavirus Supplemental.pdf
kv842nx7098,2020-02-25 bob iger steps down.pdf
kv842nx7098,2020-02-25 Graham and Sasse abortion bills vote v2.pdf
kv842nx7098,2020-02-26 Coronavirus Misinformation.pdf
kv842nx7098,2020-02-27 DOT Grants.pdf
kv842nx7098,2020-02-27 Pence Coronavirus Letter.pdf
kv842nx7098,2020-02-28 Remain in Mexico 9th Circuit ruling v4.pdf
kv913jg2712,L5496.pdf
kw156gd8100,L5090.pdf
kw250dh5207,L5611.pdf
kw345xg8328,L4054.pdf
kw781jj9013,L4208.pdf
kx007sw5160,L3624.pdf
kx221sx2073,L1010.pdf
kx760nr6091,EDINIT_115.pdf
kx760nr6091,EDINITSJ_115.pdf
kx760nr6091,SANCHEZ_312.pdf
kx760nr6091,SENSE_498.pdf
kx760nr6091,EDSAVING_624.pdf
kx760nr6091,PELLGNT1_798.pdf
kx760nr6091,SOCIAL1_902.pdf
kx859qf8246,L8175.pdf
kx927fy2290,2016-12-07 SF Collaborative Against Human Trafficking v5.pdf
kx927fy2290,2016-12-07 SF Collaborative Against Human Trafficking v4.pdf
kx927fy2290,2016-12-07 SF Collaborative Against Human Trafficking v3.pdf
kx927fy2290,2016-11-16 SF Collaborative Against Human Trafficking v2.pdf
kx927fy2290,2016-11-16 SF Collaborative Against Human Trafficking v1.pdf
ky215ch4273,L10451.pdf
ky324yq5666,2007-03-19-v-fourth jerusalem conference.pdf
ky587vw0759,L12514.pdf
kz065nx1417,L9721.pdf
kz438sd8600,2013-02-04 buffalo soldier bill drop.pdf
kz438sd8600,2013-02-04 delta heritage bill drop.pdf
kz438sd8600,2013-02-04 sf bay restoration bill drop.pdf
kz438sd8600,2013-02-05 LA helicopter noise release.pdf
kz438sd8600,2013-02-05 targeted killing white paper release.pdf
kz438sd8600,2013-02-06 brennan questions.pdf
kz438sd8600,2013-02-06 military characteristics.pdf
kz438sd8600,2013-02-07 no firearms for foreign felons bill drop.pdf
kz438sd8600,2013-02-12 cyber eo release.pdf
kz438sd8600,2013-02-12 maig endorsement letter.pdf
kz438sd8600,2013-02-12 sotu statement final.pdf
kz438sd8600,2013-02-14 west la va letter.pdf
kz438sd8600,2013-02-19 NYTimes Cyber Release.pdf
kz438sd8600,2013-02-20 j street letter.pdf
kz438sd8600,2013-02-28 cluster munitions drop.pdf
kz516jk4153,L5575.pdf
kz554yk0124,L1128.pdf
mb006rm7858,2015-06-01 LGBT Pride v3.pdf
mb006rm7858,2015-06-02 Antibiotics VFD v4.pdf
mb006rm7858,2015-06-02 sect 215 reauth statement.pdf
mb006rm7858,2015-06-03 NBA finals bet with Portman v3.pdf
mb006rm7858,2015-06-03 West LA VA v2.pdf
mb006rm7858,2015-06-04 - Dalai Lama bday resolution.pdf
mb006rm7858,06-04-15 Pathogen Letter v2.pdf
mb006rm7858,2015-06-05 nsa cyber statement v3.pdf
mb006rm7858,2015-06-08 Drone Safety Act v3.pdf
mb006rm7858,2015-06-08 torture amdt joint.pdf
mb006rm7858,2015-06-09 torture amdt solo.pdf
mb006rm7858,2015-06-10 cyber statement.pdf
mb006rm7858,2015-06-11 Eileen Decker Confirmation v4.pdf
mb006rm7858,2015-06-11 Presidio Trust Janet Reilly.pdf
mb006rm7858,2015-06-11 Presidio Trust Janet Reilly v2.pdf
mb006rm7858,2015-06-11 Presidio Trust Janet Reilly v3.pdf
mb006rm7858,2015-06-16 torture vote release.pdf
mb006rm7858,2015-06-16 torture amdt joint.pdf
mb006rm7858,2015-06-19 - fuel economy standards trucks.pdf
mb006rm7858,2015-06-22 - TPA vote.pdf
mb006rm7858,2015-06-22 - statement - TPA vote v2.pdf
mb006rm7858,2015-06-22 - statement - TPA vote v3.pdf
mb006rm7858,2015-06-22 - statement - TPA vote v4.pdf
mb006rm7858,2015-06-22 CBD Research v5.pdf
mb006rm7858,2015-06-23 trade statement v2.pdf
mb006rm7858,2015-06-23 - trade statement.pdf
mb006rm7858,2015-06-23 - trade statement v2.pdf
mb006rm7858,2015-06-24 - Ex-Im Bank.pdf
mb006rm7858,2015-06-24 - TPA final passage statement.pdf
mb006rm7858,2015-06-24 - TPA final passage statement v2.pdf
mb006rm7858,2015-06-25 - Resolution on Daughters of Penelope.pdf
mb006rm7858,2015-06-29 ex-im statement.pdf
mb244mk9346,2011-07-12 nrc smr hearing.pdf
mb244mk9346,2011-10-26 la latino wash report advise.pdf
mb244mk9346,2011-07-14-a-Matt Olsen Confirmation Hearing Advisory.pdf
mb244mk9346,2011-07-20 doma hearing pathfire advisory.pdf
mb378ph3465,2010-10-01-pr-chuletter-.pdf
mb378ph3465,2010-10-05-pr-solarjobs.pdf
mb378ph3465,2010-10-08-PR-Statement-Jones Resignation.pdf
mb378ph3465,2010-10-12 r-meth signing release 10 12 10.pdf
mb378ph3465,2010-10-12-pr-burma caucus-suu kyi-birthday-.pdf
mb378ph3465,2010-10-12-PR-Statement_Meth Signing Release_FINAL.pdf
mb378ph3465,2010-10-20-PR-Statement_TigerII Fund.pdf
mb378ph3465,2010-10-21-pr-Identity Theft Report.pdf
mb378ph3465,2010-10-27 tvenergystandards.pdf
mb861kh4680,2015-09-08 cia book rebuttal.pdf
mb861kh4680,2015-09-09 - press release - Iran floor remarks.pdf
mb861kh4680,2015-09-09 HRC classified emails.pdf
mb861kh4680,2015-09-09 HRC classified emails_clean.pdf
mb861kh4680,2015-09-09 HRC classified emails v2.pdf
mb861kh4680,2015-09-09 HRC classified emails v3.pdf
mb861kh4680,2015-09-09 HRC classified emails v4.pdf
mb861kh4680,2015-09-09 HRC classified emails v5.pdf
mb861kh4680,2015-09-09 HRC classified emails v6.pdf
mb861kh4680,2015-09-09 HRC classified emails v7.pdf
mb861kh4680,2015-09-15 drones CA specific v9.pdf
mb861kh4680,2015-09-15 special prosecutor.pdf
mb861kh4680,2015-09-15 special prosecutor v2.pdf
mb861kh4680,2015-09-15 special prosecutor v2_clean.pdf
mb861kh4680,2015-09-15 special prosecutor v4.pdf
mb861kh4680,2015-09-15 Wildfires v8.pdf
mb861kh4680,2015-09-16 - Statement on McConnell Iran Strategy.pdf
mb861kh4680,2015-09-16 - Statement on McConnell Iran Strategy v2.pdf
mb861kh4680,2015-09-17 - press release on Iran statement for the record.pdf
mb861kh4680,2015-09-17 Train Heros v6.pdf
mb861kh4680,2015-09-22 Breast Cancer Stamp Passes Senate v2.pdf
mb861kh4680,2015-09-22 CA disaster declaration v2.pdf
mb861kh4680,2015-09-24 - press release - Small Business Lending and Inequality Reduction Act.pdf
mb861kh4680,2015-09-24 - press release - Small Business Lending and Inequality Reduction Act v2.pdf
mb861kh4680,2015-09-25 - Statement on China Xi Visit.pdf
mb861kh4680,2015-09-25 aamer transfer.pdf
mb861kh4680,2015-09-25 cyber statement v3.pdf
mb861kh4680,2015-09-25 xi statement v2.pdf
mb861kh4680,2015-09-28 VA seismic projects v5.pdf
mc651ty4894,2010-02-26-v-clare murphy retirement.pdf
mc760sd0759,L1275.pdf
mc886tz5799,L3337.pdf
mc951xz0505,L7110.pdf
md137sd2563,L5137.pdf
md308jq2888,v-asianpacificaba-111910.pdf
md744cf9467,2013-6-5 Donilon Rice Statement.pdf
md744cf9467,2013-6-6 DF SC NSA Joint Statement.pdf
md744cf9467,2013-06-07 san onofre closure statement.pdf
md744cf9467,2013-06-16 doma intro release.pdf
md744cf9467,2013-06-19 feinstein gtmo feeding letter to hagel.pdf
md744cf9467,2013-06-19 obama nuclear speech.pdf
md744cf9467,2013-06-20 comey nomination.pdf
md744cf9467,2013-06-20 donato freeman nominations.pdf
md744cf9467,2013-06-25 voting rights act statement release.pdf
md744cf9467,2013-06-26 DOMA Prop 8 decision.pdf
md744cf9467,2013-06-27 immigration final passage.pdf
md940qn6771,L3776.pdf
mf410gj1591,2013-03-06 worldwide threats.pdf
mf554zz7947,L1049.pdf
mf596cy2943,L10739.pdf
mg385xb5447,L11093.pdf
mg433fn9204,L10497.pdf
mg753qt2239,L7151.pdf
mh141fm9674,L12312.pdf
mh250wr9858,2010-10-06-v-st vincent de paul luncheon.pdf
mh304vk7655,L1223.pdf
mh474hv5084,L1104.pdf
mh581td0928,L1736.pdf
mh583qd8148,L8953.pdf
mj908cb2299,L2577.pdf
mk033rf7364,L12202.pdf
mk212fn5125,L4131.pdf
mk920bg9218,2004-11-01-a-election day appearances.pdf
mk920bg9218,2004-11-03-a-day-after election media availability.pdf
mm115wg2220,2020-06-01 trump and racism v3 DF Edits.pdf
mm115wg2220,2020-06-01 trump and racism v3 DF Edits_clean.pdf
mm115wg2220,2020-06-01 trump and racism v4.pdf
mm115wg2220,2020-06-02 CFTC climate risk letter release v5.pdf
mm115wg2220,2020-06-02 Opening remarks v2.pdf
mm115wg2220,2020-6-3 As Delivered Rosenstein Crossfire Hurricane.pdf
mm115wg2220,2020-6-3 Letter Release Airport Fees.pdf
mm115wg2220,2020-06-03 Military protests statement v2_adf edits tom edits.pdf
mm115wg2220,2020-06-03 Military protests statement v2_adf edits tom edits_clean.pdf
mm115wg2220,2020-06-03 Military protests statement v4.pdf
mm115wg2220,2020-06-04 Crossfire Huricane subpoena remarks release v4.pdf
mm115wg2220,2020-06-04 Paycheck Protection Program Flexibility Act release v3 tom edits.pdf
mm115wg2220,2020-06-04 Paycheck Protection Program Flexibility Act release v3 tom edits_clean.pdf
mm115wg2220,2020-06-04 Paycheck Protection Program Flexibility Act release v4.pdf
mm115wg2220,2020-06-04 Walker opening remarks release v3.pdf
mm115wg2220,2020-6-5 CDC Treatment Letter Release.pdf
mm115wg2220,2020-6-5 Pence Letter.pdf
mm115wg2220,2020-6-8 Coronavirus Death Toll.pdf
mm115wg2220,2020-6-8 Coronavirus Death Toll v2.pdf
mm115wg2220,2020-6-8 HUD ESG Funds CARES.pdf
mm115wg2220,2020-06-08 Justice in Policing Act.pdf
mm115wg2220,2020-6-8 VA Homeless Corona.pdf
mm115wg2220,2020-06-10 Barr letter v2.pdf
mm115wg2220,2020-06-10 Census outreach letter v2.pdf
mm115wg2220,2020-6-10 EUCOM Letter.pdf
mm115wg2220,2020-06-11 Helicopter Bill Intro.pdf
mm115wg2220,2020-6-11 Intl students.pdf
mm115wg2220,2020-06-11 Subpoenas opening remarks and amendment v3.pdf
mm115wg2220,2020-06-11 Wilson opening remarks v2.pdf
mm115wg2220,2020-06-15 CV special districts letter v2.pdf
mm115wg2220,2020-06-15 Hanging Deaths.pdf
mm115wg2220,2020-06-15 Hanging Deaths DF edits.pdf
mm115wg2220,2020-06-15 Hanging Deaths DF edits_clean.pdf
mm115wg2220,2020-06-15 SCOTUS LGBT employement ruling v8.pdf
mm115wg2220,06-06-16 LA Nursing Home Corona Letter.pdf
mm115wg2220,06-06-16 Mortgage Regulators Letter.pdf
mm115wg2220,2020-06-16 nonprofits mainstreet lending.pdf
mm115wg2220,2020-06-16 nonprofits mainstreet lending v2.pdf
mm115wg2220,2020-06-16 nonprofits mainstreet lending v2_clean.pdf
mm115wg2220,2020-06-16 nonprofits mainstreet lending v4.pdf
mm115wg2220,2020-06-16 Police use of force hearing opening remarks release v3.pdf
mm115wg2220,2020-06-17 Great American Outdoors Act v4.pdf
mm115wg2220,2020-06-17 Orphaned oil wells letter release v2.pdf
mm115wg2220,2020-06-18 CV State and local aid letter v5.pdf
mm115wg2220,2020-06-18 SCOTUS DACA decision statement v5.pdf
mm115wg2220,2020-06-18 Walker floor statement release v2.pdf
mm115wg2220,2020-06-20 letter for berman firing hearing v3.pdf
mm115wg2220,2020-06-23 Cancer Cluster Bill.pdf
mm115wg2220,2020-06-23 Justice in Policing Act v12.pdf
mm115wg2220,2020-06-23 Wilson floor statement release v3.pdf
mm115wg2220,2020-6-24 Coronavirus Part 6.pdf
mm115wg2220,2020-6-24 Coronavirus Part 6 v2.pdf
mm115wg2220,2020-6-24 Coronavirus Part 6 v3.pdf
mm115wg2220,2020-06-24 CV nonprofits letter release v7.pdf
mm115wg2220,2020-06-24 motion to proceed on tim scott bill.pdf
mm115wg2220,2020-6-24 New START Letter to Trump.pdf
mm115wg2220,2020-06-25 Background Check Completion Act.pdf
mm115wg2220,2020-06-25 Chumash Heritage National Marine Sanctuary letter release v6.pdf
mm115wg2220,2020-6-26 ACA Invalidation.pdf
mm115wg2220,2020-6-26 ACA Invalidation v2.pdf
mm115wg2220,2020-06-29 CFPB release v3.pdf
mm115wg2220,2020-6-29 Corona part 7.pdf
mm115wg2220,2020-6-29 June Medical SCOTUS.pdf
mm115wg2220,2020-06-29 Mask Transit Letters.pdf
mm115wg2220,2020-6-30 Chao INFRA Funding.pdf
mm115wg2220,2020-06-30 CV ICE letter release v5.pdf
mm115wg2220,2020-6-30 Hong Kong Natl Scrty Law.pdf
mm115wg2220,2020-06-30 taliban bounties v3.pdf
mm302hw1231,2021-02-01 Buttigieg Confirmation.pdf
mm302hw1231,2021-02-01 Desert Sage bill intro v7.pdf
mm302hw1231,2021-02-01 Myanmar Putsch.pdf
mm302hw1231,2021-02-02 Immigration executive actions statement v3.pdf
mm302hw1231,2021-02-02 Mayorkas DHS confirmation statement v6.pdf
mm302hw1231,2021-02-02 Navalny Sentencing.pdf
mm302hw1231,2021-02-02 Navalny Sentencing Mk II.pdf
mm302hw1231,2021-2-3 CBD and Marijuana Research Expansion Act Reintro.pdf
mm302hw1231,2021-2-3 New New START.pdf
mm302hw1231,2021-02-07 george schultz tribute.pdf
mm302hw1231,2021-02-08 Driftnets reintroduction release v9.pdf
mm302hw1231,2021-2-9 Helicopter Bill NTSB update.pdf
mm302hw1231,2021-2-11 Conception CG.pdf
mm302hw1231,2021-02-11 FIRO statement v6.pdf
mm302hw1231,2021-02-12 doc loan bill intro.pdf
mm302hw1231,2021-02-13 impeachment statement.pdf
mm302hw1231,2021-02-18 DRECP statement v5.pdf
mm302hw1231,2021-02-22 FDB Affordable Housing Redevelopment Act.pdf
mm302hw1231,2021-02-22 Garland AG confirmation hearing questions release v3.pdf
mm302hw1231,2021-2-23 As Delivered Becerra.pdf
mm302hw1231,2021-02-23 Chair energy and water statement v4.pdf
mm302hw1231,2021-2-23 Iran Diplomacy Rerack.pdf
mm302hw1231,2021-02-23 Secretary Vilsack confirmation statement v3.pdf
mm302hw1231,2021-02-24 Granholm Energy Sec statement v4.pdf
mm302hw1231,2021-02-24 minimum wage v2.pdf
mm302hw1231,2021-02-24 minimum wage v4.pdf
mm302hw1231,2021-02-25 Driftnets supporters release v6.pdf
mm302hw1231,2021-02-25 khashoggi report v3.pdf
mm302hw1231,2021-02-25 khashoggi report v4.pdf
mm302hw1231,2021-02-26 minimum wage v6.pdf
mm302hw1231,2021-02-26 Trade letter release v3.pdf
mm302hw1231,2021-2-26 VA West LA VA letter.pdf
mm302hw1231,2021-02-26 womens history month intro v1.pdf
mm430ck3110,L6216.pdf
mm432cc5733,L4627.pdf
mm528qj5950,L3778.pdf
mm661wy7006,L6678.pdf
mn034bm3672,2007-01-27-v-jewish family and childrens services 6th annual gala.pdf
mn034bm3672,2007-01-27-v-Jewish Family Services Emigre Community Gala San Francisco.pdf
mn353tv3079,2005-10-18-v-Instiute on Aging 20th anniversary.pdf
mn527nk7320,2006-07-14-a-cnn-late edition-blitzer.pdf
mn527nk7320,2006-07-14-a~EXAMPLE ADVISORY-cnn-late edition.pdf
mn527nk7320,2006-07-21-a-israel solidarity rally.pdf
mn560yn8599,L2141.pdf
mn802nc8322,L4535.pdf
mn874bv3430,L5533.pdf
mp008rq1291,2000-05-26-pr-declassify japanese war crimes.pdf
mp065wr0285,L9785.pdf
mp102xt1150,2018-02-01 Desert Renewable Energy Plan v3.pdf
mp102xt1150,2018-02-01 SRF WIN Act intro.pdf
mp102xt1150,2018-02-02 Nuclear Posture Review v3.pdf
mp102xt1150,2018-02-02 nunes memo release statement.pdf
mp102xt1150,2018-02-07 criminal referral release.pdf
mp102xt1150,2018-02-07 criminal referral release v2.pdf
mp102xt1150,2018-02-12 Infrastructure statement v4.pdf
mp102xt1150,2018-02-12 White House budget statement v3.pdf
mp102xt1150,2018-02-14 Disaster relief agreement.pdf
mp102xt1150,2018-02-15 Airline Consumer Protections.pdf
mp102xt1150,2018-02-15 Cadiz state bill v5.pdf
mp102xt1150,2018-02-15 Health Care Spending Agreement.pdf
mp102xt1150,2018-02-15 Tax Extenders Spending Agreement.pdf
mp102xt1150,2018-02-16 russian indictments.pdf
mp102xt1150,2018-02-20 USDA housing release v3.pdf
mp102xt1150,2018-02-22 trump california attacks.pdf
mp102xt1150,2018-02-23 schiff memo release.pdf
mp102xt1150,2018-02-28 fara bill.pdf
mp102xt1150,2018-02-28 haspel statement.pdf
mp495tx9007,2019-11-08 Joel Nelsen - California Citrus Mutual FINAL.pdf
mp495tx9007,2019-11-08 Joel Nelsen - California Citrus Mutual.pdf
mp911ry8986,2019-07-19 Lawrence Berkeley National Laboratory.pdf
mp920jt0183,L10059.pdf
mq002gx4878,2009-02-26-v-Women in Power Documentary.pdf
mq047xm6527,2007-10-25-v-violence prevention coalition.pdf
mq550qg4304,2020-04-01 DF statement on paycheck protection program.pdf
mq550qg4304,2020-04-02 DF statement on employee retention credit.pdf
mq550qg4304,2020-04-02 DF statement on marshall plan.pdf
mq550qg4304,2020-04-02 group letter on online learning.pdf
mq550qg4304,2020-04-03 DF letter on sexual assault victims.pdf
mq550qg4304,2020-04-03 DF statement on USS TR captain.pdf
mq550qg4304,2020-04-03 group letter on automatic payments for ssi.pdf
mq550qg4304,2020-04-03 group letter on RPCVs.pdf
mq550qg4304,2020-04-07 DF statement on donating masks.pdf
mq550qg4304,2020-04-07 DF statement on transit funding.pdf
mq550qg4304,2020-04-07 group letter on ACA reopen.pdf
mq550qg4304,2020-04-07 group letter on testing data.pdf
mq550qg4304,2020-04-08 DF bill on CV prisoners.pdf
mq550qg4304,2020-04-09 DC statement on remote voting.pdf
mq550qg4304,2020-04-09 DF letter on aid to Iran.pdf
mq550qg4304,2020-04-09 DF statement on CV education funds.pdf
mq550qg4304,2020-04-09 DF statement on CV protections.pdf
mq550qg4304,2020-04-09 DF statement on UFC fight.pdf
mq550qg4304,2020-04-10 DF letter on frontline worker protections.pdf
mq550qg4304,2020-04-10 DF letter on RPCVs.pdf
mq550qg4304,2020-04-10 DF statement on nutrition assistance.pdf
mq550qg4304,2020-04-10 group bill on CV Commission.pdf
mq550qg4304,2020-04-10 group letter on CV testing.pdf
mq550qg4304,2020-04-10 group letter on protective equipment.pdf
mq550qg4304,2020-04-10 group letter on SBA loans.pdf
mq593zm5228,2012-09-07 haqqani designation.pdf
mq593zm5228,2012-9-10 Caribbean Drug Caucus Report Release.pdf
mq593zm5228,2012-09-13 ADA letter.pdf
mq593zm5228,2012-09-17 helicopter letter.pdf
mr041vt3746,2006-03-01-a-radioactuality-border-tunnels legislation.pdf
mr041vt3746,2006-03-01-a-sat-feed-border-tunnel legislation.pdf
mr041vt3746,2006-03-02-a-radio-actuality-meth act.pdf
mr041vt3746,2006-03-02-a-sat-feed-meth act.pdf
mr041vt3746,2006-03-06-a-weekly planner.pdf
mr041vt3746,2006-03-17-a-san jose-wash-report.pdf
mr041vt3746,2006-03-20-a-stockton-wash-report.pdf
mr041vt3746,2006-03-21-a-women's-power-lunch.pdf
mr041vt3746,2006-03-30-a-jud-news-conference-immigration.pdf
mr119zv2508,L10736.pdf
mr385zx7971,L1191.pdf
mr577jb3658,2009-03-16-a-drug caucus-durbin-feinstein.pdf
mr577jb3658,2009-03-17-a-pathfire feed-mexican drug cartels.pdf
mr689xc1406,L1792.pdf
mr768ww5749,2006-09-19-a-cali-cancer policy.pdf
mr812vt4123,L5412.pdf
mr962zj5234,2010-08-04-pr-haag nomination-media inquiry.pdf
mr962zj5234,2010-08-04-pr-letter obama emergency disaster assistance farmers.pdf
mr962zj5234,2010-08-04-pr-prop 8 case-statement.pdf
mr962zj5234,2010-08-10-pr-pres obama signs cell phone contraband act.pdf
mr962zj5234,2010-08-10-pr-ted stevens death.pdf
mr962zj5234,2010-08-12-pr-bpa amendment food safety-UPDATED.pdf
mr962zj5234,2010-08-13-pr-television efficiency-bill intro-draft1.pdf
mr962zj5234,2010-08-13-pr-watertransfers-senateUCpassage-draft1.pdf
mr962zj5234,2010-08-18-pr-central valley broadband.pdf
mr962zj5234,2010-08-20-pr-letter-schwarz-health rate review.pdf
mr962zj5234,2010-08-20-statement-israel-palestine direct talks.pdf
mr962zj5234,2010-08-23-pr-dave mcelhatton death statement.pdf
mr962zj5234,2010-08-23-pr-df letter-schwarzenegger-bpa.pdf
ms236mz4633,2006-11-29-v-alex padilla farewell tribute.pdf
ms359vp7025,2020-7-7 John Stewart.pdf
ms662xr4826,L1276.pdf
mt221jf3855,2015-10-01 roseburg statement.pdf
mt221jf3855,2015-10-08 guns as delivered v2.pdf
mt288vx8215,2007-03-03-v-student conservation.pdf
mt479tm2799,L5454.pdf
mt554hb6832,2010-09-07-pr-south bay salt ponds press event.pdf
mt554hb6832,2010-09-09-pr-sarah shourd release announcement statement.pdf
mt554hb6832,2010-09-15-pr-bpa nebraska study.pdf
mt554hb6832,2010-09-17-pr-bpa nebraska study-UPDATED.pdf
mt554hb6832,2010-09-22-pr-senate passes ssn privacy legislation.pdf
mt554hb6832,2010-09-23-pr-jud passes chen and liu.pdf
mt554hb6832,2010-09-23-pr-jud passes chen and liu-UPDATED.pdf
mt554hb6832,2010-09-27-pr-interoperable communications in la.pdf
mt554hb6832,2010-09-28-pr-combat meth-.pdf
mt554hb6832,2010-09-28-pr-combat meth-revised.pdf
mt554hb6832,2010-09-30-pr-deltaheritage-.pdf
mt554hb6832,2010-09-30-pr-delta heritage-revised.pdf
mv099hy0310,L4984.pdf
mv158xd7691,2019-03-01 Voluntary Settlement Agreements statement.pdf
mv158xd7691,2019-03-05 HHS Sexual Assault letter v1.pdf
mv158xd7691,2019-03-06 HHS Sexual Assault letter v2.pdf
mv158xd7691,2019-03-6 Jud As Delivered Family Separation.pdf
mv158xd7691,2019-03-7 Mark Up As Delivered BLue Slips 9th.pdf
mv158xd7691,2019-03-07 Cosmetics bill intro v5.pdf
mv158xd7691,2019-03-07 Cosmetics bill intro v7.pdf
mv158xd7691,2019-03-07 Military Housing Reform v4.pdf
mv158xd7691,2019-03-07 no more drone data.pdf
mv158xd7691,2019-03-07 Personal Care Products intro.pdf
mv158xd7691,2019-03-07 personal care products release.pdf
mv158xd7691,2019-03-07 SJC markup blue slips 9th circuit.pdf
mv158xd7691,2019-03-07 Tijunaa River letters.pdf
mv158xd7691,2019-03-11 Ethiopian Airlines crash v2.pdf
mv158xd7691,2019-03-11 White House budget statement v6.pdf
mv158xd7691,2019-03-12 As Delivered - GDPR and Calif Privacy Law.pdf
mv158xd7691,2019-03-12 border emergence release.pdf
mv158xd7691,2019-03-12 house mueller resolution v2.pdf
mv158xd7691,2019-03-12 Lands package v4.pdf
mv158xd7691,2019-03-12 newtown ruling.pdf
mv158xd7691,2019-03-13 As Delivered - Jud Lee and Collins.pdf
mv158xd7691,2019-03-13 df immigration bill v2.pdf
mv158xd7691,2019-03-13 dhs shutting down offices v2.pdf
mv158xd7691,2019-03-13 FAA grounds Boeing 747 Max 8s v3.pdf
mv158xd7691,2019-03-13 letter to dhs on border harassment.pdf
mv158xd7691,2019-03-13 rao statement for CR.pdf
mv158xd7691,2019-03-13 Rim to Valley intro v3.pdf
mv158xd7691,2019-03-13 Saudi war resolution v5.pdf
mv158xd7691,2019-03-14 Complete Americas Great Trails Act.pdf
mv158xd7691,2019-03-14 Complete Americas Great Trails Act v2.pdf
mv158xd7691,2019-03-15 IRS public bonds letter v4.pdf
mv158xd7691,2019-03-15 Womens History Month Resolution v4.pdf
mv158xd7691,2019-03-20 California high speed rail letter v2.pdf
mv158xd7691,2019-03-20 Offshore drilling letter v5.pdf
mv158xd7691,2019-03-21 cemex decisoin.pdf
mv158xd7691,2019-03-21 heritage followup.pdf
mv158xd7691,2019-03-21 new zealand gun laws.pdf
mv158xd7691,2019-03-22 CPUC PGandE letter v2.pdf
mv158xd7691,2019-03-22 EPA salt ponds letter v1.pdf
mv158xd7691,2019-03-22 mueller report transmission.pdf
mv158xd7691,2019-03-25 barr letter on mueller report.pdf
mv158xd7691,2019-03-25 burbank airplane noise.pdf
mv158xd7691,2019-03-25 Pompeo gag rule v5.pdf
mv158xd7691,2019-03-25 Pompeo gag rule v5_clean.pdf
mv158xd7691,2019-03-25 Pompeo gag rule v6.pdf
mv158xd7691,2019-03-26 ACA court filing.pdf
mv158xd7691,2019-03-26 homeless bill.pdf
mv158xd7691,2019-03-26 Jud Hearing on Extreme Risk Order As Delivered.pdf
mv158xd7691,2019-03-26 Senate Green New Deal vote v5.pdf
mv158xd7691,2019-03-27 boeing safety equip letter.pdf
mv158xd7691,2019-03-27 Driftnet introduction v6.pdf
mv158xd7691,2019-03-27 ERA introduction.pdf
mv158xd7691,2019-03-28 Jud Exec Blue Slips As Delivered.pdf
mv158xd7691,2019-03-28 judge nominee debate time.pdf
mv158xd7691,2019-03-28 US Womens Soccer letter v4.pdf
mv158xd7691,2019-03-28 Womens History Month Resolution passes v4.pdf
mv158xd7691,2019-03-29 Barr Special Counsel Report letter v3.pdf
mv158xd7691,2019-03-29 mueller letter release.pdf
mv158xd7691,2019-03-29 Trump threat to close Southern Border v6.pdf
mv425zj1495,2015-10-30 DIGNITY Award Danish Institute Against Torture FINAL.pdf
mv425zj1495,2015-10-30 DIGNITY Award Danish Institute Against Torture.pdf
mv437wy6609,L8176.pdf
mv520qb3168,L1249.pdf
mv787jy0814,r-lowyield.pdf
mv787jy0814,r--houseclones.pdf
mv787jy0814,r-fercdocuments.pdf
mv787jy0814,r-cftcinvestigation.pdf
mv787jy0814,cftcinvest.pdf
mv787jy0814,r-truncation2.pdf
mv787jy0814,r-massey.pdf
mv787jy0814,r-tacticalnukes.pdf
mv787jy0814,r-rs2477a.pdf
mv787jy0814,r-biometrics.pdf
mv787jy0814,r-medical.pdf
mv787jy0814,r-ambersmart2.pdf
mv787jy0814,r-desertrelease-1.pdf
mv787jy0814,r-firstresponders2.pdf
mv787jy0814,r-rimcommittee2.pdf
mv787jy0814,r-antidiscrimination.pdf
mv787jy0814,r-scaapII.pdf
mv787jy0814,r-derivatives03.pdf
mv787jy0814,r-FERCdocuments1.pdf
mv787jy0814,r-tibet.pdf
mv787jy0814,r-fercrelease1.pdf
mv787jy0814,r-rs2477a1.pdf
mv787jy0814,r-iraq-11.pdf
mv787jy0814,r-dod.pdf
mv787jy0814,r-missilesystem.pdf
mv787jy0814,r-idtheftenhance03senateapproved1.pdf
mv787jy0814,base-letter1.pdf
mv787jy0814,r-foreignaidbudget.pdf
mv787jy0814,r-interoperable1.pdf
mv787jy0814,r-budget-no.pdf
mw218rp9578,L5392.pdf
mw270xt8763,L10638.pdf
mw395xm4479,2014-09-05 CNN SOTU Advisory.pdf
mw437nn4040,L1477.pdf
mw465qk8191,L4041.pdf
mw612ww6440,L9964.pdf
mx209wq1839,L5876.pdf
mx458vs6324,L5058.pdf
mx576hz3997,L5469.pdf
mx598vr1714,2008-02-07-pr-coastguard-improve recovery preparedness-letter.pdf
mx598vr1714,2008-02-08-pr-newyorker waterboarding transcript-dni letter.pdf
mx598vr1714,2008-02-12-pr-introduces robocalls measure.pdf
mx598vr1714,2008-02-13-pr-award suu kyi gold medal.pdf
mx598vr1714,2008-02-15-pr-phthalaltes study shows need.pdf
mx598vr1714,2008-02-26-pr-interior approps-minerals management-09 budget hearing.pdf
mx598vr1714,2008-02-27-pr-rules committee-robocalls hearing.pdf
mx598vr1714,2008-02-29-pr-phthalates ban-commending CEOs.pdf
mx598vr1714,2008-02-29-pr-soundproof lennox schools approval.pdf
mx850hj4619,L5457.pdf
my399my1308,L10618.pdf
my491wj7970,L8723.pdf
my592hj9049,L4556.pdf
my876cp2824,L6715.pdf
mz226sm8704,HW-REL_798.pdf
mz318nn7142,L4986.pdf
mz344zn9250,2010-07-27-v-alta wind energy center groundbreaking.pdf
mz344zn9250,2010-07-27-v-alta wind energy center groundbreaking draft 1.pdf
mz587nv0099,L873.pdf
nb045mc9334,L9732.pdf
nb351rx1002,L12770.pdf
nb515nn3315,L849.pdf
nb548xh9607,2018-11-13 Tim Quinn Retirement.pdf
nb651zq8877,L4987.pdf
nb697nk1107,L5451.pdf
nb731gq6415,2007-06-05-v-national estuary 20th anniversary.pdf
nb747js4531,L1122.pdf
nb802nh1684,2007-11-01-v-san jose state 150th anniversary gala.pdf
nb928pw1281,L789.pdf
nb994gw7985,L9310.pdf
nc755fb9801,L702.pdf
nc764gy8739,L1043.pdf
nd026ds7357,L1358.pdf
nd131wd2840,2006-10-08-pr-foiled terrorist attacks-statement.pdf
nd131wd2840,2006-10-12-pr-hayward-ghazni-sister city recognition.pdf
nd131wd2840,2006-10-13-pr-fisa-wire tapping-michigan ruling.pdf
nd131wd2840,2006-10-16-pr-SVBL global warming-speech.pdf
nd131wd2840,2006-10-17-pr-breast cancer awareness.pdf
nd131wd2840,2006-10-17-pr-sacramento flood control-letter to Bush.pdf
nd131wd2840,2006-10-20-pr-Appeal Dismissal of Ken Lay Convictions.pdf
nd131wd2840,2006-10-20-pr-appeal ken lay dismissal-letter to AG gonzales.pdf
nd131wd2840,2006-10-20-pr-breast implant letter-safety review.pdf
nd131wd2840,2006-10-20-pr-safety review of breast implants-letter.pdf
nd131wd2840,2006-10-23-pr-gang prevention summit-speech.pdf
nd131wd2840,2006-10-27-pr-df opposes prop 90-statement.pdf
nd131wd2840,2006-10-27-pr-sf mint-commemorative coin.pdf
nd483jp6632,2019-11-6 Weill Neurohub.pdf
nd512dv7044,L10933.pdf
nd531ws8324,L4546.pdf
nf130kb8148,2011-09-06 e and w subcommittee release.pdf
nf130kb8148,2011-09-08 biop.pdf
nf130kb8148,2011-09-08 cell phone in prison letter 09 07 11.pdf
nf130kb8148,2011-09-12 cable dvr letter.pdf
nf130kb8148,2011-09-13 E coli statement 09 13 11.pdf
nf130kb8148,2011-09-13 e coli statement.pdf
nf130kb8148,2011-09-15 PAMTA request for hearing 09 14 11.pdf
nf130kb8148,2011-09-20 DADT ending 09 19 11.pdf
nf130kb8148,2011-09-21 HSR amendment 09 21 11.pdf
nf130kb8148,2011-09-21 iran hiker release.pdf
nf130kb8148,2011-09-21 sf bay restoration committee.pdf
nf130kb8148,2011-09-22 haqqani letter.pdf
nf130kb8148,2011-9-22 Homeless VA Senate pass release tom edits.pdf
nf130kb8148,2011-09-22 Jacqueline Nguyen 09 22 11.pdf
nf130kb8148,2011-09-22 Judge Nguyen nom final.pdf
nf130kb8148,2011-09-22-pr-Homeless VA Senate pass release.pdf
nf130kb8148,2011-09-23-West LA VA final 09 23 11.pdf
nf130kb8148,2011-09-26 Transnational drug 09 23 11.pdf
nf130kb8148,2011-09-27 Oct medicine abuse month 09 16 11.pdf
nf130kb8148,2011-09-29 Equal Justice for our Military 09 28 11.pdf
nf130kb8148,2011-09-29 Hispanic Heritage Month 09 28 11.pdf
nf130kb8148,2011-09-30 awlaki statement.pdf
nf130kb8148,Central America report release 09 20 11 final.pdf
nf130kb8148,HSR amendment 09 21 11 v2.pdf
nf130kb8148,West LA VA final 09 23 11 tom edits.pdf
nf130kb8148,West LA VA final 09 23 11 tom edits_clean.pdf
nf167dj5310,L9679.pdf
nf322tf0532,L5369.pdf
nf362nh0810,L10457.pdf
nf557qz8151,2018-03-06 bank reform bill cloture v2.pdf
nf557qz8151,2018-03-08 Steel and aluminum tariffs v5.pdf
nf557qz8151,2018-03-13 natsec shakeup v4.pdf
nf557qz8151,2018-03-13 nunes ending investigation.pdf
nf557qz8151,03-14-2018 AV START Act letter v3-docx.pdf
nf557qz8151,2018-03-14 ed stack presser.pdf
nf557qz8151,2018-03-15 haspel letter.pdf
nf557qz8151,2018-03-17 mccabe fired.pdf
nf557qz8151,2018-03-19 cambridge analytica letter to grassley.pdf
nf557qz8151,2018-03-19 Womens History Month.pdf
nf557qz8151,2018-03-19 Womens History Month v2.pdf
nf557qz8151,2018-03-19 Womens History Month v3.pdf
nf557qz8151,2018-03-19 Womens History Month v4.pdf
nf557qz8151,2018-03-19 Womens History Month v5.pdf
nf557qz8151,2018-03-19 FINAL Womens History Month v6.pdf
nf557qz8151,2018-03-20 maryland school shooting.pdf
nf557qz8151,03-21-2018 DRECP letter.pdf
nf557qz8151,2018-03-21 Self-driving car bill v2.pdf
nf557qz8151,2018-03-23 haspel vetting statement.pdf
nf573fv2645,L5134.pdf
ng114tw7487,2005-10-29-v-maritime national park association heritage awards gala.pdf
ng114tw7487,2005-10-29-v-maritime national park association heritage awards gala-other guests.pdf
ng928jw1521,L790.pdf
nh294wp0910,L5592.pdf
nh746sy1553,L1218.pdf
nh888qb9106,L1603.pdf
nm698sr7046,L10754.pdf
nm874pt1781,2015-09-16 Shirley Nelson spirit of hope v2.pdf
nm874pt1781,2015-09-16 Shirley Nelson spirit of hope.pdf
nm994km7436,L10106.pdf
nn091dg4743,L7530.pdf
nn162kb3936,L5093.pdf
nn196ys4912,L4266.pdf
nn216cd9223,L5359.pdf
nn455pg4700,salvation army.pdf
nn507sj2977,L720.pdf
nn524ch7355,L10386.pdf
nn632wt0856,2006-08-01-pr-doughnut hole letter-FINAL.pdf
nn632wt0856,2006-08-01-pr-doughnut-hole-letter.pdf
nn632wt0856,2006-08-01-pr-senate approves preservation of mt soledad.pdf
nn632wt0856,2006-08-02-pr-cosponsors latino museum act.pdf
nn632wt0856,2006-08-02-pr-df urges rejection of santa rosa island hunting plan.pdf
nn632wt0856,2006-08-02-pr-norcal levee funding-letter to Bush.pdf
nn632wt0856,2006-08-02-pr-ruges rejection of santa rosa island hunting.pdf
nn632wt0856,2006-08-03-pr-df applauds senate renaming post office after coach wooden.pdf
nn632wt0856,2006-08-03-pr-df cospsonsors latino museum act.pdf
nn632wt0856,2006-08-03-pr-fisa-opposes broadening wiretaps.pdf
nn632wt0856,2006-08-03-pr-honor coach john wooden.pdf
nn632wt0856,2006-08-03-pr-senate authorizes 25 mil for ca perchlorate clean up.pdf
nn632wt0856,2006-08-04-pr-norcal levee repairs-letter to Bush.pdf
nn632wt0856,2006-08-04-pr-rural electric trivializing effects of global warming.pdf
nn632wt0856,2006-08-04-pr-rural electric-concern over global warming report.pdf
nn632wt0856,2006-08-04-pr-santa rosa island approval.pdf
nn632wt0856,2006-08-05-pr-cluster bomb-df calls for new policy.pdf
nn632wt0856,2006-08-05-pr-df calls for new policy on cluster bomb usage.pdf
nn632wt0856,2006-08-08-pr-Death of Sue Bierman Statement.pdf
nn632wt0856,2006-08-09-pr-connecticut senate race-support lamont.pdf
nn632wt0856,2006-08-09-pr-Support Ned Lamont.pdf
nn632wt0856,2006-08-09-pr-stem cell-5 yr anniversary-reverse failed policy.pdf
nn632wt0856,2006-08-10-pr-pacific salmon fishery failure.pdf
nn632wt0856,2006-08-15-pr-senate youth program.pdf
nn632wt0856,2006-08-16-pr-cartel arrest-javier arellano-felix.pdf
nn632wt0856,2006-08-16-pr-cartel-arrest.pdf
nn632wt0856,2006-08-16-pr-Hwy 140 reopens-statement.pdf
nn632wt0856,2006-08-18-pr-boeing-stop work order for c17-statement.pdf
nn632wt0856,2006-08-18-pr-border patrol agents conviction-jud hearing letter.pdf
nn632wt0856,2006-08-18-pr-Border Patrol Hearing-Letter.pdf
nn632wt0856,2006-08-18-pr-Border Patrol Hearing-Letter to Specter.pdf
nn632wt0856,2006-08-18-pr-Stop-Work Order for Boeing C-17 Aircraft.pdf
nn632wt0856,2006-08-22-pr-salmon-emergency disaster relief funding.pdf
nn632wt0856,2006-08-22-pr-salmon fisheries disaster relief.pdf
nn632wt0856,2006-08-29-pr-threat of offshore oil drillling.pdf
np077dq4192,L11809.pdf
np367ps7342,2017-09-11 UrbanShield v2.pdf
np367ps7342,2017-09-11 UrbanShield v1.pdf
np472qj6433,L4285.pdf
np486mg4036,2016-05-09 boys girls club sf 125 v2.pdf
np486mg4036,2016-05-09 boys girls club sf 125 v1.pdf
np510dg7440,L9775.pdf
np982gh0895,L925.pdf
nq046xq9862,L12914.pdf
nq488hj4181,L10536.pdf
nq600gv5758,L5015.pdf
nq779sc6684,L9902.pdf
nq823sq1547,L10959.pdf
nq929kq1895,L10112.pdf
nq962kt6292,2011-06-14-a-Feinstein Petraeus Photo Op Advisory final.pdf
nq962kt6292,2011-06-14-a-Petraeus Confirmation Hearing Advisory.pdf
nr017qm5057,L619.pdf
nr415fm4108,L4725.pdf
ns333ws8001,L9993.pdf
ns416tf5986,L4985.pdf
ns645dw9365,L6747.pdf
ns812hq2657,2009-04-18-v-energy town hall focus the nation.pdf
ns843yw7801,L6163.pdf
ns996th5362,2007-06-08-v-rage for justice award ceremony foundation for taxpayer and consumer rights.pdf
ns996yf2342,L1764.pdf
nt715np3943,L5147.pdf
nt861qf5668,2012-05-07 bombing statement.pdf
nt861qf5668,2012-05-07 Judge Jacqueline Nguyen 05 07 12.pdf
nt861qf5668,2012-05-08 fha refinance introduction final.pdf
nt861qf5668,2012-05-11 Haqqani FTO Joint Press Release.pdf
nt861qf5668,2012-05-14 DF Mongolia Statement.pdf
nt861qf5668,2012-05-14 enkhayar mongolia statement.pdf
nt861qf5668,2012-05-14 Fernando Olguin 05 09 12.pdf
nt861qf5668,2012-05-14 Protect Children Act intro 05 10 12.pdf
nt861qf5668,2012-05-14 SFO virgin flight funding 05.14.12.pdf
nt861qf5668,2012-05-14-VAWA letter to Boehner 05 14 12.pdf
nt861qf5668,2012-05-15 swaps letter.pdf
nt861qf5668,2012-05-16 asia heritage.pdf
nt861qf5668,2012-05-16-r-DF women Senators letter to Boehner on VAWA reauth.pdf
nt861qf5668,2012-05-17 Border tunnel FINAL passage 05 15 12.pdf
nt861qf5668,2012-05-17 burma.pdf
nt861qf5668,2012-05-21-Watford CONF 05 21 12.pdf
nt861qf5668,2012-05-22 FISA extension.pdf
nt861qf5668,2012-05-24 afridi statement.pdf
nt861qf5668,2012-05-24 drakes letter.pdf
nt861qf5668,2012-05-24 eggs 05 23 12.pdf
nt861qf5668,2012-05-24 rev brookins death.pdf
nt933fx1438,2006-11-07-a-post election discussion.pdf
nt933fx1438,2006-11-08-a-msnbc-hardball.pdf
nt933fx1438,2006-11-13-a-female senators photo op.pdf
nt933fx1438,2006-11-14-a-radioactuality-keep 49ers in SF.pdf
nt933fx1438,2006-11-14-a-satfeed-keep 49ers in SF.pdf
nv029wr2492,L5340.pdf
nv176hv5912,L10072.pdf
nv202kx2321,L4540.pdf
nv240yh0780,2005-09-15-v-organs r us.pdf
nv255py6857,L1593.pdf
nv946jh8010,L1044.pdf
nw035dv9500,2019-03-21 new zealand gun laws.pdf
nw035dv9500,2019-03-26 Jud Hearing on Extreme Risk Order As Delivered.pdf
nw035dv9500,2019-04-27 San Diego synagogue shooting.pdf
nw035dv9500,2019-04-29 gun age limit bill.pdf
nw035dv9500,2019-05-02 As Delivered Jud - Mark Up.pdf
nw035dv9500,2019-05-09 raise AWB age to 21.pdf
nw035dv9500,2019-05-30 Salesforce gun violence v2.pdf
nw035dv9500,2019-05-31 Salesforce gun violence v3.pdf
nw035dv9500,2019-06-19 Guns Floor Statement.pdf
nw035dv9500,2019-07-29 gilroy shooting v2.pdf
nw035dv9500,2019-08-04 dayton shooting v2.pdf
nw035dv9500,2019-08-05 response to djt presser v2.pdf
nw035dv9500,2019-09-03 august mass shootings.pdf
nw035dv9500,2019-09-09 gun legislation v2.pdf
nw035dv9500,2019-09-11 house gun bills v2.pdf
nw059vj5585,L12769.pdf
nw222qk5228,L10473.pdf
nw355cs8482,L3610.pdf
nw397hq8649,2010-03-02-a-interior-EPA-budget.pdf
nw397hq8649,2010-03-08-a-interior-blm-fiscal-year 2011.pdf
nw397hq8649,2010-03-19-a-cnn-candy crowley.pdf
nw397hq8649,2010-03-24-a-DF speaks-health-care-senate-floor.pdf
nw397hq8649,2010-03-24-a-path fire-health-care-reform.pdf
nw397hq8649,2010-03-24-a-radio feed-Health-care-reform.pdf
nw446wx4676,2014-04-9 DOE approps hearing advisory.pdf
nw446wx4676,2014-04-30 nnsa approps hearing advisory.pdf
nw555sf6272,2009-09-17-pr-Approve FY 2010 Interior Appropriations Bill.pdf
nw555sf6272,2009-09-17-pr-Approve FY 2010 Interior Appropriations Bill_clean.pdf
nw555sf6272,2009-09-23-pr-District Judge Nominees Hearing.pdf
nw686qs3864,L5110.pdf
nx197px5316,L4562.pdf
nx774qd1032,L10687.pdf
nx802rt0653,2012-08-02 tahoe advisory.pdf
nx802rt0653,2012-08-08 modesto chamber WR advisory.pdf
ny134wp1019,L2538.pdf
ny297dj3842,2014-09-03 Homeless Prenatal Program - RT draft v1.pdf
ny712ts1763,L4604.pdf
nz684gz9855,2018-02-20 CAVEC Lunar New Year v3.pdf
nz684gz9855,2018-02-20 CAVEC Lunar New Year v2.pdf
nz684gz9855,2018-02-20 CAVEC Lunar New Year v1.pdf
nz966cx8569,2008-08-06-v-Salt Pond Restoration documentary.pdf
nz997cg1570,nz997cg1570_0001.jp2
pb366zz2985,L11242.pdf
pb468zg6797,DF Statement_Eagle Mountain.pdf
pb468zg6797,a-immigration.pdf
pb468zg6797,HOCKPR.pdf
pb534cv8831,L11361.pdf
pb548vr3506,2012-05-11 fox news sunday.pdf
pb548vr3506,2012-05-24 santa barbara speech advise.pdf
pb548vr3506,2012-05-30 orange county advise.pdf
pb709mv6994,L12980.pdf
pc189kx5813,2014-10-01 - Letter on Oil by Rail Safety Rulemaking.pdf
pc189kx5813,2014-10-08 - CFTC Letter.pdf
pc189kx5813,2014-10-08 POTUS Letter SCOTUS DOMA v2.pdf
pc189kx5813,2014-10-10 - Drone Center of Excellence Letter.pdf
pc189kx5813,2014-10-10 - Statement on San Gabriel Mountains National Monument.pdf
pc189kx5813,2014-10-17 - Letter to McCaskill re World Series.pdf
pc189kx5813,2014-10-29 CDPA 20th v3.pdf
pc373cx8196,L5774.pdf
pc435zs3627,2011-06-01-v- It Gets Better Briefing.pdf
pc570rj7618,L1742.pdf
pd332ws2191,L6936.pdf
pd737tw4807,L5135.pdf
pd867zm6987,2007-06-06-v-sweet alice harrice NEA video tribute.pdf
pf045qj5449,L1280.pdf
pf173kt2146,L4994.pdf
pf534xp0851,L10498.pdf
pf787wv4816,L5028.pdf
pf928tp5984,2013-11-19 salvation army lunch john bitoff v1.pdf
pf928tp5984,2013-11-19 salvation army lunch john bitoff.pdf
pf928tp5984,2013-11-19 salvation army video.pdf
pg038cv4367,L10440.pdf
pg092mf1290,L1207.pdf
pg648wx7577,L9836.pdf
pg721gy1549,2011-05-02 Lytton Band bill intro 04 27 11.pdf
pg721gy1549,2011-05-03 ethanol coburn intro.pdf
pg721gy1549,2011-05-04 judge kim gonzalez 05 04 11 memo.pdf
pg721gy1549,2011-05-04 Lytton Band bill intro 05 02 11.pdf
pg721gy1549,2011-05-05 judge kim gonzalez 05 04 11.pdf
pg721gy1549,2011-05-05 PAMTA 05 03 11.pdf
pg721gy1549,2011-05-06--pr-Cancer Research Month 05 05 11.pdf
pg721gy1549,2011-05-09 DOT rail announce 05 05 11.pdf
pg721gy1549,2011-05-09-pr-DNI 50th Anniversary Press Release.pdf
pg721gy1549,2011-05-10 Chen confirmation 05 10 11.pdf
pg721gy1549,2011-05-11 cftcletter release.pdf
pg721gy1549,2011-05-11 judge cathy ann bencivenogo 05 11 11.pdf
pg721gy1549,2011-05-11-pr-judge cathy ann bencivenogo.pdf
pg721gy1549,2011-05-12 DNI 50th Anniversary Release.pdf
pg721gy1549,2011-05-12-pr-DNI 50th Anniversary Release.pdf
pg721gy1549,2011-05-12-pr-FBI Mueller Release.pdf
pg721gy1549,2011-05-17 Judicial relief act 05 16 11.pdf
pg721gy1549,2011-05-18-pr-Goodwin Liu floor speech release.pdf
pg721gy1549,2011-05-19 Goodwin Liu floor speech 05 18 11.pdf
pg721gy1549,2011-05-19 Goodwin Liu cloture vote 05 19 11.pdf
pg721gy1549,2011-05-19 Goodwin Liu cloture vote MEMO 05 19 11.pdf
pg721gy1549,2011-05-19-pr-Goodwin Liu cloture vote.pdf
pg721gy1549,2011-05-19-pr-General Cartwright Statement.pdf
pg721gy1549,2011-05-20 Rate review statement 05 19 11.pdf
pg721gy1549,2011-05-20 Rate review statement MEMO 05 19 11.pdf
pg721gy1549,2011-05-21 Flood amendment 05 21 12.pdf
pg721gy1549,2011-05-26 Burma resolution 05 26 11.pdf
pg721gy1549,2011-05-26 Burma resolution 05 26 11_V2.pdf
pg721gy1549,2011-05-26 Chinese exclusion act 05 26 11.pdf
pg721gy1549,2011-05-26 HHS Medicaid Letter Reelase.pdf
pg721gy1549,2011-05-26-pr-FISA Renewal floor speech.pdf
pg721gy1549,2011-05-26-pr-FY11 Intelligence Authorization Release.pdf
pg721gy1549,2011-05-26-pr-HHS Medicaid Letter Reelase.pdf
pg721gy1549,2011-05-26-pr-Mueller Term Extension Release.pdf
pg721gy1549,2011-05-27-pr-Intel Authorization Release.pdf
ph111mm2382,2007-09-07-a-fox news sunday.pdf
ph111mm2382,2007-09-14-a-rules-presidential primary process hearing.pdf
ph111mm2382,2007-09-18-a-photo op-korea lunch.pdf
ph111mm2382,2007-09-20-a-photo op-mukasey.pdf
ph111mm2382,2007-09-24-a-FEC nominees.pdf
ph111mm2382,2007-09-28-a-angel island speech.pdf
ph135gf1696,2006-02-18-v-US Japan Cultural Association Japan Special Olympics.pdf
ph145wn8189,L9794.pdf
ph656xn6498,2007-03-15-pr-JUD reauthorizes byrne JAG program.pdf
ph656xn6498,2007-05-03-pr-common sense gun control.pdf
ph694wt3619,L5258.pdf
ph866gb8824,L26.pdf
pj058xb6855,L930.pdf
pj151vq6430,2007-05-01-pr-call for explanation of failure on child abuse registry-HHS letter.pdf
pj151vq6430,2007-05-02-pr-gas price gouging ban.pdf
pj151vq6430,2007-05-02-pr-scaap-ca-urgers immediate reimbursement.pdf
pj151vq6430,2007-05-03-pr-CAFE-commerce hearing-statement.pdf
pj151vq6430,2007-05-03-pr-common sense gun control.pdf
pj151vq6430,2007-05-03-pr-data breach notification bill JUD approval.pdf
pj151vq6430,2007-05-03-pr-quickly rebuild east bay connectors.pdf
pj151vq6430,2007-05-03-pr-soundproof lennox schools-committee approval.pdf
pj151vq6430,2007-05-03-pr-support san joaquin river restoration settlement-hearing.pdf
pj151vq6430,2007-05-07-pr-APIH Month.pdf
pj151vq6430,2007-05-07-pr-APIH Month_V2.pdf
pj151vq6430,2007-05-07-pr-electronic campaign filing-mcconnell letter.pdf
pj151vq6430,2007-05-07-pr-foreign convict firearms prevention.pdf
pj151vq6430,2007-05-08-pr-CAFE-commerce committee approval.pdf
pj151vq6430,2007-05-08-pr-Intro 50 Caliber Sales Regulation.pdf
pj151vq6430,2007-05-10-pr-dhs port security grants increase.pdf
pj151vq6430,2007-05-11-pr-restore us attorney residency requirements.pdf
pj151vq6430,2007-05-15-pr-oppose coburn measure-water resources development bill.pdf
pj151vq6430,2007-05-15-pr-santa rosa island-hearing.pdf
pj151vq6430,2007-05-15-pr-Securing Border Tunnel in SD.pdf
pj151vq6430,2007-05-17-pr-AgJOBS.pdf
pj151vq6430,2007-05-17-pr-AgJOBS_clean.pdf
pj151vq6430,2007-05-17-pr-AgJOBS_V2.pdf
pj151vq6430,2007-05-17-pr-AgJOBS_V2_clean.pdf
pj151vq6430,2007-05-18-pr-endagnered species day-statement.pdf
pj151vq6430,2007-05-21-statement-2007 APIH Month CR.pdf
pj151vq6430,2007-05-22-pr-interior appropriations-forest service budget.pdf
pj151vq6430,2007-05-22-pr-internet pharmacy-national drug control policy letter.pdf
pj151vq6430,2007-05-22-pr-restore us attorney confirmation processs-house passage.pdf
pj151vq6430,2007-05-23-pr-burma caucus kickoff-letter.pdf
pj151vq6430,2007-05-23-pr-unaccompanied minors approval.pdf
pj151vq6430,2007-05-24-pr-CA eastern district temporary judgeship-JUD approval.pdf
pj151vq6430,2007-05-24-pr-clean up air pollution in ports-marine vessels-intro.pdf
pj151vq6430,2007-05-24-pr-gonzales vote of no confidence after immigration.pdf
pj151vq6430,2007-05-24-pr-immigration reform bill-remarks.pdf
pj151vq6430,2007-05-24-pr-rubidoux post office approval.pdf
pj151vq6430,2007-05-24-pr-rubidoux post office approval_clean.pdf
pj151vq6430,2007-05-24-pr-tule lake-potential national historic site.pdf
pj151vq6430,2007-05-25-pr-byrne jag grant for state and local law enforcement-approval.pdf
pj151vq6430,2007-05-25-pr-byrne jag grant for state and local law enforcement-approval_clean.pdf
pj151vq6430,2007-05-25-pr-increase water recycling-bay area.pdf
pj151vq6430,2007-05-25-pr-new ground water storage project-madera.pdf
pj151vq6430,2007-05-25-pr-new water supply project-riverside corona feeder.pdf
pj151vq6430,2007-05-25-pr-penalizing dealers marketing candy meth legislation.pdf
pj888sh0733,L12849.pdf
pk155zh4273,L10752.pdf
pk531yg4709,pk531yg4709_0001.jp2
pk546yx6473,2019-10-24 Sheriff Hennessey Retirement.pdf
pm102tc3867,L1030.pdf
pn238rv6456,2014-09-02 - STatement on Steven Sotloff.pdf
pn238rv6456,2014-09-08 - Statement on Abu Ghayth Sentencing.pdf
pn238rv6456,2014-09-09 - Announcement of TIGER Grants.pdf
pn238rv6456,2014-09-10 obama isis speech FINAL.pdf
pn238rv6456,2014-09-11 awb 20 year anniv.pdf
pn238rv6456,2014-09-16 - Statement on NASA Contract to SpaceX and Boeing.pdf
pn238rv6456,2014-09-23 - Statement on Abu Ghayth Sentencing.pdf
pn238rv6456,2014-09-23 isil syria stateemnt.pdf
pn238rv6456,2014-09-29 - Statement on Afghanistan Inauguration.pdf
pn238rv6456,2014-09-30 ab1014 statement.pdf
pn449vk1293,2018-06-28 SFCCC Award Acceptance v2.pdf
pn449vk1293,2018-06-28 SFCCC Award Acceptance.pdf
pn505jg5505,L10902.pdf
pn695ww1992,L12667.pdf
pp082qb2561,L1157.pdf
pp131rp4442,2021-07-14 Nassar report statement v4.pdf
pp140mr6540,L10508.pdf
pp330xs7281,L8326.pdf
pp668bt0514,L4724.pdf
pp750kf6612,L3292.pdf
pq051dy1013,2007-09-24-v-stop neglected tropical diseases.pdf
pq305gb8004,L516.pdf
pq329ds3735,2005-04-26-v-Your Money Show - Social Security.pdf
pq337ty1179,L10525.pdf
pq360sm4654,L1848.pdf
pq439my9348,L3554.pdf
pq488xy9958,2008-12-01-pr-Financial Market Reform.pdf
pq488xy9958,2008-12-01-pr-Obama Nat Security Team.pdf
pq488xy9958,2008-12-03-pr-Financial Market Reform.pdf
pq488xy9958,2008-12-09-pr-auto bail out-emissions.pdf
pq488xy9958,2008-12-11-pr-Automakers Bridge Loan Bill.pdf
pq488xy9958,2008-12-11-pr-Passag of Unaccompanied Alien Minors.pdf
pq488xy9958,2008-12-15-pr-Steven Chu Energy Nomination.pdf
pq488xy9958,2008-12-19-pr-Credit Card Rules.pdf
pq488xy9958,2008-12-23-pr-df boxer judicial nominees process joint.pdf
pq488xy9958,2008-12-23-pr-economic accountability for firms requiring taxpayer assistance.pdf
pq488xy9958,2008-12-29-pr-jud process joint release.pdf
pq488xy9958,2008-12-29-pr-jud nominee process-LATEST.pdf
pq488xy9958,2008-12-30-pr-social security fairness intro.pdf
pq488xy9958,2008-12-31-pr-legislative accomplishments 110th Congress.pdf
pq488xy9958,2008-12-31-pr-Senators 110th Congress Accomplishments.pdf
pq533vd1360,L5002.pdf
pq724sm2790,v-carmenpolicy-051711.pdf
pr305ny8813,2020-08-01 unemployment benefits.pdf
pr305ny8813,2020-08-03 NICS Data Intergrity Act letter release v2.pdf
pr305ny8813,2020-08-03 workford dev letter.pdf
pr305ny8813,2020-8-4 Corona Floor Edition.pdf
pr305ny8813,2020-08-05 Census Bureau letter release v1.pdf
pr305ny8813,2020-08-5 Corona School.pdf
pr305ny8813,2020-08-5 Meth Repsonse Act.pdf
pr305ny8813,2020-08-05 sally yates opening remarks.pdf
pr305ny8813,2020-08-5 Wont Someone Think of the Children.pdf
pr305ny8813,2020-08-5 Wont Someone Think of the Children v2.pdf
pr305ny8813,2020-08-06 Congressional Whistleblower Protection Act intro release v10.pdf
pr305ny8813,2020-08-7 Meth Repsonse Act.pdf
pr305ny8813,2020-08-10 CV presidents UI executive order statement v3.pdf
pr305ny8813,2020-08-10 CV presidents UI executive order statement v10.pdf
pr305ny8813,2020-08-10 CV prison letter release v2.pdf
pr305ny8813,2020-08-11 China Statement.pdf
pr305ny8813,2020-08-12 Census participation rate statement v7.pdf
pr305ny8813,2020-8-12 Reopening schools letter.pdf
pr305ny8813,2020-8-13 Israel-UAE.pdf
pr305ny8813,2020-8-13 Israel-UAE v2.pdf
pr305ny8813,2020-08-13 USPS voting statement v4.pdf
pr305ny8813,2020-8-14 Amphib.pdf
pr305ny8813,2020-08-14 high cap ammo ban overturn stmt v2.pdf
pr305ny8813,2020-08-14 Snow Water Suppy Forecasting Programn Authorization Act release v5.pdf
pr305ny8813,2020-08-18 Senators on Suffrage exhibit joint release v2.pdf
pr305ny8813,2020-8-18 USPS Dejoy Dem Caucus.pdf
pr305ny8813,2020-8-20 Collins Joint USPS Letter.pdf
pr305ny8813,2020-08-20 CV wasterwater testing program statement v5.pdf
pr305ny8813,2020-8-20 Daines Joint Fire Letter.pdf
pr305ny8813,2020-08-20 Lake Tahoe Summit media advisory v2.pdf
pr305ny8813,2020-08-22 fire statement v5.pdf
pr305ny8813,2020-08-24 blake shooting v2.pdf
pr305ny8813,2020-08-25 tahoe summit remarks.pdf
pr305ny8813,2020-08-26 gao study on sf sewage.pdf
pr305ny8813,2020-8-26 USPS Letter with Harris.pdf
pr503jc0217,ALLEG_316.pdf
pr503jc0217,CLINT-6_818.pdf
pr503jc0217,CLINT-C_820.pdf
pr503jc0217,S-CLINT4_910.pdf
pr503jc0217,CLINTON1.pdf
pr851nf3278,L971.pdf
pr889vn1980,L6769.pdf
ps337fn5601,2017-06-01 Paris agreement withdrawl statement.pdf
ps337fn5601,2017-06-02 Torture report.pdf
ps337fn5601,2017-06-07 iran sanctions.pdf
ps337fn5601,2017-06-08 702 reauth.pdf
ps337fn5601,2017-06-09 grassley jurisdiction letter.pdf
ps337fn5601,2017-06-09 Zinke letter on national monuments.pdf
ps337fn5601,2017-06-13 dont fire mueler.pdf
ps337fn5601,2017-6-13 Sessions exchange v2.pdf
ps337fn5601,2017-06-14 scalise shooting.pdf
ps337fn5601,2017-06-14 sf ups shooting.pdf
ps337fn5601,2017-06-15 bipartisan letter to grassley.pdf
ps337fn5601,2017-06-15 Ross Letter National Marine Sanctuaries.pdf
ps337fn5601,2017-06-15 Russian sanctions vote.pdf
ps337fn5601,2017-06-16 rosenstein recusal.pdf
ps337fn5601,2017-06-16 trump statement.pdf
ps337fn5601,2017-06-22 UC San Diego Dalai Lama.pdf
ps337fn5601,2017-06-23 kushner letter.pdf
ps337fn5601,2017-06-26 Organics letter release.pdf
ps337fn5601,2017-06-27 bradbury nom.pdf
ps337fn5601,2017-06-27 health care press call as delivered.pdf
ps337fn5601,2017-06-28 Water Conservation Tax Parity Act introduction.pdf
ps545sr8404,2013-01-16 awb presser advisory.pdf
ps545sr8404,2013-1-30 Brennan Advisory.pdf
ps772cf0184,2007-10-10-v-haight ashbury free clinics 40th anniversary.pdf
ps815fs7014,L982.pdf
pt285rq4929,2010-05-20-v-law foundation of silicon valley 36th annual celebration of justice dinner.pdf
pt285rq4929,2010-05-20-v-law foundation of silicon valley 36th annual celebration of justice dinner (2).pdf
pt348ks2825,L12879.pdf
pt408fw0182,L10022.pdf
pt410dq6437,2007-07-16-a-floor speech-guantanamo.pdf
pt410dq6437,2007-07-16-a-ramos and compean hearing.pdf
pt410dq6437,2007-07-17-a-lou dobbs tonight-border agents.pdf
pt410dq6437,2007-07-23-a-rules-ballot integrity hearing.pdf
pt410dq6437,2007-07-25-a-AgJOBS intro.pdf
pt410dq6437,2007-07-26-a-radio-Gonzales investigation.pdf
pt410dq6437,2007-07-27-a-pathfire-Gonzales investigation.pdf
pt410dq6437,2007-07-30-a-weekly planner.pdf
pt504kb0715,2011-10-31 friends of urban forest video.pdf
pt504kb0715,2011-10-31 fuf script.pdf
pt555sf0627,L9817.pdf
pt862cq6173,L2534.pdf
pt870qb9147,2016-05-18 Community of Friends homeless gala v2.pdf
pt870qb9147,2016-05-18 Community of Friends homeless gala v1.pdf
pv188sg9475,L5196.pdf
pv199nx2158,2023-03-02 Diablo Canyon statement v4.pdf
pv199nx2158,2023-03-07 Wildfire HHS letter release v5.pdf
pv199nx2158,2023-03-09 Brightline West letter release v2.pdf
pv199nx2158,2023-03-14 Biden Monterey Park statement v2.pdf
pv554hf2038,2009-04-16-v-March for Water.pdf
pv611jy6402,L9628.pdf
pv734xw8642,L9895.pdf
pw555xc5768,L9608.pdf
pw726sg9535,2014-08-04 james brady statement.pdf
pw726sg9535,2014-09-11 awb 20 year anniv.pdf
pw833jn1750,pw833jn1750_0001.jp2
px376qf9322,2010-05-04-a-mexican drug violence hearing.pdf
px376qf9322,2010-05-12-a-meet with kagan.pdf
px376qf9322,2010-05-13-a-path fire-off-shore-drilling-ban.pdf
px376qf9322,2010-05-13-a-radio actuality-off-shore-drilling.pdf
px376qf9322,2010-05-19-a-desert bill hearing.pdf
px376qf9322,2010-05-20-a-radio actuality-mojave-desert-energy-develop.pdf
px376qf9322,2010-05-25-a-Interior-MMS-post spill.pdf
px376qf9322,2010-05-25-a-Interior-MMS-restructuring post spill.pdf
px515zp0690,2011-08-01 DOT bus transit announcement 07 29 11.pdf
px515zp0690,2011-08-01-pr-SSCI Matt Olsen Committee Vote Release.pdf
px515zp0690,2011-08-02 debt statement.pdf
px515zp0690,2011-08-02-pr-Rate Review testimony HELP.pdf
px515zp0690,2011-08-02 rate review testimony.pdf
px515zp0690,2011-08-03 Cartwright tribute 08 02 11.pdf
px515zp0690,2011-08-03-pr-Judicial openings.pdf
px515zp0690,2011-08-04 non-conforming loans.pdf
px515zp0690,2011-08-10 Burma letter rape 08 10 11.pdf
px515zp0690,2011-08-16 PTC train announce 08 15 11.pdf
px515zp0690,2011-08-18 Mefloquine letter 08 17 11.pdf
px515zp0690,2011-08-18-pr-DREAM statement by POTSU.pdf
px515zp0690,2011-08-18 DREAM statement by POTSU.pdf
px515zp0690,2011-08-19 make it in america.pdf
px515zp0690,2011-08-30-pr-Japan POW resolution.pdf
px515zp0690,2011-08-30-pr-Japan POW resolution tom edits.pdf
px929rj0640,L5361.pdf
py200bj2566,L8987.pdf
py253xx3416,L706.pdf
py498br1262,L10452.pdf
py669mx8851,2007-04-02-pr-supreme court-green house gas decision.pdf
py669mx8851,2007-04-03-pr- increase water-inland water recycling.pdf
py669mx8851,2007-04-03-pr-epa moves forward on clean air act waiver decision.pdf
py669mx8851,2007-04-05-pr-santa susana clean up efforts-DOE letter.pdf
py669mx8851,2007-04-09-pr-JUD seeks undisclosed DOJ documents-us attorney letter.pdf
py669mx8851,2007-04-10-pr-DF urges passage of stem cell research-floor statement.pdf
py669mx8851,2007-04-10-pr-stem cell-newsconference-transcript remarks.pdf
py669mx8851,2007-04-11-pr-news confernece-DF supports governors water initiative.pdf
py669mx8851,2007-04-11-pr-smithsonian hearing-opening statement.pdf
py669mx8851,2007-04-13-pr-allegations of altered or delayed studies-EAC letter.pdf
py669mx8851,2007-04-13-pr-gao royalty report-statement.pdf
py669mx8851,2007-04-13-pr-gao royalty report-statement_clean.pdf
py669mx8851,2007-04-16-pr-FISA Re-Introduction.pdf
py669mx8851,2007-04-16-pr-FISA Re-Introduction back from DF.pdf
py669mx8851,2007-04-17-pr-campaign finance holding filing bill hostage-statement.pdf
py669mx8851,2007-04-17-pr-epa-small engines emissions reduction nationwide.pdf
py669mx8851,2007-04-18-pr-increase drinking water to redwood valley.pdf
py669mx8851,2007-04-19-pr-DF fights ninth circuit split.pdf
py669mx8851,2007-04-19-pr-honoring the life of ernest gallo-passes.pdf
py669mx8851,2007-04-23-pr-approps-supplemental-conf-report.pdf
py669mx8851,2007-04-25-pr-America Competes ACT.pdf
py669mx8851,2007-04-26-pr-electronic campaign filing bill blocked by republicans UC2.pdf
py669mx8851,2007-04-26-pr-restore public access to santa rosa island-intro.pdf
py669mx8851,2007-04-26-pr-senate approves electronic campaign filing.pdf
py669mx8851,2007-04-27-pr-death of jack valenti-statement.pdf
py768cc1318,2018-01-02 even even even more more more letters on russia.pdf
py768cc1318,2018-01-04 Offshore oil drilling statement.pdf
py768cc1318,2018-01-05 Census letter.pdf
py768cc1318,2018-01-07 Israel Anti-BDS vote statement v5.pdf
py768cc1318,2018-01-07 Letter to AO on Workplace Misconduct v2.pdf
py768cc1318,2018-01-09 fusion gps transcript release.pdf
py768cc1318,2018-01-09 grassley steele referral letter.pdf
py768cc1318,2018-01-11 Close GTMO.pdf
py768cc1318,2018-01-12 Shutdown effects on California v3.pdf
py768cc1318,2018-01-16 702 warrant amdt.pdf
py768cc1318,2018-01-17 ice raid letter.pdf
py768cc1318,2018-01-22 shutdown caved statement.pdf
py768cc1318,2018-01-22 shutdown statement.pdf
py768cc1318,2018-01-23 Solar tarriff statement v3.pdf
py768cc1318,2018-01-24 border patrol water treatment letter.pdf
py768cc1318,2018-01-26 bob mueller firing.pdf
py768cc1318,2018-01-26 even even even even more more more letters on russia.pdf
py768cc1318,2018-01-29 Netanyahu Iran Nuclear Agreement statement v3.pdf
py768cc1318,2018-01-30 Russia sanctions v4.pdf
py768cc1318,2018-01-30 sotu statement.pdf
py768cc1318,2018-01-31 gtmo statement.pdf
py768cc1318,2018-01-31 nunes memo statement.pdf
py843dq0785,2015-02-02 Statement on Presidents FY16 budget request.pdf
py843dq0785,2015-02-02 Statement on Presidents FY16 budget request v2.pdf
py843dq0785,2015-02-02 Statement on Presidents FY16 budget request v3.pdf
py843dq0785,2015-02-02 Statement on Presidents FY16 budget request v4.pdf
py843dq0785,2015-02-03 draft Desert Bill introduction press release v3.pdf
py843dq0785,2015-02-09 draft Desert Bill introduction press release v4.pdf
py843dq0785,2015-02-25 - Metrolink crash and rail safety.pdf
py843dq0785,2015-02-26 Delta heritage bill introduction.pdf
py843dq0785,2015-02-26 SF Bay Restoration bill introduction.pdf
py843dq0785,2015-02-26 Combat Human Trafficking Passes v2.pdf
py843dq0785,2015-02-27 - CNN and CBS Advisory.pdf
pz041qx6788,2017-04-03 Cadiz statement.pdf
pz041qx6788,2017-04-03 gorsuch cloture statement.pdf
pz041qx6788,2017-04-03 solo gorsuch cloture.pdf
pz041qx6788,2017-04-04 syria gas.pdf
pz041qx6788,2017-04-07 Cluster Munitions intro.pdf
pz041qx6788,2017-04-07 syria attack.pdf
pz041qx6788,2017-04-10 Caltrain statement.pdf
pz041qx6788,2017-04-10 Eqypt statement.pdf
pz041qx6788,2017-04-25 GAO Seafood letter.pdf
pz041qx6788,2017-04-25 trump 100 days.pdf
pz041qx6788,2017-04-27 Offshore drilling executive order.pdf
pz227fj3860,2022-10-12 National Domestic Violence Awareness Month resolution release v4.pdf
pz227fj3860,2022-10-18 Offshore wind energy lease sales statement v5.pdf
pz227fj3860,2022-10-27 roz wyman statement v2.pdf
pz828pv2871,2013-06-10 david hayes retirement video.pdf
pz930tm0935,L4929.pdf
pz956yk8941,L9481.pdf
qb327gz9077,2005-05-02-pr-el dorado asbestos EPA report.pdf
qb327gz9077,2005-05-02-pr-meth national association of chain drug stores support.pdf
qb327gz9077,2005-05-02-pr-rumsfeld bunker busters.pdf
qb327gz9077,2005-05-03-pr-forest roads conference committee.pdf
qb327gz9077,2005-05-04-pr-overseas basing commission report.pdf
qb327gz9077,2005-05-06-pr-meth legislation endorsed by Longs Drugs stores.pdf
qb327gz9077,2005-05-06-pr-scaap reimbursement sought by governors.pdf
qb327gz9077,2005-05-09-pr-hospital reimbursement for emergency care to undocumented aliens.pdf
qb327gz9077,2005-05-09-pr-Meeting with Black Leaders.pdf
qb327gz9077,2005-05-09-pr-SCAAP GAO report.pdf
qb327gz9077,2005-05-10-pr-burma sanctions.pdf
qb327gz9077,2005-05-10-pr-judicial nominations nuclear option opposition release.pdf
qb327gz9077,2005-05-10-pr-REAL ID in supplimental approps bill.pdf
qb327gz9077,2005-05-11-pr-family abduction.pdf
qb327gz9077,2005-05-11-pr-house gang crime bill.pdf
qb327gz9077,2005-05-12-pr-homeland security bill introduction.pdf
qb327gz9077,2005-05-13-pr-bunker busters funding elimination.pdf
qb327gz9077,2005-05-13-pr-Proposed Base Closures in CA.pdf
qb327gz9077,2005-05-16-pr-credit card minimum payments bill.pdf
qb327gz9077,2005-05-17-pr-Title I integrity low income students.pdf
qb327gz9077,2005-05-17-pr-transportation bill projects in california.pdf
qb327gz9077,2005-05-19-pr-chertoff temporary visa letter.pdf
qb327gz9077,2005-05-19-pr-stem cell research in south korea.pdf
qb327gz9077,2005-05-20-pr-nuclear non-proliferation resolution.pdf
qb327gz9077,2005-05-23-pr-LNG siting amendment.pdf
qb327gz9077,2005-05-23-pr-nuclear option denouncement floor speech.pdf
qb327gz9077,2005-05-23-pr-scaap passes senate.pdf
qb327gz9077,2005-05-24-pr-meth id theft.pdf
qb327gz9077,2005-05-24-pr-stem cell senate letter to frist.pdf
qb327gz9077,2005-05-24-pr-stem cell senate letter to frist_clean.pdf
qb327gz9077,2005-05-25-pr-stem cell nuser statement.pdf
qb327gz9077,2005-05-26-pr-asbestos-pass-committee.pdf
qb327gz9077,2005-05-26-pr-Opposes Nomination of Bolton to UN.pdf
qb472nf6496,L869.pdf
qb500rn8988,2020-7-7 American Council for the Blind.pdf
qb661ct9390,L10718.pdf
qb892hx9108,L5001.pdf
qc006jn4124,L157.pdf
qc066gm2154,L6151.pdf
qc664jr5968,2008-06-03-pr-climate change legislation-floor speech.pdf
qc664jr5968,2008-06-03-pr-climate change news conference-LW provisions.pdf
qc664jr5968,2008-06-03-pr-data breach legislation blocked-LATEST.pdf
qc664jr5968,2008-06-04-pr-ethanol import tariff.pdf
qc664jr5968,2008-06-05-pr-rules hearing-regional primary process.pdf
qc664jr5968,2008-06-06-pr-judhearing-gitmo and torture.pdf
qc664jr5968,2008-06-06-pr-perform act.pdf
qc664jr5968,2008-06-10-pr-mkoian private relief bill.pdf
qc664jr5968,2008-06-13-pr-energy markets-institutional investors.pdf
qc664jr5968,2008-06-17-pr-oppose offshore drilling.pdf
qc664jr5968,2008-06-17-pr-seqouia wilderness bill.pdf
qc664jr5968,2008-06-18-pr-rules committee greening the capitol.pdf
qc664jr5968,2008-06-19-pr-approps-cjs-committee approve.pdf
qc664jr5968,2008-06-19-pr-byrne scaap appropriations.pdf
qc664jr5968,2008-06-19-pr-release san suu kyi-birthday.pdf
qc664jr5968,2008-06-20-pr-feng shan ho resolution.pdf
qc664jr5968,2008-06-23-pr-More Oversight for Energy Futures Market.pdf
qc664jr5968,2008-06-25-pr-enron loophole.pdf
qc664jr5968,2008-06-25-pr-jud-candy drugs penalties.pdf
qc664jr5968,2008-06-26-pr-approps-laborhhs-fullcmteapprove.pdf
qc664jr5968,2008-06-26-pr-long beach at risk appropriations.pdf
qc664jr5968,2008-06-26-pr-monterey gang initiative appropriations.pdf
qc664jr5968,2008-06-26-pr-rules inauguration website.pdf
qc664jr5968,2008-06-27-pr-electronic voting reform act.pdf
qc664jr5968,2008-06-27-pr-wildfire letter.pdf
qc664jr5968,2008-06-30-pr-rules-BEVRA.pdf
qc978gv3914,2014-06-25 - CA Girls State v1.pdf
qc978gv3914,2014-06-25 - CA Girls State.pdf
qd288pp7546,L2745.pdf
qf336pp8108,L1869.pdf
qf539rz7767,L5256.pdf
qf567ky6083,L1129.pdf
qf905xy9744,ABORT_25.pdf
qf905xy9744,ABORTBMB_129.pdf
qf907bh9830,L16.pdf
qf936ks4927,L5097.pdf
qf943xt1214,L9840.pdf
qg145ww1749,L4904.pdf
qg574nh1641,L5426.pdf
qg587gy2932,L4690.pdf
qg772nm0544,L11120.pdf
qh133yz7972,2008-05-01-pr-scaap hotline approval.pdf
qh133yz7972,2008-05-02-pr-Electronic Voting Reform Act CB.pdf
qh133yz7972,2008-05-02-pr-Electronic Voting Reform Act CB_clean.pdf
qh133yz7972,2008-05-05-pr-suu kyi gold medal-senate approval.pdf
qh133yz7972,2008-05-06-pr-burma cyclone-draft joint statement.pdf
qh133yz7972,2008-05-07-pr-downed animals-letter video.pdf
qh133yz7972,2008-05-08-fact sheet-eara fact sheet.pdf
qh133yz7972,2008-05-08-pr-international markets-CFTC letter.pdf
qh133yz7972,2008-05-08-pr-new VA vote directive.pdf
qh133yz7972,2008-05-08-pr-oil trading transparency.pdf
qh133yz7972,2008-05-08-pr-tejon ranch.pdf
qh133yz7972,2008-05-09-pr-katrina federal response statement.pdf
qh133yz7972,2008-05-12-pr-burma-womens caucus-UN letter.pdf
qh133yz7972,2008-05-12-pr-emergency act relief act-fact sheet.pdf
qh133yz7972,2008-05-13-pr-energy votes.pdf
qh133yz7972,2008-05-15-pr-congress approves closing enron loophole.pdf
qh133yz7972,2008-05-15-pr-eara approval.pdf
qh133yz7972,2008-05-15-pr-gao report smithsonian.pdf
qh133yz7972,2008-05-15-pr-gao report smithsonian_clean.pdf
qh133yz7972,2008-05-15-pr-gao smithsonian improvements.pdf
qh133yz7972,2008-05-15-pr-gao smithsonian improvements_clean.pdf
qh133yz7972,2008-05-15-pr-salmon appropriations.pdf
qh133yz7972,2008-05-15-pr-secure rural schools extension.pdf
qh133yz7972,2008-05-15-pr-secure rural schools extension_V2.pdf
qh133yz7972,2008-05-17-pr-Endangered Species Day.pdf
qh133yz7972,2008-05-19-pr-epa report denying CAs waiver.pdf
qh133yz7972,2008-05-20-pr-downed cattle ban usda.pdf
qh133yz7972,2008-05-21-pr-lower ethanol import tariff.pdf
qh133yz7972,2008-05-22-pr-domestic supplemental appropriations.pdf
qh133yz7972,2008-05-22-pr-Intro Bay Area Water Recycling Measure.pdf
qh133yz7972,2008-05-22-pr-rules-fec nomination-vote-latest.pdf
qh133yz7972,2008-05-23-pr-perchlorate-governor letter.pdf
qh133yz7972,2008-05-27-pr-lieberman warner-carbon markets-floor statement.pdf
qh133yz7972,2008-05-28-pr-lieberman warner-drinking water-floor statement.pdf
qh133yz7972,2008-05-28-pr-lieberman warner-agricultural allowance-floor statement.pdf
qh133yz7972,2008-05-29-pr-lieberman warner-oversight of carbon markets-floor.pdf
qh474yf8947,L4571.pdf
qh819qk9422,2005-12-14-a-satfeed-meth act.pdf
qh819qk9422,2005-12-16-a-sat-feed-surveillance.pdf
qj158vx4077,2015-12-10 Generation Citizen v2.pdf
qj158vx4077,2015-12-10 Generation Citizen v1.pdf
qj489pt0134,L836.pdf
qj582kk7647,2011-10-04 pipeline letter to rand paul.pdf
qj582kk7647,2011-10-06 Ag act 10 06 11.pdf
qj582kk7647,2011-10-06 china currency.pdf
qj582kk7647,2011-10-06 Earthquake insurance w Campbell 10 06 11.pdf
qj582kk7647,2011-10-06 Equal Justice for our Military final 10 06 11.pdf
qj582kk7647,2011-10-06 jobs death.pdf
qj582kk7647,2011-10-7 Chinese exclusion act passage 10 06 11.pdf
qj582kk7647,2011-10-11 iran plot.pdf
qj582kk7647,2011-10-11 jobs bill defeat.pdf
qj582kk7647,2011-10-12 fta release.pdf
qj582kk7647,2011-10-12 stored value statement 10 12 11.pdf
qj582kk7647,2011-10-13 Judicial relief act commitee vote 10 13 11.pdf
qj582kk7647,2011-10-13-pr-CA-Greenhouse-bill.pdf
qj582kk7647,2011-10-13-pr-commerce-justice-science-fy2007.pdf
qj582kk7647,2011-10-14 DOMA jud markup announce 10 14 11.pdf
qj582kk7647,2011-10-17 pipeline df release.pdf
qj582kk7647,2011-10-17-Watford court of appeals release 10 17 11.pdf
qj582kk7647,2011-10-18 jobs bill-teachers 1st responders v3.pdf
qj582kk7647,2011-10-18 pipeline testimony release.pdf
qj582kk7647,2011-10-18-pr-CFTC Rule Release.pdf
qj582kk7647,2011-10-20 john bryson confirm release.pdf
qj582kk7647,2011-10-20 teacher 1st resp jobs bill cloture fail.pdf
qj582kk7647,2011-10-21 conforming loan amdt.pdf
qj582kk7647,2011-10-24 BPA statement Pediatrics study 10 24 11.pdf
qj582kk7647,2011-10-24 ndaa detainee letter.pdf
qj582kk7647,2011-10-25 Stalking apps 10 25 11.pdf
qj992hf1992,L4815.pdf
qk081bg6688,L10613.pdf
qk574kb5955,2004-02-10-pr-Support Props 57 and 58.pdf
qk574kb5955,2004-02-11-pr-internet tax moratorium.pdf
qk574kb5955,2004-02-12-pr-Disappointed about BRAC Criteria.pdf
qk574kb5955,2004-02-12-pr-guest worker hearing1.pdf
qk574kb5955,2004-02-12-pr-irvine basin water supply.pdf
qk574kb5955,2004-02-12-pr-stolen memos by judiciary staff.pdf
qk574kb5955,2004-02-12-pr-transportation reauth bill.pdf
qk574kb5955,2004-02-19-pr-document outsourcing.pdf
qk574kb5955,2004-02-24-pr-cyberterrorism hearing.pdf
qk574kb5955,2004-02-24-pr-medical malpractice flr stmt.pdf
qk574kb5955,2004-02-24-pr-Renew Assault Weapons Ban.pdf
qk574kb5955,2004-02-25-pr-AB 1432-Retrying Offenders.pdf
qk574kb5955,2004-02-25-pr-gun liability statement.pdf
qk574kb5955,2004-02-25-pr-gun liability statement_clean.pdf
qk574kb5955,2004-02-26-pr-office of special counsel discrimination ltr.pdf
qk574kb5955,2004-02-26-pr-tribal forest protection act.pdf
qk574kb5955,2004-02-27-pr-outsourcing persnoal data gao request.pdf
qk574kb5955,2004-02-27-pr-terrorismm homeland security hearings schedule.pdf
qk744dh1922,L986.pdf
qm135dr3314,2008-02-26-v-carbon forum america internatioanl emissions trading association.pdf
qm253zm0922,2018-05-18 FINAL Harvey Milk Diversity Breakfast.pdf
qm253zm0922,2018-05-18 Harvey Milk Diversity Breakfast v4.pdf
qm253zm0922,2018-05-18 Harvey Milk Diversity Breakfast v3.pdf
qm253zm0922,2018-05-18 Harvey Milk Diversity Breakfast v2.pdf
qm283dy6551,L9252.pdf
qm550cj3392,2016-09-21 MSF dinner v7.pdf
qm550cj3392,2016-09-22 three scripts one doc FINAL.pdf
qm550cj3392,2016-09-22 three scripts one doc.pdf
qm550cj3392,2016-09-21 MSF dinner v6.pdf
qm550cj3392,2016-09-21 MSF dinner v5.pdf
qm550cj3392,2016-09-21 MSF dinner v4.pdf
qm550cj3392,2016-09-21 MSF dinner v2.pdf
qm550cj3392,2016-09-21 MSF dinner.pdf
qm927vs4208,L2283.pdf
qn158zc0036,L10507.pdf
qn196sv8300,L833.pdf
qn290fv1451,L1624.pdf
qn661yn0993,2004-08-03-v-mobility 21 transportation summit.pdf
qn676sv3689,L4175.pdf
qp028kw7875,qp028kw7875_0001.jp2
qp099wg3545,2007-03-01-v-casa de las madres 30th anniversary luncheon.pdf
qp119gz6440,L979.pdf
qp328xz4083,2020-6-25 League of Women Voters Biennial Convention.pdf
qp872jw8918,L5837.pdf
qq122pt0157,2017-12-01 flynn guilty plea.pdf
qq122pt0157,2017-12-01 Israel letter release.pdf
qq122pt0157,2017-12-01 Senate tax reform statement.pdf
qq122pt0157,2017-12-04 even even more letters on russia.pdf
qq122pt0157,2017-12-05 LA Times op-ed release.pdf
qq122pt0157,2017-12-05 mueller budget.pdf
qq122pt0157,2017-12-06 even even more more letters on russia.pdf
qq122pt0157,2017-12-06 Trump Jerusalem statement.pdf
qq122pt0157,2017-12-12 ed lee death.pdf
qq122pt0157,2017-12-12 even even more more more letters on russia.pdf
qq122pt0157,2017-12-15 Tax reform statement.pdf
qq122pt0157,2017-12-18 judge statement.pdf
qq122pt0157,2017-12-19 daca statement.pdf
qq122pt0157,2017-12-19 Tax reform statement.pdf
qq122pt0157,2017-12-20 dni harassment letter.pdf
qq122pt0157,2017-12-21 cr floor speech.pdf
qq122pt0157,2017-12-21 daca chip cr.pdf
qq122pt0157,2017-12-21 Thomas fire disater declaration letter.pdf
qq417xw7198,2017-05-02 NTI Radiological Workshop v3.pdf
qq417xw7198,Rad Sec Workshop Video Greeting v3.pdf
qq417xw7198,2017-05-02 NTI Radiological Workshop v2.pdf
qq417xw7198,2017-05-02 NTI Radiological Workshop.pdf
qq448jn0524,2015-12-01 visa waiver program reform bill DF approved.pdf
qq448jn0524,2015-12-02 san bernardino shooting.pdf
qq448jn0524,2015-12-03 - Statement on IAEA PMD Iran report.pdf
qq448jn0524,2015-12-03 - Transportation bill - ExIm.pdf
qq448jn0524,2015-12-04 water v6.pdf
qq448jn0524,2015-12-08 social media reporting standalone.pdf
qq448jn0524,2015-12-08 torture report anniversary v2.pdf
qq448jn0524,2015-12-09 Every Student Succeeds Act v2.pdf
qq448jn0524,2015-12-10 ACS Personal Care Products v3.pdf
qq448jn0524,2015-12-10 Law enforcemnet No Guns Endorsements.pdf
qq448jn0524,2015-12-11 drought statement.pdf
qq448jn0524,2015-12-11 drought statement v2.pdf
qq448jn0524,2015-12-15 1 billion stampsv3.pdf
qq448jn0524,2015-12-16 - Omnibus.pdf
qq448jn0524,2015-12-16 - Omnibus v2.pdf
qq448jn0524,2015-12-16 omnibus visa waiver v3.pdf
qq448jn0524,2015-12-16 - Omnibus v3.pdf
qq448jn0524,2015-12-16 - Omnibus v4.pdf
qq448jn0524,2015-12-18 - Omnibus v5.pdf
qq717jr8632,2016-05-10 HRC release.pdf
qq717jr8632,2016-05-19 MilconVA and THUD minibus.pdf
qq717jr8632,2016-05-19 new dep state director.pdf
qq717jr8632,2016-05-25 hrc comment.pdf
qq717jr8632,2016-05-26 Statement on ITER.pdf
qq717jr8632,2016-05-26 Water Conservation Letter.pdf
qq717jr8632,2016-05-29 trump drought statement.pdf
qr239sh7011,L11207.pdf
qr424pp3256,L952.pdf
qr938cw3471,L10227.pdf
qr999sn8476,L5615.pdf
qs101gc8475,L1995.pdf
qs219wj5154,L7602.pdf
qs221yc2467,2015-12-01 Ray Cortines retirement v4.pdf
qs221yc2467,2015-12-01 Ray Cortines retirement v3.pdf
qs221yc2467,2015-12-01 Ray Cortines retirement v2.pdf
qs221yc2467,2015-12-01 Ray Cortines retirement v1.pdf
qs221yc2467,2015-10-16 MEMO Ray Cortines retirement.pdf
qs234jm5751,L806.pdf
qs403zd7437,L5308.pdf
qs492fz9877,qs492fz9877_0001.jp2
qs493fn5577,L2533.pdf
qs806vx4985,2015-12-14 Carlsbad Desalination Plant Dedication v4.pdf
qs806vx4985,2015-12-14 Carlsbad Desalination Plant Dedication v3.pdf
qs806vx4985,2015-12-14 Carlsbad Desalination Plant Dedication v2.pdf
qs806vx4985,2015-12-14 - Carlsbad Desalination Plant Dedication v1.pdf
qt563cs9278,L10287.pdf
qt605sk4145,L7459.pdf
qt899gr4915,L9739.pdf
qv118np1542,qv118np1542_0001.jp2
qv375kp3147,2018-11-1 Ag Assistance Letter.pdf
qv375kp3147,2018-11-07 sessions resigns.pdf
qv375kp3147,2018-11-07 sessions resigns v2.pdf
qv375kp3147,2018-11-07 sessions resigns v3.pdf
qv375kp3147,2018-11-8 HHS Abortion Rule.pdf
qv375kp3147,2018-11-8 HHS Birth Control Rule.pdf
qv375kp3147,2018-11-08 thousand oaks shooting.pdf
qv375kp3147,2018-11-09 Justice ERND letter.pdf
qv375kp3147,2018-11-12 Wildfire letter.pdf
qv375kp3147,2018-11-13 whitaker sessions hearing.pdf
qv375kp3147,2018-11-14 whitaker olc statement v4.pdf
qv375kp3147,2018-11-16 Wildfire aid release v3.pdf
qv375kp3147,2018-11-16 Wildfire disaster supplemental letter.pdf
qv375kp3147,2018-11-16 Wildfire tax relief release v2.pdf
qv375kp3147,2018-11-19 9th circuit letter.pdf
qv375kp3147,2018-11-20 Border troops statement.pdf
qv375kp3147,2018-11-20 khashoggi statement.pdf
qv375kp3147,2018-11-27 Earthquake preparedness v2.pdf
qv375kp3147,2018-11-27 Russia Ukraine v2.pdf
qv375kp3147,2018-11-27 Sites Reservoir grant v4.pdf
qv375kp3147,2018-11-28 REAL PEACE Act intro.pdf
qv375kp3147,2018-11-28 Sanders-Lee Resolution statement v2.pdf
qv375kp3147,2018-11-29 cohen guilty plea FINAL.pdf
qv375kp3147,2018-11-29 Wildfire Disaster Supplemental.pdf
qv375kp3147,2018-11-30 Wine duty drawback release.pdf
qv375kp3147,sessions resigns v4.pdf
qv375kp3147,sessions resigns v5.pdf
qv375kp3147,sessions resigns v6.pdf
qv375kp3147,sessions resigns v7.pdf
qv375kp3147,sessions resigns v8.pdf
qw241zf5857,L5055.pdf
qw618yk2486,L5385.pdf
qw764gc5255,L10428.pdf
qw824mf6921,L9702.pdf
qw899xh3839,2016-10-13 russia hacking.pdf
qw899xh3839,2016-10-18 Federal Report Aliso Canyon.pdf
qw899xh3839,2016-10-24 DF BB Letter of National Guard Bonuses.pdf
qw899xh3839,2016-10-25 DF BB joint statement on National Guard bonuses.pdf
qw899xh3839,2016-10-26 DF BB joint response to SecDef on National Guard bonuses.pdf
qw899xh3839,2016-10-28 clinton emails.pdf
qw975vw3237,L9521.pdf
qx239yz7576,L10117.pdf
qx664tj9791,L1282.pdf
qx782gr7946,AWIMP_406.pdf
qx782gr7946,PRODLIB_707.pdf
qx782gr7946,CLIPS_398.pdf
qx824cq3226,2007-01-20-v-Sheriff Plummer Retirement.pdf
qx824cq3226,2007-01-20-v-Sheriff Plummer Retirement other info.pdf
qx908jr8690,L1691.pdf
qx969hz5691,L998.pdf
qy129jx8348,L1135.pdf
qy271yh6129,r-smallenginesdrop.pdf
qy271yh6129,r-forests-1001.pdf
qy271yh6129,r-smallenginesbond2.pdf
qy271yh6129,r-late-termabortions.pdf
qy271yh6129,r-boykin.pdf
qy271yh6129,r-affiliate1-dc.pdf
qy271yh6129,r-meth1.pdf
qy271yh6129,r-meth2.pdf
qy271yh6129,r-affiliate1-dc1.pdf
qy271yh6129,r-lompoc.pdf
qy271yh6129,r-dreamact3.pdf
qy271yh6129,r-wildfire1.pdf
qy271yh6129,r-warming.pdf
qy271yh6129,r-calfedhearing03.pdf
qy271yh6129,r-warprof103103.pdf
qy699pw5446,2006-01-06-a-fox news sunday-alito.pdf
qy699pw5446,2006-01-10-a-radio-AgJOBS.pdf
qy699pw5446,2006-01-10-a-satfeed-AgJOBS.pdf
qy699pw5446,2006-01-11-a-cnn-situation room-alito.pdf
qy699pw5446,2006-01-13-a-cbs-face the nation-alito.pdf
qy699pw5446,2006-01-13-a-larry-king-live.pdf
qy699pw5446,2006-01-19-a-santa-rosa-wash-report.pdf
qy699pw5446,2006-01-22-a-satfeed-firing of us attorneys.pdf
qy699pw5446,2006-01-24-a-radio-feed-alito-markup.pdf
qy699pw5446,2006-01-24-a-sat-feed-alito-markup.pdf
qy699pw5446,2006-01-31-a-msnbc-hardball.pdf
qz090qq9685,L9797.pdf
qz153wp3714,L3600.pdf
qz424qr2972,L5380.pdf
qz680tr9852,L9132.pdf
qz747ys9535,L3518.pdf
qz810tp1521,L868.pdf
rb857pm9323,L1498.pdf
rc333vd8646,2005-01-04-pr-matsui courthouse.pdf
rc333vd8646,2005-01-05-pr-hybrids use diamond lanes.pdf
rc333vd8646,2005-01-05-pr-id theft package unveil.pdf
rc333vd8646,2005-01-05-pr-jerry lewis committee chair of house approps committee.pdf
rc333vd8646,2005-01-05-pr-matsui tribute.pdf
rc333vd8646,2005-01-06-pr-Abolishing the Electoral College.pdf
rc333vd8646,2005-01-07-pr-forest fire prevention funding in ca.pdf
rc333vd8646,2005-01-07-pr-tsunami gao letter.pdf
rc333vd8646,2005-01-10-pr-old growth forests.pdf
rc333vd8646,2005-01-10-pr-perchlorate national research council report.pdf
rc333vd8646,2005-01-14-pr-mlb steroids.pdf
rc333vd8646,2005-01-14-pr-Support Californians in BRAC Commission.pdf
rc333vd8646,2005-01-18-pr-condi rice intro.pdf
rc333vd8646,2005-01-21-pr-epa national perchlorate standard.pdf
rc333vd8646,2005-01-21-pr-lariam dod letter.pdf
rc333vd8646,2005-01-21-pr-lytton gaming.pdf
rc333vd8646,2005-01-24-pr-breast cancer stamp.pdf
rc333vd8646,2005-01-24-pr-head start loan forgiveness.pdf
rc333vd8646,2005-01-24-pr-id theft intro.pdf
rc333vd8646,2005-01-24-pr-lytton gaming.pdf
rc333vd8646,2005-01-24-pr-military intelligence hearing.pdf
rc333vd8646,2005-01-24-pr-northern california coastal wild heritage wilderness act.pdf
rc333vd8646,2005-01-24-pr-perchlorate bill introduced.pdf
rc333vd8646,2005-01-24-pr-resources-introduction-050124.pdf
rc333vd8646,2005-01-24-pr-unaccompanied minors introduction.pdf
rc333vd8646,2005-01-25-pr art and theft prevention art act introduced.pdf
rc333vd8646,2005-01-25-pr-gao california crude oil-050124.pdf
rc333vd8646,2005-01-25-pr-hallums letters.pdf
rc333vd8646,2005-01-25-pr-johanns ban on canadian beef letter.pdf
rc333vd8646,2005-01-25-pr-medicare reimbursement introduce.pdf
rc333vd8646,2005-01-25-pr-redding dea office.pdf
rc333vd8646,2005-01-26-pr-alberto gonzales attorney general opposition statement.pdf
rc333vd8646,2005-01-26-pr-gang bill introduction.pdf
rc333vd8646,2005-01-26-pr-iraq casualties statement.pdf
rc333vd8646,2005-01-26-pr-pechanga san pablo casino statement.pdf
rc333vd8646,2005-01-26-pr-stem cell research.pdf
rc333vd8646,2005-01-26-pr-Talent combat meth act introduction.pdf
rc333vd8646,2005-01-27-pr-head start loan forgiveness.pdf
rc333vd8646,2005-01-27-pr-restore funds for pell grants.pdf
rc333vd8646,2005-01-27-pr-scaap introduction.pdf
rc583mv4936,L2476.pdf
rc953pj9386,L1016.pdf
rd326hq4170,L5255.pdf
rd784cp5409,2014-09-02 Asia Foundation 60th - RT draft v1.pdf
rd883my9170,2005-05-22-v-women against gun violence.pdf
rf480wx4631,L5453.pdf
rf551ms5493,L10943.pdf
rf975vr5943,L1308.pdf
rg020gr9551,L11043.pdf
rg082pv7666,2019-09-03 august mass shootings.pdf
rg082pv7666,2019-09-03 CFPB letter release v6.pdf
rg082pv7666,2019-09-3 McAleenan Ports of Entry Drugs.pdf
rg082pv7666,2019-09-03 US Conf of Mayors homeless bill support v4.pdf
rg082pv7666,2019-09-04 Border wall funding v5.pdf
rg082pv7666,2019-09-4 HHS NIH Fetal Tissue.pdf
rg082pv7666,2019-09-6 Tailpipe Emissions.pdf
rg082pv7666,2019-09-09 gun legislation v2.pdf
rg082pv7666,2019-09-9 House Passage Pacific Drilling.pdf
rg082pv7666,2019-09-10 LA County Supervisors support migrant families bill v5.pdf
rg082pv7666,2019-09-11 As Delivered Menashi QA.pdf
rg082pv7666,2019-09-11 As Delivered Menashi.pdf
rg082pv7666,2019-09-11 E-cigs.pdf
rg082pv7666,2019-09-11 homeless trump statement.pdf
rg082pv7666,2019-09-11 house gun bills v2.pdf
rg082pv7666,2019-09-12 Committee passes Energy and Water v4.pdf
rg082pv7666,2019-09-12 Companies gun violence letter v5.pdf
rg082pv7666,2019-09-12 Navy China Lake Funding.pdf
rg082pv7666,2019-09-12 Waterways.pdf
rg082pv7666,2019-09-15 SB 1 statement.pdf
rg082pv7666,2019-09-16 iran attacks.pdf
rg082pv7666,2019-09-16 kavanaugh statement.pdf
rg082pv7666,2019-09-16 kavanaugh statement v2.pdf
rg082pv7666,2019-09-17 Driftnets.pdf
rg082pv7666,2019-09-17 Emissions Waiver Revocation.pdf
rg082pv7666,2019-09-17 Newsom E-cig.pdf
rg082pv7666,2019-09-18 DOJ Antitrust Emissions.pdf
rg082pv7666,2019-09-18 emission standards day 2.pdf
rg082pv7666,2019-09-18 Napolitano Resignation from UC.pdf
rg082pv7666,2019-09-18 Statement on presidents CA homeless remarks v5.pdf
rg082pv7666,2019-09-19 heather sawyer.pdf
rg082pv7666,2019-09-19 trump homeless comments.pdf
rg082pv7666,2019-09-19 USDA Salton Sea approps language v4.pdf
rg082pv7666,2019-09-20 climate change statement v3.pdf
rg082pv7666,2019-09-20 heather sawyer.pdf
rg082pv7666,2019-09-20 nra myth erpo due process.pdf
rg082pv7666,2019-09-20 nra myth guns dont kill.pdf
rg082pv7666,2019-09-20 Refugee Consultation letter v2.pdf
rg082pv7666,2019-09-21 whistleblower statement letter.pdf
rg082pv7666,2019-09-21 whistleblower.pdf
rg082pv7666,2019-09-24 California clean air v3.pdf
rg082pv7666,2019-09-24 general hyten.pdf
rg082pv7666,2019-09-24 impeachment statement.pdf
rg082pv7666,2019-09-24 impeachment statement v2.pdf
rg082pv7666,2019-09-24 SF Bay Salt Ponds lawsuit v4.pdf
rg082pv7666,2019-09-24 whistleblower hearing.pdf
rg082pv7666,2019-09-25 Disaster relief bill v1.pdf
rg082pv7666,2019-09-25 FCC Earthquakes v2.pdf
rg082pv7666,2019-09-25 FCC Earthquakes.pdf
rg082pv7666,2019-09-25 house awb hearing.pdf
rg082pv7666,2019-09-26 family separation amdt.pdf
rg082pv7666,2019-09-26 family separation amdt v3.pdf
rg082pv7666,2019-09-26 family separation amdt v4.pdf
rg082pv7666,2019-09-26 family separation amdt FINAL.pdf
rg082pv7666,2019-09-26 japan trade deal.pdf
rg082pv7666,2019-09-26 Refugee ceiling v8.pdf
rg082pv7666,2019-09-26 UN climate change report v5.pdf
rg082pv7666,2019-09-26 whistleblower stmt.pdf
rg082pv7666,2019-09-27 EPA Transportation Funding Letter.pdf
rg082pv7666,2019-09-27 menashi letter.pdf
rg082pv7666,2019-09-30 Khashoggi One year.pdf
rg082pv7666,2019-09-30 Khashoggi One year v2.pdf
rg082pv7666,2019-09-30 Khashoggi One year v3.pdf
rg082pv7666,2019-09-30 Khashoggi One year FINAL.pdf
rg082pv7666,2019-09-30 Khashoggi One year Redux.pdf
rg082pv7666,2019-09-30 Khashoggi One year Redux_clean.pdf
rg082pv7666,2019-09-30 Whistleblower letter v2.pdf
rg541hq5332,L2873.pdf
rg598nv6971,L3915.pdf
rg700tk9508,L9366.pdf
rg830fq3905,2005-02-01-pr-alberto gonzales opposition floor speech as prepared.pdf
rg830fq3905,2005-02-01-pr-alberto gonzales opposition floor speech as delivered.pdf
rg830fq3905,2005-02-01-pr-bush disaster relief for ca after storms.pdf
rg830fq3905,2005-02-01-pr-hybrid waiver diamond lanes house bill.pdf
rg830fq3905,2005-02-01-pr-medicare enhancement for needed drugs mend act.pdf
rg830fq3905,2005-02-01-pr-piracy artists rights and theft prevention act art act reintroduced.pdf
rg830fq3905,2005-02-02-PR-Angel Island-Intro.pdf
rg830fq3905,2005-02-02-pr-sotu react.pdf
rg830fq3905,2005-02-03-pr-rural schools bill.pdf
rg830fq3905,2005-02-03-pr-social security dem caucus letter to bush.pdf
rg830fq3905,2005-02-03-pr-sotu stemcells.pdf
rg830fq3905,2005-02-07-pr-fy06 budget react.pdf
rg830fq3905,2005-02-07-pr-least developed nations aid TRADE bill introduced.pdf
rg830fq3905,2005-02-08-pr-nepalese king letter.pdf
rg830fq3905,2005-02-09-pr-class action amendment.pdf
rg830fq3905,2005-02-09-pr-energy committee lands expansion of redwood national park santa monica mountains national recreation area.pdf
rg830fq3905,2005-02-09-pr-medicare estimates.pdf
rg830fq3905,2005-02-10-pr-hammett and maltese falcon 75th anniversary.pdf
rg830fq3905,2005-02-11-pr-letter dc vouchers.pdf
rg830fq3905,2005-02-11-pr-lytton casino mccain review.pdf
rg830fq3905,2005-02-15-pr-missile defense failure.pdf
rg830fq3905,2005-02-16-pr-idtheft notification.pdf
rg830fq3905,2005-02-16-pr-internet pharmacy meth.pdf
rg830fq3905,2005-02-16-pr-kyoto resolution global warming.pdf
rg830fq3905,2005-02-16-pr-port security intro.pdf
rg830fq3905,2005-02-16-pr-stem cell research lines expansion bill.pdf
rg830fq3905,2005-02-16-pr-wilderness bill committee passage.pdf
rg830fq3905,2005-02-16-pr-yosemite golden gate national recreation area passes committee.pdf
rg830fq3905,2005-02-17-pr-dni negroponte announcement react.pdf
rg830fq3905,2005-02-17-pr-female interrogations letter to rumsfeld.pdf
rg830fq3905,2005-02-17-pr-ww2 war crimes records disclosure act senate passage.pdf
rg830fq3905,2005-02-18-pr-matsui courthouse passes.pdf
rg830fq3905,2005-02-18-pr-perchlorate letter epa.pdf
rg830fq3905,2005-02-18-pr-perchlorate reference dose.pdf
rg830fq3905,2005-02-23-pr-id theft choicepoint.pdf
rg830fq3905,2005-02-23-pr-perchlorates texas tech university study.pdf
rg830fq3905,2005-02-23-pr-ports press conference.pdf
rg830fq3905,2005-02-24-pr-disaster-bush-050223.pdf
rg830fq3905,2005-02-24-pr-interoperable communications funding.pdf
rg830fq3905,2005-02-24-pr-usa next aarp ad gay bashing.pdf
rg830fq3905,2005-02-25-pr-assault weapons-los angeles.pdf
rg830fq3905,2005-02-25-pr-B of A Loss of Transaction Records.pdf
rh011wh3688,L1149.pdf
rh067wz6033,L1612.pdf
rh467zt0684,2022-08-01 HRC Respect for Marriage Act letter v2.pdf
rh467zt0684,2022-08-01 Police chiefs Age 21 Act letter release v2.pdf
rh467zt0684,2022-08-22 Fauci statement v3.pdf
rh467zt0684,2022-08-30 Biden gun speech v4.pdf
rh467zt0684,2022-08-30 Diablo Canyon letter release v3.pdf
rh529jb6003,2010-11-17-v-salvation army lunch honoring mayor frank jordan.pdf
rh544mj7041,2012-12-14 meet the press advisory.pdf
rh544mj7041,2012-12-19 awb pathfire.pdf
rh544mj7041,2012-12-21 awb pathfire.pdf
rh544mj7041,2012-12-21 awb presser advisory.pdf
rh945rf4434,L5546.pdf
rj079jk6343,2015-07-09 Tahoe Bill.pdf
rj079jk6343,2015-07-14 - Iran nuclear deal statement v2.pdf
rj079jk6343,2015-07-14 - Iran nuclear deal statement v2_clean.pdf
rj079jk6343,2015-07-14 - Iran nuclear deal statement v3.pdf
rj079jk6343,2015-07-14 - Iran nuclear deal statement v4.pdf
rj079jk6343,2015-07-14 - Iran nuclear deal statement v5.pdf
rj079jk6343,2015-07-14 - Iran nuclear deal statement.pdf
rj079jk6343,2015-07-15 house water bill passage v2.pdf
rj079jk6343,2015-07-17 CBS Face the Nation advisory.pdf
rj079jk6343,2015-07-20 Dodd-Frank 5 year anniversary.pdf
rj079jk6343,2015-07-20 Dodd-Frank 5 year anniversary v2.pdf
rj079jk6343,2015-07-22 - truck length amendment.pdf
rj079jk6343,2015-07-23 CFTC letter.pdf
rj079jk6343,2015-07-23 - CFTC letter on energy swaps.pdf
rj079jk6343,2015-07-23 Felon Notification Act v6.pdf
rj079jk6343,2015-07-24 - Ex-Im bank vote.pdf
rj079jk6343,2015-07-24 aca repeal vote.pdf
rj079jk6343,2015-07-24 ex-im bank vote.pdf
rj079jk6343,2015-07-28 - bill intro on financial service providers.pdf
rj079jk6343,2015-07-28 - bill intro on financial service providers v2.pdf
rj079jk6343,2015-07-29 LA high capacity magazines v2.pdf
rj274zb7163,2011-11-08 doma advisory.pdf
rj471br9680,2002-12-10-a-president carter nobel peace prize.pdf
rj527wz4991,2017-10-13 Downtown Womens Center v6.pdf
rj527wz4991,2017-10-13 Downtown Womens Center v5.pdf
rj527wz4991,2017-10-13 Downtown Womens Center v4.pdf
rj527wz4991,2017-10-13 Downtown Womens Center v3.pdf
rj527wz4991,2017-10-13 Downtown Womens Center v2.pdf
rj527wz4991,2017-10-13 Downtown Womens Center.pdf
rj538dn1638,L1225.pdf
rk053xc3874,L10435.pdf
rk454xd2563,L5143.pdf
rk724qj5694,L11114.pdf
rk739gy0128,2013-04-13 sfcc video greeting.pdf
rk928py5622,L7250.pdf
rm430jj4548,L8980.pdf
rm689gc7131,L6349.pdf
rn428cr1024,2012-02-17 riverside speech advisory.pdf
rn477qw4344,CUSTOMS_915.pdf
rn820wn6967,2011-10-14 fox news sunday.pdf
rn820wn6967,2011-07-18 pipeline pathfire.pdf
rn820wn6967,2011-10-25 east la advisory.pdf
rn820wn6967,2011-10-25 ppic speech advise.pdf
rn946ny6822,L887.pdf
rp160zj0241,2012-10-22 san diego wash report advise.pdf
rp160zj0241,2012-10-24 san fernando wash report advise.pdf
rp160zj0241,2012-10-24 santa barbara advisory.pdf
rp160zj0241,2012-10-26 fresno wash report advise.pdf
rp160zj0241,2012-10-26 OC wash report advise.pdf
rp290jz1886,2012-9-18 Pakistani Foreign Minister photo op.pdf
rp290jz1886,2012-09-27 monterey chamber WR advisory.pdf
rp307yz5927,2004-04-01-pr-bush letter-unborn victims of crime act.pdf
rp307yz5927,2004-04-01-pr-dc-lax direct flights.pdf
rp307yz5927,2004-04-01-pr-house committee id theft legislation passage.pdf
rp307yz5927,2004-04-01-pr-house-intel-reform.pdf
rp307yz5927,2004-04-01-pr-william myers nomination con.pdf
rp307yz5927,2004-04-01-pr-youth conservation corps healthy forests domeneci.pdf
rp307yz5927,2004-04-02-pr-epa-oxygenate-waiver.pdf
rp307yz5927,2004-04-02-pr-justice letter indian gaming.pdf
rp307yz5927,2004-04-05-pr-iraqi prisoner abuse statement.pdf
rp307yz5927,2004-04-06-pr-hhs aids funding cuts.pdf
rp307yz5927,2004-04-08-pr-loose-nukes-.pdf
rp307yz5927,2004-04-09-pr-asbestos introduced.pdf
rp307yz5927,2004-04-09-pr-asbestos introduced_clean.pdf
rp307yz5927,2004-04-9-pr-efficient energy through certified technologies and electricity reliability act effecter act.pdf
rp307yz5927,2004-04-9-pr-terrorist watchlist letter to bush.pdf
rp307yz5927,2004-04-20-pr-Renew Assault Weapons Ban-Columbine.pdf
rp307yz5927,2004-04-21-pr-national missile defense.pdf
rp307yz5927,2004-04-22-pr-earth day.pdf
rp307yz5927,2004-04-22-pr-section8 block grant.pdf
rp307yz5927,2004-04-22-pr-victims rights bill.pdf
rp307yz5927,2004-04-27-pr-protect local revenue in internet access tax moratoriam.pdf
rp307yz5927,2004-04-28-pr-calfed markup.pdf
rp307yz5927,2004-04-28-pr-rumsfeld-letter-iraq funds.pdf
rp307yz5927,2004-04-28-pr-stem cell.pdf
rp307yz5927,2004-04-29-pr-cornyn-feinstein piracy jud committee passage.pdf
rp307yz5927,2004-04-29-pr-feinstein-hatch gangs.pdf
rp307yz5927,2004-04-29-pr-gangs-floor statement.pdf
rp307yz5927,2004-04-29-pr-internet access tax ban extension.pdf
rp307yz5927,2004-04-29-pr-pet scan-.pdf
rp307yz5927,2004-04-30-pr-burma sanctions.pdf
rp608jq1719,2012-06-04 drug demand report release.pdf
rp608jq1719,2012-06-05 df leak statement.pdf
rp608jq1719,2012-06-06 hpsci ssci leak statement.pdf
rp608jq1719,2012-06-11 leaks attorneys appointed.pdf
rp608jq1719,2012-06-11 nuke waste court decision.pdf
rp608jq1719,2012-06-12 burma sanctions.pdf
rp608jq1719,2012-06-13 judgeships in approps bill.pdf
rp608jq1719,2012-06-15 dream statement.pdf
rp608jq1719,2012-06-18 derivatives letter.pdf
rp608jq1719,2012-06-19 tiger grants.pdf
rp608jq1719,2012-06-20 farm bill release.pdf
rp608jq1719,2012-06-21 fuel standards letter.pdf
rp608jq1719,2012-06-21 nunley nomination.pdf
rp608jq1719,2012-06-25 arizona immig statement.pdf
rp608jq1719,2012-06-25 cops grants.pdf
rp608jq1719,2012-06-28 ussc health decision.pdf
rp609xg4651,2017-02-06 Aliso Canyon letter release.pdf
rp609xg4651,2017-02-07 Settlement vote statement.pdf
rp609xg4651,2017-02-08 warren rule xix.pdf
rp609xg4651,2017-02-13 California disaster aid.pdf
rp609xg4651,2017-02-13 Mnuchin statement.pdf
rp609xg4651,2017-02-14 California disaster aid second letter.pdf
rp609xg4651,2017-02-14 general flynn resignation.pdf
rp609xg4651,2017-02-14 Mulvaney statement.pdf
rp609xg4651,2017-02-14 Subsidence release.pdf
rp609xg4651,2017-02-15 grassley feinstein letter on flynn briefing.pdf
rp609xg4651,2017-02-16 jeff sessions russia recusal.pdf
rp609xg4651,2017-02-16 Pruitt statement.pdf
rp609xg4651,2017-02-16 russia preservation letters.pdf
rp609xg4651,2017-02-17 chinese copyrights.pdf
rp609xg4651,2017-02-17 pruitt emails.pdf
rp609xg4651,2017-02-27 Friedman.pdf
rp609xg4651,2017-02-28 Caltrain letter.pdf
rp609xg4651,2017-02-28 trump joint session.pdf
rp609xg4651,2017-02-28 trump joint session v2.pdf
rp609xg4651,PR Gorsuch Letters 02-28-17 v2.pdf
rq407nb1369,L11360.pdf
rq491ww1096,2007-07-07-v-chinese american bankers 20th anniversary.pdf
rq884vb6579,2005-02-25-pr-assault weapons-los angeles.pdf
rq884vb6579,2005-03-08-pr-Banning 50 Caliber Rifles.pdf
rr004xj1429,L5321.pdf
rr175gd6683,L3295.pdf
rr195yx1976,2019-02-01 INF withdrawal v7.pdf
rr195yx1976,2019-02-01 Santa Ana Wash intro v4.pdf
rr195yx1976,2019-02-04 natl emergency raiding bill.pdf
rr195yx1976,2019-02-04 Sacramento-San Joaquin Delta intro v3.pdf
rr195yx1976,2019-02-04 trump nat sec leaders.pdf
rr195yx1976,2019-02-05 Israel Anti-BDS vote statement v3.pdf
rr195yx1976,2019-02-05 SOTU response v2.pdf
rr195yx1976,2019-02-06 Bernhardt National Parks letter v2.pdf
rr195yx1976,2019-02-06 Interior National Parks letter v4.pdf
rr195yx1976,2019-02-06 remote act v2.pdf
rr195yx1976,2019-02-07 barr committee vote.pdf
rr195yx1976,2019-02-11 calif natl guard border.pdf
rr195yx1976,2019-02-11 calif natl guard border v2.pdf
rr195yx1976,2019-02-11 SALT tax intro statement v5.pdf
rr195yx1976,2019-02-12 dhs funding deal.pdf
rr195yx1976,2019-02-12 Government shutdown resolution v5.pdf
rr195yx1976,2019-02-12 Lands package - Three Bills v2.pdf
rr195yx1976,2019-02-12 Lands package - Desert Bill v3.pdf
rr195yx1976,2019-02-13 Mexico ambassador meeting v3.pdf
rr195yx1976,2019-02-19 border emergency v2.pdf
rr195yx1976,2019-02-21 Special Counsel Report v3.pdf
rr195yx1976,2019-02-22 Green New Deal v6.pdf
rr195yx1976,2019-02-23 Jeff Adachi passing.pdf
rr195yx1976,2019-02-23 Venezuela Aid Crisis.pdf
rr195yx1976,2019-02-25 Climate Change Resolution v5.pdf
rr195yx1976,2019-02-25 White House climate change panel v2.pdf
rr195yx1976,2019-02-26 Lands package v4.pdf
rr195yx1976,2019-02-27 Wheeler EPA nomination v6.pdf
rr195yx1976,2019-02-27 White House climate change panel v2.pdf
rr195yx1976,2019-0213 Omnibus 2018 v6.pdf
rr195yx1976,National Emergency op-ed v3.pdf
rr230fd8783,L2256.pdf
rr231zx4976,L6332.pdf
rr420bw4407,L10551.pdf
rs037ff9127,2009-07-07-pr-Intro Carbon Market Oversight Bill.pdf
rs037ff9127,2009-07-07-pr-Nassocial Security Numbers.pdf
rs037ff9127,2009-07-13-pr-df remarks on sotomayor-JUD hearing.pdf
rs037ff9127,2009-07-13-pr-Sotomayor Hearing Remarks.pdf
rs037ff9127,2009-07-16-pr-Support Matthew Shepard Hate Crimes Prevention Act.pdf
rs037ff9127,2009-07-17-pr-Supports Prevention of Prisoner Cell Phone Use.pdf
rs037ff9127,2009-07-21-pr-Opposes Concealed Weapons Amendment-DRAFT.pdf
rs037ff9127,2009-07-21-pr-Opposes Concealed Weapons Amendment-LAST.pdf
rs037ff9127,2009-07-21-pr-Opposes Concealed Weapons Amendment_1.pdf
rs037ff9127,2009-07-21-pr-Opposes Concealed Weapons Amendment_2.pdf
rs037ff9127,2009-07-22-pr-Concealed Weapons Amendment Fails.pdf
rs037ff9127,2009-07-28-pr-CA Water Relief.pdf
rs037ff9127,2009-07-28-pr-COPS Program Grants.pdf
rs037ff9127,2009-07-28-pr-No Firearms for Foreign Felons.pdf
rs037ff9127,2009-07-28-pr-Sotomayor JUD Committee Vote-Statement-SHORT.pdf
rs037ff9127,2009-07-28-pr-Sotomayor JUD Committee Vote-Statement.pdf
rs037ff9127,2009-07-29-pr-Intro to Aerial Hunting Ban.pdf
rs037ff9127,2009-07-29-pr-no firearms for foreign felons.pdf
rs204dz9151,L2111.pdf
rs305pz9991,2020-02-04 DF letter on pandemic program to USAID.pdf
rs305pz9991,2020-02-05 DF letter on quarantine plans to hhs.pdf
rs305pz9991,2020-02-13 DF letter on local reimbursement to pence.pdf
rs305pz9991,2020-02-27 DF letter on testing to pence.pdf
rs452rb7470,L9685.pdf
rs662jd7325,L61.pdf
rs723rz0350,L5319.pdf
rt208pp5502,L3520.pdf
rt490zb3228,2004-05-03-pr-medicare drug discount card.pdf
rt490zb3228,2004-05-03-pr-perchlorate report.pdf
rt490zb3228,2004-05-04-pr-wildfires in southern california.pdf
rt490zb3228,2004-05-05-pr-fire prevention funding for CA.pdf
rt490zb3228,2004-05-06-pr-abu ghraib prisoner abuse rumsfeld.pdf
rt490zb3228,2004-05-06-pr-atf-assault weapons.pdf
rt490zb3228,2004-05-07-pr-cdc accept california hiv aids data.pdf
rt490zb3228,2004-05-07-pr-daves march for justice.pdf
rt490zb3228,2004-05-07-pr-mothers day halt-the-assault.pdf
rt490zb3228,2004-05-11-pr-fire hearing.pdf
rt490zb3228,2004-05-12-pr-ferc-ninth cicuit.pdf
rt490zb3228,2004-05-13-pr-grounding firefighting air tankers.pdf
rt490zb3228,2004-05-13-pr-visa waiver program.pdf
rt490zb3228,2004-05-14-pr-national league for democracy burma boycott.pdf
rt490zb3228,2004-05-14-pr-schwarzenegger refinery permitting.pdf
rt490zb3228,2004-05-18-pr-gas prices strategic petroleum reserve.pdf
rt490zb3228,2004-05-18-pr-Seek 2 Year Delay on Domestic Base Closures.pdf
rt490zb3228,2004-05-19-pr-global clean out approved by Senate- nuclear materials.pdf
rt490zb3228,2004-05-20-pr-internet pharmacies.pdf
rt490zb3228,2004-05-20-pr-irvine basin passes senate.pdf
rt490zb3228,2004-05-20-pr-outsourcing financial medical records joint release.pdf
rt490zb3228,2004-05-21-pr-cancer research nurse funding.pdf
rt490zb3228,2004-05-24-pr-larium hhs letter.pdf
rt490zb3228,2004-05-27-pr-global nukes agreement.pdf
rt580zw3944,L6023.pdf
rv222ss8954,L9727.pdf
rv915kk1108,L11500.pdf
rw128ny4764,L905.pdf
rw180dz6596,L10108.pdf
rw246fx2089,L10562.pdf
rw634wv5890,L912.pdf
rx296wg8640,2016-12-01 National Constitution Center v6.pdf
rx296wg8640,2016-12-01 National Constitution Center v5.pdf
rx296wg8640,2016-12-01 National Constitution Center v4.pdf
rx296wg8640,2016-12-01 National Constitution Center v3.pdf
rx296wg8640,2016-12-01 National Constitution Center v2.pdf
rx296wg8640,2016-12-01 National Constitution Center.pdf
rx666sx2804,2019-04-16 Wake Up to Nature FINAL.pdf
rx666sx2804,2019-04-16 Wake Up to Nature.pdf
rx729rc5223,rx729rc5223_0001.jp2
ry041br8490,L5019.pdf
ry050dt0749,L11886.pdf
ry758zp2082,2018-06-25 - CA Girls State v2.pdf
ry758zp2082,2018-06-25 - CA Girls State.pdf
ry760hw6771,L8458.pdf
ry933qm2133,L3607.pdf
rz239sm4354,L2172.pdf
rz754vq7730,L3605.pdf
rz769qj6021,L6172.pdf
sb126vy9956,2006-02-23-v-California association of museums cammy luncheon.pdf
sb328yk1098,L5490.pdf
sb421pc0548,2009-08-03-a-cash for clunkers.pdf
sb421pc0548,2009-08-04-a-nbc today show-journalists release.pdf
sb421pc0548,2009-08-25-a-water-meeting.pdf
sb565pf5292,L1088.pdf
sb615rj7429,2004-11-16-v-korea daily 30th anniversary.pdf
sb667px6180,L10248.pdf
sb735md9495,L9888.pdf
sb822kz4782,sb822kz4782_0001.jp2
sb866gr5193,L993.pdf
sb949wb6395,L7897.pdf
sc005td9127,sc005td9127_0001.jp2
sc355vz7381,L9962.pdf
sc587rp6215,L10614.pdf
sc890yq3965,L10467.pdf
sf209wf9992,L7948.pdf
sf289hx1762,L5133.pdf
sf376jq4076,L10815.pdf
sf696hs3565,L1698.pdf
sf771rd7510,2009-04-01-pr-feinstein schumer statement on cash for clunkers.pdf
sf771rd7510,2009-04-09-pr-burma caucus un secretary should exert more pressure on burma.pdf
sf771rd7510,2009-04-17-r-March for Water.pdf
sf771rd7510,2009-04-20-pr-security teams to combat somali piracy.pdf
sf771rd7510,2009-04-21-pr-water reclamatio nwateralloc-090421.pdf
sf771rd7510,2009-04-22-M-shirley tan private bill.pdf
sf771rd7510,2009-04-22-pr-shirley tan private bill.pdf
sf771rd7510,2009-04-24-pr-oralhistoryprojectpassessenate42409.pdf
sf771rd7510,2009-04-28-pr-endangered species act consultation rule lifted.pdf
sg025rm8643,2022-06-02 Pork letter to SG v4.pdf
sg025rm8643,2022-06-06 Biden solar energy EO statement v7.pdf
sg025rm8643,2022-06-07 age 21 op-ed press release.pdf
sg025rm8643,2022-06-07 pact act support v4.pdf
sg025rm8643,2022-06-08 gina moscone passing v2.pdf
sg025rm8643,2022-06-08 House gun violence package statement v4.pdf
sg025rm8643,2022-06-09 Huie confirmation statement v4.pdf
sg025rm8643,2022-06-15 DACA 10th anniversary statement v6.pdf
sg025rm8643,2022-06-16 ATF Dettelbach nomination markup statement v4.pdf
sg025rm8643,2022-06-21 firefighter actions v4.pdf
sg025rm8643,2022-06-21 landmine policy v5.pdf
sg025rm8643,2022-06-21 USCOM Age 21 Act letter release v3.pdf
sg025rm8643,2022-06-22 Age 21 Act amendment release v4.pdf
sg025rm8643,2022-06-24 Roe decision statement v9.pdf
sg025rm8643,2022-06-28 Ag letter release v3.pdf
sg025rm8643,2022-06-28 CA concealed permit letter release v5.pdf
sg025rm8643,2022-06-30 SCOTUS WVvEPA statement v4.pdf
sg046vh9846,L1163.pdf
sg130gg7095,L8256.pdf
sg444sk9075,2005-04-25-v-IRI womens forum mongolia.pdf
sg583ps9145,L8702.pdf
sg792gd3166,L874.pdf
sh256fd9039,L7780.pdf
sh460km1909,L2529.pdf
sh644sj8438,L798.pdf
sh659fk4804,L8718.pdf
sh964my1579,L1046.pdf
sj000zg4817,2014-02-03 farm bill passage.pdf
sj000zg4817,2014-2-3 West LA VA Lease Announcement.pdf
sj000zg4817,2014-02-03 West LA VA Lease Announcement.pdf
sj000zg4817,2014-02-05 df-bb drought bill statement.pdf
sj000zg4817,2014-02-08 - derivatives bill intro.pdf
sj000zg4817,2014-02-10 cftc information sharing release.pdf
sj000zg4817,2014-02-11 drought bill release final.pdf
sj000zg4817,2014-02-11 Wildlife Trafficking Statement.pdf
sj000zg4817,2014-02-20 Gap Minimum Wage Statement.pdf
sj000zg4817,2014-02-21 cvp water allocation.pdf
sj000zg4817,2014-02-25 donato freeman confirms.pdf
sj052ys9358,2015-03-03 Delta heritage bill introduction v2.pdf
sj052ys9358,2015-03-03 Netanyahu speech statement.pdf
sj052ys9358,2015-03-03 Netanyahu speech statement v2.pdf
sj052ys9358,2015-03-06 - NBC Advisory.pdf
sj052ys9358,2015-03-09 Republican Iran Letter.pdf
sj052ys9358,2015-03-09 Republican Iran Letter v2.pdf
sj052ys9358,2015-03-17 VA Seismic Projects v5.pdf
sj052ys9358,2015-03-18 - Israeli Elections.pdf
sj052ys9358,2015-03-18 cisa privacy release.pdf
sj052ys9358,2015-03-20 - Statement on Export Import Bank - Climate Change.pdf
sj052ys9358,2015-03-23 eb-5 and mayorkas statement v3.pdf
sj052ys9358,2015-03-25 ptc bill statement.pdf
sj052ys9358,2015-03-26 SGR v2.pdf
sj052ys9358,2015-03-27 reid retirement.pdf
sj570nn4237,2009-07-16-v-sen padilla MEND dinner draft1.pdf
sj625rj2584,L11980.pdf
sj850kx9846,2016-09-21 russian hacking statement.pdf
sj850kx9846,2016-09-27 jasta statement v3.pdf
sj850kx9846,2016-09-27 vin scully resolution intro.pdf
sj850kx9846,2016-09-06 EPA Asbestos letter.pdf
sj850kx9846,2016-09-08 marine mammals letter.pdf
sj850kx9846,2016-09-13 Statement on Desert Renewable Conservation Plan v2.pdf
sj850kx9846,2016-09-14 Lake Tahoe release v2.pdf
sj850kx9846,2016-09-14 Statement on WRDA v2.pdf
sj850kx9846,2016-09-15 Statement on CFTC de minimis.pdf
sj850kx9846,2016-09-15 Wildlife Trafficking v4.pdf
sj850kx9846,2016-09-27 POTUS signs Wildlife Trafficking Act v2.pdf
sj850kx9846,2016-09-28 CR statement revTJC.pdf
sj850kx9846,2016-09-28 Shimon Peres statement.pdf
sj850kx9846,2016-09-28 VA Earthquake amendment.pdf
sj892bs1435,2020-01-15 DF letter on CV to HHS.pdf
sj892bs1435,2020-01-27 group letter on CV to HHS.pdf
sk010gq4672,2010-10-19-v-state of the state conference.pdf
sk552fs1459,v-pennyicecreamery-.pdf
sk595bz3635,2012-01-13 lax chamber advisory.pdf
sk595bz3635,2012-01-13 oc speech advisory.pdf
sk595bz3635,2012-01-24 sotu pathfire.pdf
sk595bz3635,2012-01-31 ssci wwt pathfire.pdf
sk904sc1265,L4729.pdf
sm088gm4431,L512.pdf
sm298sc0475,L5223.pdf
sn088pc0911,L1476.pdf
sn352my1178,2010-02-02-v-bloom energy launch.pdf
sn352my1178,2010-02-24-v-bloom energy launch.pdf
sn921fg0622,L1015.pdf
sn974rg6723,r-ethanol03-2nd_degree.pdf
sn974rg6723,s-iraq3.pdf
sn974rg6723,s-iraq4.pdf
sn974rg6723,nepalgarmentrelease1.pdf
sn974rg6723,r-childtax2.pdf
sn974rg6723,r-burma.pdf
sn974rg6723,r-burmanewsconference.pdf
sn974rg6723,r-safe.pdf
sn974rg6723,r-portfunding.pdf
sn974rg6723,Racialprivacystatement11.pdf
sn974rg6723,r-nuclear.pdf
sn974rg6723,r-portfunding2.pdf
sn974rg6723,r-suv-publiccitizen.pdf
sn974rg6723,r-burmasenate.pdf
sn974rg6723,r-vicrights-subcomittee.pdf
sn974rg6723,r-cabinairquality.pdf
sn974rg6723,hatecrimerelease.pdf
sn974rg6723,r-p2phearing.pdf
sn974rg6723,r-burma2.pdf
sn974rg6723,r-childrenhcr2.pdf
sn974rg6723,r-perchloratereport.pdf
sn974rg6723,r-ferc-11.pdf
sn974rg6723,r-incomerelate.pdf
sn974rg6723,r-wildfire.pdf
sn974rg6723,r-asbestosamendment2.pdf
sn974rg6723,r-casino3.pdf
sn974rg6723,s-101cal.pdf
sn974rg6723,indonesiarelease.pdf
sp624pk1143,L9662.pdf
sp918xk5649,L7183.pdf
sq082md3494,2009-03-02-v-dr anita friedman jewish family and childrens services tribute dinner.pdf
sq082md3494,2009-03-02-v-dr anita friedman jewish family and childrens services tribute dinner TALKING POINTS.pdf
sq122bw4611,2013-10-31 face the nation advisory.pdf
sq122bw4611,2013-10-31 face the nation.pdf
sq699bn6052,L4846.pdf
sq706vt1761,L7640.pdf
sr041ys4404,2015-11-9 antibiotics letter v2.pdf
sr041ys4404,2015-11-12 backpage letter.pdf
sr041ys4404,2015-11-13 paris attacks.pdf
sr041ys4404,2015-11-14 paris attacks day2.pdf
sr041ys4404,2015-11-16 - press release - DF TV interviews on ISIL.pdf
sr041ys4404,2015-11-16 - press release - DF TV interviews on ISIL v2.pdf
sr041ys4404,2015-11-16 - Statement on Syria refugees.pdf
sr041ys4404,2015-11-17 - statement on rejection of Clean Power Plan.pdf
sr041ys4404,2015-11-17 - statement on rejection of Clean Power Plan v2.pdf
sr041ys4404,2015-11-18 - Statement on ISIL AUMF.pdf
sr041ys4404,2015-11-18 LA trafficking task force v2.pdf
sr041ys4404,2015-11-19 - Advisory - VWP ISIL.pdf
sr041ys4404,2015-11-20 - Adivsory - Face the Nation.pdf
sr041ys4404,2015-11-23 ndaa signing.pdf
sr444rb2541,2012-06-12 kim novak video.pdf
sr736sj5185,2010-09-03-a-salt ponds event.pdf
sr736sj5185,2010-09-28-a-radio-pipeline safety.pdf
sr830bg6365,2016-01-04 drought bill discussion draft release.pdf
sr830bg6365,2016-01-04 Guns Executive Actions with DF edits v3.pdf
sr830bg6365,2016-01-06 - North Korea nuclear test.pdf
sr830bg6365,2016-01-06 - North Korea nuclear test v2.pdf
sr830bg6365,2016-01-06 - North Korea nuclear test v3.pdf
sr830bg6365,2016-01-06 - North Korea nuclear test v3_clean.pdf
sr830bg6365,2016-01-06 - North Korea nuclear test v4.pdf
sr830bg6365,2016-01-07 - Ontario Airport Legislation.pdf
sr830bg6365,2016-01-07 d grannis leaves.pdf
sr830bg6365,2016-01-12 - SOTU statement.pdf
sr830bg6365,2016-01-12 - SOTU statement v2.pdf
sr830bg6365,2016-01-12 - SOTU statement v3.pdf
sr830bg6365,2016-01-13 - Letter to EPA re methane rules.pdf
sr830bg6365,2016-01-15 - DRAFT - Desert monuments announcement.pdf
sr830bg6365,2016-01-15 - DRAFT - Desert monuments announcement v2.pdf
sr830bg6365,2016-01-16 iran prisoner release.pdf
sr830bg6365,2016-01-19 approved df hrc statement.pdf
sr830bg6365,2016-01-21 - Tahoe.pdf
sr830bg6365,2016-01-22 Visa Waiver FINAl.pdf
sr830bg6365,2016-01-26 - bill intro release - residential water subsidies.pdf
sr830bg6365,2016-1-27 West LA VA Final Master Plan v2.pdf
sr830bg6365,2016-01-29 LA trafficking arrests.pdf
ss094jt8563,L9585.pdf
ss552pm3332,L13050.pdf
ss598ps6466,L1703.pdf
ss970gf0951,L772.pdf
ss973hw0612,L9723.pdf
st175fj2441,L1065.pdf
st316vt1051,L9496.pdf
st553mc2177,L1072.pdf
st602vv0427,L837.pdf
sv031hq6155,L4335.pdf
sv247qc9560,2007-11-02-a-cnn-late edition.pdf
sv247qc9560,2007-11-05-a-social security for public servants.pdf
sv247qc9560,2007-11-19-a-df school dedication.pdf
sv471sq9882,2009-03-31-v-hispanas organized for political equality dinner.pdf
sv980tc1856,L10518.pdf
sw362gq6951,L2376.pdf
sw927xc0369,L11486.pdf
sw948xt2792,2015-01-05 ca charter school video script AS edits.pdf
sw948xt2792,2015-01-05 ca charter school video script.pdf
sx415xh5863,2017-06-19 Sally Jewell.pdf
sx544zf0133,L5597.pdf
sy146xx1476,L1287.pdf
sy227dq4686,2016-12-06 LA County Board of Supes v5.pdf
sy227dq4686,2016-12-06 LA County Board of Supes v4.pdf
sy227dq4686,2016-12-06 LA County Board of Supes v3.pdf
sy227dq4686,2016-12-06 LA County Board of Supes v2.pdf
sy227dq4686,2016-12-06 LA County Board of Supes v1.pdf
sy366nt2865,L1516.pdf
sy402rv7532,2017-11-01 702 amdt.pdf
sy402rv7532,2017-11-01 702 amdt v3.pdf
sy402rv7532,2017-11-02 House tax reform statement.pdf
sy402rv7532,2017-11-06 awb reintro v2.pdf
sy402rv7532,2017-11-08 cfius intro.pdf
sy402rv7532,2017-11-08 Joint Statement on Wildfire Tax Reform.pdf
sy402rv7532,2017-11-13 al awlaki youtube.pdf
sy402rv7532,2017-11-15 more letters on russia.pdf
sy402rv7532,2017-11-16 kushner letter with CEG.pdf
sy402rv7532,2017-11-16 Senate tax reform statement.pdf
sy402rv7532,2017-11-17 Joint Statement on White House wildfire request.pdf
sy402rv7532,2017-11-21 Letter to Zinke on Elephants.pdf
sy402rv7532,2017-11-28 Cadiz lawsuit.pdf
sy402rv7532,2017-11-29 even more letters on russia.pdf
sy402rv7532,2017-11-30 Cluster munitions release.pdf
sy402rv7532,2017-11-30 Nuclear Posture Review letter release.pdf
sz037np9970,L7642.pdf
sz178xw8591,L12852.pdf
sz326zx4077,L8609.pdf
sz417bc7495,2017-01-27 US District Court Central District CA 50th v2.pdf
sz417bc7495,2017-01-27 US District Court Central District CA 50th.pdf
tb058qb4878,2021-09-02 Texas abortion ban statement v4.pdf
tb058qb4878,2021-09-08 California judicial nominees statement v6.pdf
tb058qb4878,2021-09-10 vandenberg letter v4.pdf
tb058qb4878,2021-09-13 biden caldor visit v2.pdf
tb058qb4878,2021-09-13 Due Process Guarantee Act intro release v4.pdf
tb058qb4878,2021-09-13 mcrd release v5.pdf
tb058qb4878,2021-09-14 wildland firefighter infrastructure bill letter v2.pdf
tb058qb4878,2021-09-15 Driftnets passes Senate release v4.pdf
tb058qb4878,2021-09-15 FBI Nassar hearing opening remarks v2.pdf
tb058qb4878,2021-09-16 covid air travel bill v6.pdf
tb058qb4878,2021-09-16 covid air travel bill v9.pdf
tb058qb4878,2021-09-16 DF tax provisions in Ways and Means bill v7.pdf
tb058qb4878,2021-09-20 blum passing v2.pdf
tb058qb4878,2021-09-23 av letter v2.pdf
tb058qb4878,2021-09-23 Disaster supplemental statement v5.pdf
tb058qb4878,2021-09-30 BIF house passage.pdf
tb058qb4878,2021-09-30 California judicial nominees statement v7.pdf
tb058qb4878,2021-09-30 CR and disaster supplemental statement v3.pdf
tb058qb4878,2021-09-30 CR and disaster supplemental statement v4.pdf
tb278hk8256,L1121.pdf
tb997zv0259,2010-09-23-v-qualcomm 25th anniversary.pdf
tc069vr4793,L5231.pdf
tc186gw7589,L10102.pdf
tc504gm3756,L4396.pdf
tc871yd9473,L8303.pdf
td058kh2841,L10663.pdf
td075hx2968,L1560.pdf
td362rg0644,L800.pdf
td578jy2702,2007-05-01-v-salute to adrienne hall.pdf
td675sx5454,PAPARAZ_REL.pdf
td675sx5454,LACITYRE_312.pdf
td913rh4433,2009-12-01-pr-Presidents Afghanistan Strategy.pdf
td913rh4433,2009-12-01-pr-Senate Apporves Nomination of Judge Nguyen.pdf
td913rh4433,2009-12-03-pr-Support Mikulski Amendment.pdf
td913rh4433,2009-12-15-pr-bpa is toxic-statement.pdf
td913rh4433,2009-12-16-pr-Panel Approves CA Water Transfer Measure.pdf
td913rh4433,2009-12-16-Slavery and Trafficing Resolution-DRAFT.pdf
td913rh4433,2009-12-21-pr-desert bill-FINAL.pdf
td913rh4433,2009-12-21-pr-Renewable Energy Development in Mojave Desert-FINAL.pdf
td913rh4433,2009-12-22-r-trafficking resolution.pdf
td913rh4433,2009-12-23-pr-Nomination of Birotte Jr to U.S. Attorney.pdf
td913rh4433,2009-12-24-pr-health care reform bill passes.pdf
td913rh4433,2009-12-24-pr-Nomination of Birotte Jr to US Attorney_NQ Edits.pdf
td913rh4433,2009-12-24-pr-Nomination of Birotte Jr to US Attorney.pdf
tf144dp9609,L11359.pdf
tf233yt3112,2014-05-28 foster farms 75th rt draft.pdf
tf233yt3112,2014-05-28 foster farms 75th.pdf
tf361zw4777,L453.pdf
tf372cs3281,L5076.pdf
tf460by6610,L5080.pdf
tf694md5204,2005-08-19-a-san jose-wash report.pdf
tf694md5204,2005-08-22-roberts nomination.pdf
tf921hv5905,L5126.pdf
tg116vh3667,2020-9-22 RGB tribute.pdf
tg386bh6804,L1860.pdf
tg551cv1561,L5191.pdf
tg796dz6476,L1061.pdf
th232cd3841,L4299.pdf
th233tj0714,L2437.pdf
tj014jz6102,2021-08-03 high cap mag lawsuit.pdf
tj014jz6102,2021-08-04 EW approps calif release v4.pdf
tj014jz6102,2021-08-04 phthaltes bill draft release v5.pdf
tj014jz6102,2021-08-05 richard trumka dies.pdf
tj014jz6102,2021-08-05 school infrastructure letter v3.pdf
tj014jz6102,2021-08-06 SEC letter.pdf
tj014jz6102,2021-08-07 infrastructure bill passes v2.pdf
tj014jz6102,2021-08-08 infrastructure bill passes v4.pdf
tj014jz6102,2021-08-10 Clean Truck Plan joint statement v6.pdf
tj014jz6102,2021-08-10 Senate passes bipartisan infrastructure bill v5.pdf
tj014jz6102,2021-08-11 Senate budget resolution statement v3.pdf
tj014jz6102,2021-08-13 Hormel passing statement v4.pdf
tj014jz6102,2021-08-15 afghan taliban.pdf
tj014jz6102,2021-08-15 afghan taliban v3.pdf
tj014jz6102,2021-08-15 wild horse letter.pdf
tj014jz6102,2021-08-15 wild horse letter v2.pdf
tj014jz6102,2021-08-16 Afghan women letter release v2.pdf
tj014jz6102,2021-08-23 covid release version 74.pdf
tj014jz6102,2021-08-23 pge sec wildfire decision v3.pdf
tj014jz6102,2021-08-24 fireguard extension v2.pdf
tj014jz6102,2021-08-24 wildfire resources release v4.pdf
tj014jz6102,2021-08-25 disaster declaration.pdf
tj014jz6102,2021-08-26 BART ARP funds statement v2.pdf
tj014jz6102,2021-08-26 BART ARP funds statement v3.pdf
tj014jz6102,2021-08-26 distro covid dollars.pdf
tj014jz6102,2021-08-26 evacuation sites v2.pdf
tj014jz6102,2021-08-26 kabul attacks.pdf
tj014jz6102,2021-08-26 Kabul attacks v5.pdf
tj014jz6102,2021-08-26 workforce development resolution.pdf
tj014jz6102,2021-08-27 FDA flavored e-cigarette ban statement v3.pdf
tj014jz6102,2021-08-30 Caldor Fire statement v5.pdf
tj014jz6102,2021-08-31 wildfire shelter update.pdf
tj085gy8669,L1198.pdf
tj444nr8956,2011-11-03 Americas Cup passage 11 03 11.pdf
tj444nr8956,2011-11-03 asia-south pacific trade letter.pdf
tj444nr8956,2011-11-04 cyber report.pdf
tj444nr8956,2011-11-07 Natomas intro 11 03 11.pdf
tj444nr8956,2011-11-07-pr-IAEA Statement.pdf
tj444nr8956,2011-11-07-pr-IAEA Statement_V2.pdf
tj444nr8956,2011-11-08 iran nuke report.pdf
tj444nr8956,2011-11-10 DOMA passes Jud 11 10 11.pdf
tj444nr8956,2011-11-10 DOMA passes Jud pathfire 11 10 11.pdf
tj444nr8956,2011-11-14 DOD letter authorities 11 14 11.pdf
tj444nr8956,2011-11-14 set top release.pdf
tj444nr8956,2011-11-15 Judge Yvonne Gonzalez Rogers Pass 11 15 11.pdf
tj444nr8956,2011-11-16 cafe standards release.pdf
tj444nr8956,2011-11018 Ultralight amendment release 11 18 11.pdf
tj444nr8956,2011-11-18 Ultralight amendment release FINAL 11 21 11.pdf
tj444nr8956,2011-11-21 supercommittee.pdf
tj445qf3903,L5063.pdf
tj745nt2714,L9922.pdf
tj961qk4221,2017-11-17 supplybankorg Don Solem award v3.pdf
tj961qk4221,2017-11-17 supplybankorg Don Solem award v2.pdf
tj961qk4221,2017-11-17 supplybankorg Don Solem award v1.pdf
tj961qk4221,2017-11-15 supplybankorg Don Solem award v1.pdf
tk407md0705,2021-12-02 omicron variant v5.pdf
tk407md0705,2021-12-03 Charlotte Shultz statement v4.pdf
tk407md0705,2021-12-06 Biden Cadiz statement v8.pdf
tk407md0705,2021-12-06 wildfire op-ed release v2.pdf
tk407md0705,2021-12-07 epa biomass letter v2.pdf
tk407md0705,2021-12-07 gitmo remarks v3.pdf
tk407md0705,2021-12-08 fireguard ndaa amdt v2.pdf
tk407md0705,2021-12-08 fireguard ndaa amdt v3.pdf
tk407md0705,2021-12-08 More Than 100 Global Experts Endorse Feinstein Legislation to Create COVID-19 Commission v5.pdf
tk407md0705,2021-12-08 uss iowa museum ndaa v2.pdf
tk407md0705,2021-12-09 cfpb high price products.pdf
tk407md0705,2021-12-09 fire letter.pdf
tk407md0705,2021-12-10 Koh floor statement release v1.pdf
tk407md0705,2021-12-13 BBB regional grant finalists v7.pdf
tk407md0705,2021-12-14 CHRB letter release v2.pdf
tk407md0705,2021-12-14 covid stmt v3.pdf
tk407md0705,2021-12-14 methamphetamine response act passage v4.pdf
tk407md0705,2021-12-14 NICS bill intro v14.pdf
tk407md0705,2021-12-15 NDAA release v3.pdf
tk407md0705,2021-12-15 NDAA release v5.pdf
tk407md0705,2021-12-16 Feinstein Padilla Announce 4.9 Billion Dollar Investment in California Highways v3.pdf
tk407md0705,2021-12-16 VAWA joint statement v7.pdf
tk407md0705,2021-12-16 water priorities letter v3.pdf
tk407md0705,2021-12-20 Air travel letter release v2.pdf
tk407md0705,2021-12-20 Transit grant ruling statement v2.pdf
tk407md0705,2021-12-20 Vehicle emission standards statement v8.pdf
tk407md0705,2021-12-22 End of year judges release v5.pdf
tk407md0705,2021-12-22 Feinstein Announces Grants for Long Beach Oakland Ports v4.pdf
tk407md0705,2021-12-28 covid stmt v2.pdf
tk407md0705,2021-12-28 harry reid death.pdf
tk556zf0151,L788.pdf
tk996hq5873,2020-6-24 AIDS 2020.pdf
tm557gj9734,2014-11-03 - Release on Draft Desert Legislation.pdf
tm557gj9734,2014-11-03 desert discussion draft press release v3.pdf
tm557gj9734,2014-11-04 irek hamidullin v3.pdf
tm557gj9734,2014-11-12 POTUS China trip v2.pdf
tm557gj9734,2014-11-12 POTUS China trip v2_2.pdf
tm557gj9734,2014-11-17 - KXL Remarks.pdf
tm557gj9734,2014-11-18 Combat Human Trafficking Introduction FINAL.pdf
tm557gj9734,2014-11-18 fisa reform release.pdf
tm557gj9734,2014-11-18 NARA letter on CIA emails.pdf
tm557gj9734,2014-11-18 Statement on Jerusalem Terror Attack.pdf
tm557gj9734,2014-11-18 Statement on Jerusalem Terror Attack_V2.pdf
tm557gj9734,2014-11-20 drought statement.pdf
tm557gj9734,2014-11-20 drought statement v2.pdf
tm557gj9734,2014-11-20 drought statement v3.pdf
tm557gj9734,2014-11-20 drought statement v4.pdf
tm557gj9734,2014-11-20 drought statement v5.pdf
tm557gj9734,2014-11-20 drought statement v6.pdf
tm557gj9734,2014-11-20 drought statement v7.pdf
tm557gj9734,2014-11-20 immigration statement.pdf
tm557gj9734,2014-11-20 immigration statement v5.pdf
tm557gj9734,2014-11-24 - Statement on P5 1 Negotiations Extension v3.pdf
tm891bb2488,L9940.pdf
tm998bw3937,tm998bw3937_0001.jp2
tn187zj1926,L6243.pdf
tn275nd0780,L6441.pdf
tn826qd3809,L7427.pdf
tp038ht4838,L7720.pdf
tp364wv3070,L10712.pdf
tp437cq3926,L1254.pdf
tp480jn5746,L9456.pdf
tp519qt0005,2010-05-22-v-gala honoring Joseph Cotchett.pdf
tq091fn6064,L4841.pdf
tq364qh4290,2018-03-31 FINAL The American Hellenic Councils Annual Awards Gala.pdf
tq364qh4290,2018-03-31 The American Hellenic Councils Annual Awards Gala.pdf
tq485xh0416,L9407.pdf
tq510sw9790,2020-9-15 Muir National Park Expansion.pdf
tq640bw0878,L5618.pdf
tq723yv8256,L780.pdf
tq956wk5675,2014-08-01 cia study received statement.pdf
tq956wk5675,2014-08-04 james brady statement.pdf
tq956wk5675,2014-08-05 cia report redaction delay final.pdf
tq956wk5675,2014-08-07 bob antle statement.pdf
tq956wk5675,2014-08-08 isil airstrike statement.pdf
tq956wk5675,2014-08-18 Statement on Gilliam Nomination for US District Court.pdf
tq956wk5675,2014-08-20 Statement on James Foley ISIL Iraq Syria.pdf
tq956wk5675,2014-08-25 Earthquake Statement.pdf
tq956wk5675,2014-08-26 - Letter to Brown Steinberg Atkins re AB1014.pdf
tr113zz3907,L1096.pdf
tr173bd5863,2014-02-20 charter school video script.pdf
tr173bd5863,022114 Backup California Charter Schools Association Video Remarks.pdf
tr220wt5065,SECLIT_513.pdf
tr220wt5065,ENCRYPT_713.pdf
tr548jy5308,r-framework1.pdf
tr548jy5308,r-tia-omnibus3.pdf
tr548jy5308,r-schiff-rim-of-the-valley.pdf
tr548jy5308,r-cargill.pdf
tr548jy5308,r-cargillvote.pdf
tr548jy5308,r-omnibus031.pdf
tr548jy5308,r-missiledefense1.pdf
tr548jy5308,r-50.pdf
tr548jy5308,r-scaap4.pdf
tr548jy5308,r-labs2.pdf
tr548jy5308,rscaap3.pdf
tr737tv5398,L12839.pdf
tr891wf1358,L1196.pdf
tr992br8964,2017-10-11 SF Estuary Conference v3.pdf
tr992br8964,2017-10-11 SF Estuary Conference v2.pdf
tr992br8964,2017-10-11 SF Estuary Conference.pdf
ts092pc1088,L3985.pdf
ts176sw7546,2009-09-30-v-anti defamation league 2009 jurisprudence award dinner.pdf
ts603bp6649,L1168.pdf
ts819wq1388,L794.pdf
ts862cg9092,L30.pdf
ts954rz4057,L11944.pdf
tt140fj3053,L744.pdf
tt149th9370,L1118.pdf
tt341nn9809,L11595.pdf
tt346gk4998,L9997.pdf
tt631bp7616,2007-08-01-pr-49ers coach walsh resolution.pdf
tt631bp7616,2007-08-01-pr-committee approves breast cancer stamp extension.pdf
tt631bp7616,2007-08-01-pr-committee approves breast cancer stamp extension_clean.pdf
tt631bp7616,2007-08-02-pr-ethics reform bill passage.pdf
tt631bp7616,2007-08-02-pr-gang bill passage.pdf
tt631bp7616,2007-08-02-pr-judge southwick vote-statement.pdf
tt631bp7616,2007-08-02-pr-judge Southwick.pdf
tt631bp7616,2007-08-02-pr-questions about election crime manual-Gonzales letter.pdf
tt631bp7616,2007-08-02-pr-support southwich nomination-statement.pdf
tt631bp7616,2007-08-02-pr-voting for judge southwick.pdf
tt631bp7616,2007-08-03-pr-national criminal background check database approval.pdf
tt631bp7616,2007-08-03-pr-national criminal background check database approval_clean.pdf
tt631bp7616,2007-08-10-pr-AgJOBS.pdf
tt631bp7616,2007-08-14-pr-dot urban parternship grants-statement.pdf
tt631bp7616,2007-08-14-pr-questions about firing US Attorneys-gonzales letter.pdf
tt631bp7616,2007-08-21-pr-CA delta summit.pdf
tt631bp7616,2007-08-21-pr-iranian american released-Dr Esfandiari.pdf
tt631bp7616,2007-08-23-pr-call for iraqi PM maliki step down-statement.pdf
tt631bp7616,2007-08-23-pr-call for iraqi PM maliki step down-statement_clean.pdf
tt631bp7616,2007-08-27-pr-AG gonzales resignation.pdf
tt656kv5985,2004-06-01-pr-drugged driving intro.pdf
tt656kv5985,2004-06-01-pr-late term abortion district court ruling.pdf
tt656kv5985,2004-06-02-pr-breast cancer research stamp.pdf
tt656kv5985,2004-06-02-pr-enron tapes.pdf
tt656kv5985,2004-06-02-pr-rumsfeld lariam letter.pdf
tt656kv5985,2004-06-03-pr-funding for next generation of nuclear weapons.pdf
tt656kv5985,2004-06-03-pr-tenet resignation.pdf
tt656kv5985,2004-06-03-pr-unaccompanied minors jud committee.pdf
tt656kv5985,2004-06-04-pr-hutchinson letter undocumented immigrant removal.pdf
tt656kv5985,2004-06-04-pr-lakers-pistons wager.pdf
tt656kv5985,2004-06-07-pr-stem cell letter.pdf
tt656kv5985,2004-06-08-r-reagan-tribute.pdf
tt656kv5985,2004-06-14-pr-lariam cdc review letter.pdf
tt656kv5985,2004-06-14-pr-pombo levee break letter.pdf
tt656kv5985,2004-06-16-pr-Elimination of Drug Trafficing in Afghanistan.pdf
tt656kv5985,2004-06-16-pr-ferc enron letter.pdf
tt656kv5985,2004-06-18-pr-ADM Price Fixing.pdf
tt656kv5985,2004-06-18-pr-ADM Price Fixing_V2.pdf
tt656kv5985,2004-06-18-pr-ferc enron letter.pdf
tt656kv5985,2004-06-18-pr-perchlorate amdt.pdf
tt656kv5985,2004-06-18-pr-plascensia private bill.pdf
tt656kv5985,2004-06-22-pr-perchlorate contamination cleanup.pdf
tt656kv5985,2004-06-23-pr-house passes idtheft bill.pdf
tt656kv5985,2004-06-23-pr-levee major disaster.pdf
tt656kv5985,2004-06-23-pr-perchlorate letters.pdf
tt656kv5985,2004-06-24-pr-burma sanctions.pdf
tt656kv5985,2004-06-24-pr-gangs passes jud.pdf
tt656kv5985,2004-06-25-pr-cornyn-feintein piracy bill.pdf
tt656kv5985,2004-06-25-pr-feinstein pombo tribal lands.pdf
tt656kv5985,2004-06-25-pr-id theft senate passage.pdf
tt656kv5985,2004-06-28-pr-cftc energy markets-letter.pdf
tt656kv5985,2004-06-28-pr-enron hearing request.pdf
tt656kv5985,2004-06-29-pr-Renew Assault Weapons Ban-Boxer.pdf
tt704wr2571,BCKLOGSP_698.pdf
tt704wr2571,SPSTAMPL_806.pdf
tt704wr2571,LAPRESP_806.pdf
tt704wr2571,PRESSSP_806.pdf
tt765bm4281,L8868.pdf
tv200zr9060,2014-06-02 epa pollution rule v3.pdf
tv200zr9060,2014-06-02 epa pollution rule.pdf
tv200zr9060,2014-06-02 keystone statement.pdf
tv200zr9060,2014-06-02 Statement on NGA personnel.pdf
tv200zr9060,2014-06-02 va statements and letters v2.pdf
tv200zr9060,2014-06-02 va statements and letters v2_2.pdf
tv200zr9060,2014-06-03 Statement on Tiananmen Square Anniversary.pdf
tv200zr9060,2014-06-04 Guns Letter.pdf
tv200zr9060,2014-06-05 burwell confirmation statement.pdf
tv200zr9060,2014-06-05 FISA reform hearing opening statement.pdf
tv200zr9060,2014-06-05 FISA reform opening statement release.pdf
tv200zr9060,2014-06-05 Statement on Confirmation of HHS Secretary Burwell.pdf
tv200zr9060,2014-06-09 abdullah abdullah assassination attempt v3.pdf
tv200zr9060,2014-06-09 abdullah abdullah assassination attempt v3_2.pdf
tv200zr9060,2014-06-10 UAC funding level.pdf
tv200zr9060,2014-06-11 Statement on LGBT Pride Month.pdf
tv200zr9060,2014-06-11 Statement on Truck Driver Fatigue.pdf
tv200zr9060,2014-06-12 intel fy14 auth.pdf
tv200zr9060,2014-06-16 ENDA executive order.pdf
tv200zr9060,2014-06-16 Statment on LGBT Executive Order - ENDA.pdf
tv200zr9060,2014-06-17 cyber draft bill release.pdf
tv200zr9060,2014-06-17 Statement Capture of Abu Khattalah Benghazi.pdf
tv200zr9060,2014-06-20 statement on windsor implementation.pdf
tv200zr9060,2014-06-25 allegran takeover letter.pdf
tv200zr9060,2014-06-25 post water meeting statement release.pdf
tv200zr9060,2014-06-25 Statement on Lucas Museum.pdf
tv200zr9060,2014-06-26 Statement on Indyk.pdf
tv200zr9060,2014-06-26 UAC release with flake.pdf
tv208dr6485,2010-12-01 uiextension.pdf
tv208dr6485,2010-12-03 perchlorateletter.pdf
tv208dr6485,2010-12-07 r-identity theft and servicemembers 12 07 10.pdf
tv208dr6485,2010-12-08 r- identity theft passes House 12 08 10.pdf
tv208dr6485,2010-12-09 r - DOT rail announce 12 09 10.pdf
tv208dr6485,2010-12-09 tgpintaxpackage.pdf
tv208dr6485,2010-12-09 treasurygrantextension.pdf
tv208dr6485,2010-12-09-pr-DADT-no vote.pdf
tv208dr6485,2010-12-09-pr-DADT-no vote_clean.pdf
tv208dr6485,2010-12-09 s - DADT fail 12 09 10.pdf
tv208dr6485,2010-12-13 ethanolamdletter.pdf
tv208dr6485,2010-12-15 bdcpupdate.pdf
tv208dr6485,2010-12-17 r-confirmation of judge Mueller 12 16 10.pdf
tv208dr6485,2010-12-18 r- DREAM vote 12 18 10.pdf
tv208dr6485,2010-12-18 s - DADT vote speech 12 18 10.pdf
tv208dr6485,2010-12-21-PR-Chronium Contamination Letter.pdf
tv554zw8159,L10477.pdf
tv710zt7283,2022-03-01 SOTU stmt v3.pdf
tv710zt7283,2022-03-02 Dam safety letter v4.pdf
tv710zt7283,2022-03-03 VAWA support letter release v3.pdf
tv710zt7283,2022-03-07 Garland hate crimes letter release v3.pdf
tv710zt7283,2022-03-08 postal reform bill.pdf
tv710zt7283,2022-03-08 Senate Passes Womens History Month Resolution v4.pdf
tv710zt7283,2022-03-08 Stopping the Fraudulent Sales of Firearms Act intro release v6.pdf
tv710zt7283,2022-03-09 EPA California waiver statement v4.pdf
tv710zt7283,2022-03-09 EPA California waiver statement v4_clean.pdf
tv710zt7283,2022-03-09 fire mitigation commission v3.pdf
tv710zt7283,2022-03-10 bay area earmarks.pdf
tv710zt7283,2022-03-10 calif projects in omnibus v2.pdf
tv710zt7283,2022-03-10 central valley earmarks.pdf
tv710zt7283,2022-03-10 Feinstein Secures 26 Million in Funding for Bay Area Projects.pdf
tv710zt7283,2022-03-10 Feinstein Secures 69 Million in Funding for Central Valley Northern California Projects.pdf
tv710zt7283,2022-03-10 Feinstein Secures 251 Million in Funding for Southern California Projects.pdf
tv710zt7283,2022-03-10 gop vote boycotts v3.pdf
tv710zt7283,2022-03-10 gop vote boycotts v4.pdf
tv710zt7283,2022-03-10 national priorities in omnibus v4.pdf
tv710zt7283,2022-03-10 socal earmarks.pdf
tv710zt7283,2022-03-10 VAWA omnibus release v8.pdf
tv710zt7283,2022-03-14 methamphetamine response act bill signing v5.pdf
tv710zt7283,2022-03-14 methamphetamine response act bill signing v5 2.pdf
tv710zt7283,2022-03-15 covid commission committee vote v5.pdf
tv710zt7283,2022-03-16 KBJ SCOTUS meeting release v4.pdf
tv710zt7283,2022-03-16 VAWA floor remarks release v2.pdf
tv710zt7283,2022-03-16 zelensky remarks v2.pdf
tv710zt7283,2022-03-17 Judges Corley and Slaughter confirmation release v3.pdf
tv710zt7283,2022-03-17 Sites loan statement release v6.pdf
tv710zt7283,2022-03-17 vic fazio death.pdf
tv710zt7283,2022-03-21 SCOTUS KBJ opening remarks release v2.pdf
tv710zt7283,2022-03-21 SEC climate risk rule statement v5.pdf
tv710zt7283,2022-03-21 SEC climate risk rule statement v6.pdf
tv710zt7283,2022-03-22 SCOTUS KBJ aborition QA release v3.pdf
tv710zt7283,2022-03-23 albright death v2.pdf
tv710zt7283,2022-03-23 CA Senate offshore drilling letter release v4.pdf
tv710zt7283,03-23-22 marijuana research passage v5.pdf
tv710zt7283,2022-03-24 boat regs take effect v2.pdf
tv710zt7283,03-24-22 marijuana research passage v5.pdf
tv710zt7283,2022-03-24 SCOTUS KBJ post-hearings statement v3.pdf
tv710zt7283,2022-03-28 Biden budget statement v5.pdf
tv710zt7283,2022-03-28 state staff shakeup.pdf
tv710zt7283,2022-03-28 transit awards v2.pdf
tv710zt7283,2022-03-29 Emissions letter release v3.pdf
tv710zt7283,2022-03-29 Salton Sea joint letter release v4.pdf
tv710zt7283,03-29-22 TVPA intro v2.pdf
tv710zt7283,2022-03-30 ICPA res release v5.pdf
tv710zt7283,2022-03-30 Water MOU statement v6.pdf
tv710zt7283,2022-03-31 Biden energy plan statement v5.pdf
tv710zt7283,2022-03-31 BIF and fy22 water funding v2.pdf
tw928fw1897,2019-11-1 Isakson.pdf
tx245hq4230,2007-03-02-a-fox news sunday.pdf
tx245hq4230,2007-03-05-a-us attorney hearing.pdf
tx245hq4230,2007-03-06-a-radio-us atty hearing.pdf
tx245hq4230,2007-02-06-a-satfeed-us attorney hearing.doc
tx245hq4230,2007-03-12-a-campaign disclosure hearing.pdf
tx245hq4230,2007-03-12-a-smithsonian rules hearing.pdf
tx245hq4230,2007-03-12-a-weekly planner.pdf
tx245hq4230,2007-03-19-a-cbs-face the nation.pdf
tx245hq4230,2007-03-19-a-us attorneys debate.pdf
tx245hq4230,2007-03-19-a-us attorneys-nuser.pdf
tx245hq4230,2007-03-20-a-idtheft-subcomm-hearing announcement.pdf
tx245hq4230,2007-03-20-a-radio-US attorneys.pdf
tx245hq4230,2007-03-20-a-satfeed-us attorneys.pdf
tx245hq4230,2007-03-20-a-weekly planner.pdf
tx245hq4230,2007-03-23-a-fox news sunday.pdf
tx245hq4230,2007-03-23-a-radio-US attorneys.pdf
tx245hq4230,2007-03-23-a-rules-campaign disclosure markup.pdf
tx245hq4230,2007-03-23-a-satfeed-us attorneys.pdf
tx245hq4230,2007-03-27-a-weekly planner.pdf
tx245hq4230,2007-03-30-a-citurs freeze lunch.pdf
tx245hq4230,2006-03-30-a-cnn-late edition.pdf
tx506vr3799,L2142.pdf
ty304xc5308,2019-02-07 OCBC Annual Dinner.pdf
ty843qx9874,L10156.pdf
ty890fy5033,L2489.pdf
tz308dv1658,L7646.pdf
tz630kv1992,L853.pdf
tz765hd4372,L3717.pdf
tz859xr6711,L1099.pdf
vb094dm3944,L5208.pdf
vb276vs1202,2011-9-21 Eloise Westbrook Remarks.pdf
vb758nb2071,2007-12-05-pr-temporary judgeship bill approval.pdf
vb758nb2071,2007-12-06-pr-Ag Inspections-Support Letter.pdf
vb758nb2071,2007-12-06-pr-introduce oil spill-legislation-df-bb.pdf
vb758nb2071,2007-12-07-pr-secure rural schools-olyvia edits.pdf
vb758nb2071,2007-12-10-pr-smithsonian funding-public private partnership.pdf
vb758nb2071,2007-12-10-pr-support FRESH Act-farm bill.pdf
vb758nb2071,2007-12-10-pr-support FRESH Act-farm bill_clean.pdf
vb758nb2071,2007-12-11-pr-Ag Inspections-Farm Bill.pdf
vb758nb2071,2007-12-11-pr-support FRESH Act.pdf
vb758nb2071,2007-12-11-pr-support FRESH Act_clean.pdf
vb758nb2071,2007-12-12-pr-smithsonian GAO rule hearing.pdf
vb758nb2071,2007-12-12-pr-smithsonian GAO rule hearing_clean.pdf
vb758nb2071,2007-12-13-pr-cafe-senate approves energy bill.pdf
vb758nb2071,2007-12-13-pr-enron loophole-farm bill amendment.pdf
vb758nb2071,2007-12-13-pr-enron loophole-senate approves.pdf
vb758nb2071,2007-12-13-pr-omnibus-scaap.pdf
vb758nb2071,2007-12-14-pr-AG Inspections-DHS Agreement.pdf
vb758nb2071,2007-12-14-pr-approps-omnibus-subway-tunneling.pdf
vb758nb2071,2007-12-14-pr-breast cancer stamp extension approval.pdf
vb758nb2071,2007-12-14-pr-omnibus-us attorney residency.pdf
vb758nb2071,2007-12-17-pr-omnibus approps-CJS-DF priorities.pdf
vb758nb2071,2007-12-17-pr-omnibus approps-santa rosa island public access.pdf
vb758nb2071,2007-12-17-pr-omnibus approps-state foreign ops.pdf
vb758nb2071,2007-12-17-pr-omnibus-smithsonian funding.pdf
vb758nb2071,2007-12-18-pr-ninth circuit judgeship approval.pdf
vb758nb2071,2007-12-18-pr-omnibus appropriations-CA agriculture funding.pdf
vb758nb2071,2007-12-18-pr-omnibus appropriations-energy and water.pdf
vb758nb2071,2007-12-18-pr-omnibus-child detainees.pdf
vb758nb2071,2007-12-18-pr-omnibus-HIV AIDS prevention funding.pdf
vb758nb2071,2007-12-18-pr-omnibus-sale or transfer of cluster bombs.pdf
vb758nb2071,2007-12-21-pr-omnibus-epa greenhouse gas registry.pdf
vc978rx9697,L8657.pdf
vc985wr5272,2023-05-04 Community Wood Facilities release v2.pdf
vc985wr5272,2023-05-04 Judicial confirmations myth vs fact v7.pdf
vc985wr5272,2023-05-04 Rim of the Valley intro v4.pdf
vc985wr5272,2023-05-10 Return to Washington statement v8.pdf
vc985wr5272,2023-05-16 HITS Act intro v5.pdf
vc985wr5272,2023-05-17 ENR markup release v2.pdf
vc985wr5272,2023-05-18 National Fentanyl Awareness Day resolution release v6.pdf
vc985wr5272,2023-05-22 Applied Materials chips facility statement v1.pdf
vc985wr5272,2023-05-22 Colorado River Lower Basin agreement v5.pdf
vd090kw3262,vd090kw3262_0001.jp2
vd136mf4345,L10423.pdf
vd176qb5316,vd176qb5316_0001.jp2
vf249jn9719,L1201.pdf
vf269gz0468,L11996.pdf
vf390bz4701,2007-10-13-v-fred ross birthday.pdf
vf586fs9764,2010-03-02-pr-health care rate authority.pdf
vf586fs9764,2010-03-02-pr-healthcare rate authority kw edits.pdf
vf586fs9764,2010-03-03-pr-interior-EPA budget hearing.pdf
vf586fs9764,2010-03-04-pr-healthcare rate authority.pdf
vf586fs9764,2010-03-09-pr-emergency disaster relief to specialty crop farmers.pdf
vf586fs9764,2010-03-11-pr-AgJOBS-Cosponsor Lugar.pdf
vf586fs9764,2010-03-12-pr-agjobs with lugar.pdf
vf586fs9764,2010-03-18-pr-df-30 10-statement.pdf
vf586fs9764,2010-03-19-pr-delta biological opinions.pdf
vf586fs9764,2010-03-19-pr-delta biological opinions-NAS statement.pdf
vf586fs9764,2010-03-23-pr-health reform signed.pdf
vf586fs9764,2010-03-23-pr-health reform signed_clean.pdf
vf586fs9764,2010-03-23-pr-health reform signed FINAL.pdf
vf586fs9764,2010-03-24-pr-health care reform reconciliation stmt.pdf
vf732dg8135,v-bayareacouncil-032811.pdf
vg224wr3295,L8043.pdf
vg724np5820,L987.pdf
vg944cg2083,2015-04-24 A Place Called Home v2.pdf
vh365pg8887,L10239.pdf
vh397mb3946,L2475.pdf
vh779zr0481,L1004.pdf
vh786cx0893,2010-04-12-a-meth-oregon-hearing.pdf
vh786cx0893,2010-04-19-a-DF testify-at-help hearing.pdf
vh786cx0893,2010-04-29-a-immigration reform radio actuality.pdf
vh786cx0893,2010-04-29-a-pathfire-immigration reform.pdf
vh980vz1848,L7729.pdf
vj234ct9732,COM1201.pdf
vj234ct9732,COMMD10_BK.pdf
vj234ct9732,COMMD10.pdf
vj250yd1751,L9844.pdf
vj283mn4304,L10427.pdf
vj746by5355,2016-3-31 - Advisory on Garland Meeting.pdf
vj746by5355,2016-3-31 - Advisory on Garland Meeting v2.pdf
vj861bs1063,L5145.pdf
vk288nn8652,2019-08-01 SJC broken rules v3.pdf
vk288nn8652,2019-08-01 Wildfire bill pre-intro v6.pdf
vk288nn8652,2019-08-04 dayton shooting v2.pdf
vk288nn8652,2019-08-05 China tariff response v7.pdf
vk288nn8652,2019-08-05 letter to graham on erpos.pdf
vk288nn8652,2019-08-05 response to djt presser v2.pdf
vk288nn8652,2019-08-06 automaker letter.pdf
vk288nn8652,2019-08-08 Military housing letter v1.pdf
vk288nn8652,2019-08-12 Endangered Species Act rollback v5.pdf
vk288nn8652,2019-08-12 Endangered Species Act rollback v5_clean.pdf
vk288nn8652,2019-08-12 mississippi raid letter.pdf
vk288nn8652,2019-08-13 Public charge rule v7.pdf
vk288nn8652,2019-08-14 Joshua trees endagered species v4.pdf
vk288nn8652,2019-08-21 flores agreement elimination v2.pdf
vk288nn8652,2019-08-21 PPF leaving Title X.pdf
vk288nn8652,2019-08-22 erpo study.pdf
vk288nn8652,2019-08-22 flores stmt.pdf
vk288nn8652,2019-08-22 Pvt Vega.pdf
vk288nn8652,2019-08-23 Trade war v7.pdf
vk288nn8652,2019-08-26 nra myth erpo due process.pdf
vk288nn8652,2019-08-26 nra myth guns dont kill.pdf
vk288nn8652,2019-08-26 nra myth awb worked.pdf
vk288nn8652,2019-08-26 nra myth good guy with gun.pdf
vk288nn8652,2019-08-26 nra myth guns make us safer.pdf
vk288nn8652,2019-08-26 nra myth criminals dont follow the law.pdf
vk288nn8652,2019-08-28 fema reprogram.pdf
vk288nn8652,2019-08-29 comey ig report.pdf
vk288nn8652,2019-08-29 methane rules.pdf
vk449cf1087,troop holiday video 2013.pdf
vm351hs5485,L5177.pdf
vm385jg1258,L1692.pdf
vm525sz2804,L9598.pdf
vm851vf8938,L709.pdf
vn357nq6577,L1493.pdf
vn590kn2077,L8858.pdf
vn601nn9163,2012-7-10 Haqqani Bill Press Release.pdf
vn779vj9323,2007-05-23-v-alzheimers assoc zenith society spring meeting.pdf
vn981cw8829,r-databasehearing.pdf
vn981cw8829,s-frca3.pdf
vn981cw8829,l-forests.pdf
vn981cw8829,r-milcon03conference.pdf
vn981cw8829,r-brown2.pdf
vn981cw8829,r-extraditionresolution2.pdf
vn981cw8829,r-internet.pdf
vn981cw8829,r-veterans.pdf
vn981cw8829,r-afrt.pdf
vn981cw8829,r-hansendam1.pdf
vn981cw8829,r-small-engines031112.pdf
vn981cw8829,r-milconfinal03.pdf
vn981cw8829,r-piracy1.pdf
vn981cw8829,r-mtbewaiver.pdf
vn981cw8829,r-energybill1.pdf
vn981cw8829,r-low-activity-waste21.pdf
vn981cw8829,r-medicare11.pdf
vn981cw8829,r-scaapsenate03.pdf
vn981cw8829,r-geneva1.pdf
vn981cw8829,r-arreolasenate.pdf
vp224fy8028,L5285.pdf
vp349rp9831,L9847.pdf
vp677vr8598,L1112.pdf
vq506xv9525,L7134.pdf
vq753xf8240,2017-07-06 California Enviro Bill opposition.pdf
vq753xf8240,2017-07-10 GROW Act statement.pdf
vq753xf8240,2017-07-11 junior statement.pdf
vq753xf8240,2017-07-11 State Cadiz bill letter.pdf
vq753xf8240,2017-07-12 wray yes.pdf
vq753xf8240,2017-07-13 Cap and Trade statement.pdf
vq753xf8240,2017-07-13 Liu Xiaobo statement.pdf
vq753xf8240,2017-07-18 Cap and Trade statement.pdf
vq753xf8240,2017-07-20 Aliso Canyon.pdf
vq753xf8240,2017-07-20 GROW Act joint letter.pdf
vq753xf8240,2017-07-21 djt jr manafort.pdf
vq753xf8240,2017-07-24 Bernhardt Confirmation.pdf
vq753xf8240,2017-07-24 Economic agenda statement.pdf
vq753xf8240,2017-07-25 manafort subpoena.pdf
vq753xf8240,2017-07-26 Desert bill and Santa Ana Wash bill hearing release.pdf
vq753xf8240,2017-07-27 Sanctions Vote.pdf
vq962hp6808,2007-01-04-pr-protect americans from perchlorate-intro.pdf
vq962hp6808,2007-01-04-pr-providing victims with right to restitution-ken lay.pdf
vq962hp6808,2007-01-05-pr-assist states in addressing problem of family abductions.pdf
vq962hp6808,2007-01-05-pr-df chairs appropriations subcommittee.pdf
vq962hp6808,2007-01-05-pr-kim tragedy-safety protocols-kempthorne letter.pdf
vq962hp6808,2007-01-05-pr-san diego and sacramento eligible for dhs security funding.pdf
vq962hp6808,2007-01-08-pr-ethics preview-ethics reform package.pdf
vq962hp6808,2007-01-09-pr-applauds increased port security funding.pdf
vq962hp6808,2007-01-09-pr-call for expanding stem cell research funding.pdf
vq962hp6808,2007-01-09-pr-jorge arroyo garcia extradition-statement.pdf
vq962hp6808,2007-01-09-pr-rules committee-ethics debate-opening statement.pdf
vq962hp6808,2007-01-09-pr-social security fairness-intro.pdf
vq962hp6808,2007-01-10-pr-AgJOBS.pdf
vq962hp6808,2007-01-10-pr-criticizes lifting oil drilling ban-statement.pdf
vq962hp6808,2007-01-10-pr-privacy bills-protection from id theft.pdf
vq962hp6808,2007-01-10-pr-reauthorize byrne JAG grants.pdf
vq962hp6808,2007-01-11-pr-ethics amendment-free attendance at constituent events.pdf
vq962hp6808,2007-01-11-pr-Intro Legislation to Slow Movement of NFL Teams.pdf
vq962hp6808,2007-01-11-pr-PERFORM act-protect copyrighted materials.pdf
vq962hp6808,2007-01-11-pr-us attorneys confirmation process bill-intro.pdf
vq962hp6808,2007-01-12-pr-MLK day-statement.pdf
vq962hp6808,2007-01-12-pr-toughen laws criminalizing passport fraud.pdf
vq962hp6808,2007-01-12-pr-unreported voting equipment failures-EAC letter.pdf
vq962hp6808,2007-01-16-pr-DF concerned over us attorney resignations.pdf
vq962hp6808,2007-01-16-pr-intel-transparency of classified earmarks approval.pdf
vq962hp6808,2007-01-16-pr-transparency of classified earmark approval.pdf
vq962hp6808,2007-01-17-pr-citrus freeze-USDA assistance.pdf
vq962hp6808,2007-01-17-pr-electricity sector cap and trad legislation-intro.pdf
vq962hp6808,2007-01-18-pr-JUD hearing-gonzalez-us attorney resignations.pdf
vq962hp6808,2007-01-22-pr-ten in ten-raising fuel economy standards.pdf
vq962hp6808,2007-01-23-pr-state of the union response-statement.pdf
vq962hp6808,2007-01-26-pr-bill to ensure title one-funds for needy students-reintroduction.pdf
vq962hp6808,2007-01-31-pr-df introduces gang bill.pdf
vq962hp6808,2007-01-31-pr-df introduces gang bill_clean.pdf
vq962hp6808,2007-01-31-pr-dhs failure to implement us visit program-statement.pdf
vq962hp6808,2007-01-31-pr-gang act introduction.pdf
vr061wx4635,2006-03-24-v-women political caucus.pdf
vr147ns8867,L1325.pdf
vr161xx3307,L959.pdf
vr263qb1309,L3774.pdf
vr348gs7599,L1956.pdf
vr773pb8936,2004-02-23-a-cyber terrorism hearing.pdf
vr773pb8936,2004-02-25-a-assault weapons ban sat feed.pdf
vr774zp3756,L9502.pdf
vs997vr6057,2004-10-04-pr-meth jud committee passage.pdf
vs997vr6057,2004-10-05-pr-9thcircuit Hold.pdf
vs997vr6057,2004-10-05-pr-Amendment to Improve Intel functions of FBI.pdf
vs997vr6057,2004-10-05-pr-iraq wmd clarification from rice.pdf
vs997vr6057,2004-10-06-pr-Breast Cancer Awareness-Edits.pdf
vs997vr6057,2004-10-06-pr-iraq study group wmd.pdf
vs997vr6057,2004-10-07-pr-disease surveillance.pdf
vs997vr6057,2004-10-08-pr-nasa jet propulsion lab 50th anniversary coin.pdf
vs997vr6057,2004-10-11-pr-california missions-senate final passage.pdf
vs997vr6057,2004-10-11-pr-nukes global clean out passes congress.pdf
vs997vr6057,2004-10-11-pr-sinclair broadcasting anti-kerry ad.pdf
vs997vr6057,2004-10-25-pr-explosives-041025.pdf
vs997vr6057,2004-10-26-pr-flu shots.pdf
vt167fx4126,L3816.pdf
vt177mt6964,2021-05-05 Peloton statement v6.pdf
vt177mt6964,2021-05-07 Ghost guns statement v4.pdf
vt177mt6964,2021-05-10 afghan letter v2.pdf
vt177mt6964,2021-05-10 Coronavirus State and Local Fiscal Recovery Funds statement v3.pdf
vt177mt6964,2021-05-10 covid letter.pdf
vt177mt6964,2021-05-10 prop 12 letter.pdf
vt177mt6964,2021-05-11 GAO firefighter study.pdf
vt177mt6964,2021-05-12 For the People Act statement v4.pdf
vt177mt6964,2021-05-12 Lake Tahoe Restoration Act reauthorization intro v1.pdf
vt177mt6964,2021-05-12 wine tariffs letter.pdf
vt177mt6964,2021-05-13 afghan girls bill intro v2.pdf
vt177mt6964,2021-05-13 afghan girls bill intro v3.pdf
vt177mt6964,2021-05-13 asylum letter release v3.pdf
vt177mt6964,2021-05-13 EPA letter on HFCs.pdf
vt177mt6964,2021-05-14 mideast violence v3.pdf
vt177mt6964,2021-05-14 mideast violence v4.pdf
vt177mt6964,2021-05-17 covid data release.pdf
vt177mt6964,2021-05-18 west la va house passage v2.pdf
vt177mt6964,2021-05-18 wildfire summary v2.pdf
vt177mt6964,2021-05-18 wildfire summary v2 2.pdf
vt177mt6964,2021-05-19 PFAS repurpose v2.pdf
vt177mt6964,2021-05-19 Sexual Assault Awareness and Prevention Month release v6.pdf
vt177mt6964,2021-05-20 Climate risk EO statement v5.pdf
vt177mt6964,2021-05-20 Rim of the Valley intro v5.pdf
vt177mt6964,2021-05-24 fema funding v2.pdf
vt177mt6964,2021-05-24 housing letter.pdf
vt177mt6964,2021-05-24 wildfire bill v4.pdf
vt177mt6964,2021-05-25 ERPO intro v6.pdf
vt177mt6964,2021-05-26 atf nom qanda.pdf
vt177mt6964,2021-05-26 forest service qanda.pdf
vt177mt6964,2021-05-26 john warner death v3.pdf
vt177mt6964,2021-05-26 San Jose shooting statement v4.pdf
vt177mt6964,2021-05-27 Cancer research res press release v2.pdf
vt177mt6964,2021-05-27 Desert Sage passes Senate v8.pdf
vt177mt6964,2021-05-27 January 6 commission statement release v2.pdf
vt177mt6964,2021-05-27 San Francisco Bay Restoration Act intro release v6.pdf
vt177mt6964,2021-05-27 wild horse letter press release.pdf
vt177mt6964,2021-05-28 jan 6 commission v2.pdf
vt243jb4538,L2776.pdf
vt370fy2017,L9701.pdf
vt438vt5227,L5468.pdf
vv117nq0677,2018-12-06 BUILD grants v2.pdf
vv117nq0677,2018-12-06 Khashoggi statment v5.pdf
vv117nq0677,2018-12-07 Climate change floor speech.pdf
vv117nq0677,2018-12-10 Cadiz statement v5.pdf
vv117nq0677,2018-12-11 Farm bill statement v3.pdf
vv117nq0677,2018-12-12 IRS dark money statement v3.pdf
vv117nq0677,2018-12-13 Terrorist attacks on Israel v3.pdf
vv117nq0677,2018-12-13 Tuolumne Voluntary Settlement statement v5.pdf
vv117nq0677,2018-12-13 Yemen resolution vote v4.pdf
vv117nq0677,2018-12-14 Amtrak letter statement v2.pdf
vv117nq0677,2018-12-18 Hudaydah ceasefire v3.pdf
vv117nq0677,2018-12-19 OPM transgender employees letter.pdf
vv117nq0677,2018-12-21 CR statement v2.pdf
vv117nq0677,2018-12-21 Mattis statement v3.pdf
vv117nq0677,2018-12-26 2nd immigrant kid death letter.pdf
vv117nq0677,2018-12-27 2nd immigrant kid death letter to Graham.pdf
vv117nq0677,2018-12-28 northern triangle funding.pdf
vv467wc4770,2005-03-02-pr-credit card minimum wage payments.pdf
vv467wc4770,2005-03-03-pr-energy derivatives trading enron.pdf
vv467wc4770,2005-03-03-pr-fema disaster relief letter to regional director.pdf
vv467wc4770,2005-03-03-pr-small business administration disaster assistance office closure in sacramento.pdf
vv467wc4770,2005-03-03-pr-social security women statement.pdf
vv467wc4770,2005-03-04-pr-approps-cmte-assignments.pdf
vv467wc4770,2005-03-04-pr-community development block grant letter.pdf
vv467wc4770,2005-03-07-pr-moab waste energy sec bodman letter.pdf
vv467wc4770,2005-03-08-pr-Banning 50 Caliber Rifles.pdf
vv467wc4770,2005-03-08-pr-Oppose Bankruptcy Reform Legislation-Statement.pdf
vv467wc4770,2005-03-08-pr-Oppose Bankruptcy Reform Legislation.pdf
vv467wc4770,2005-03-08-pr-social secuity public employees.pdf
vv467wc4770,2005-03-09-pr-epa oxygenate waiver.pdf
vv467wc4770,2005-03-09-pr-hybrid diamond lane allen intro.pdf
vv467wc4770,2005-03-09-pr-seisint data breach.pdf
vv467wc4770,2005-03-10-pr-dea redding meth.pdf
vv467wc4770,2005-03-14-pr-gpo windfall elimination programs public servants.pdf
vv467wc4770,2005-03-15-pr-Alaska Refuge Drilling.pdf
vv467wc4770,2005-03-15-pr-epa mercury ruling.pdf
vv467wc4770,2005-03-15-pr-milcon hearing.pdf
vv467wc4770,2005-03-16-pr-ANWR-Floor Stmt.pdf
vv467wc4770,2005-03-16-pr-nuclear weapons.pdf
vv467wc4770,2005-03-16-pr-senate cancer coalition.pdf
vv467wc4770,2005-03-17-pr-scaap passes jud committee.pdf
vv467wc4770,2005-03-18-pr-fema disaster assistance to CA counties.pdf
vv467wc4770,2005-03-18-pr-increased rail safety.pdf
vv467wc4770,2005-03-18-pr-judicial advisory committee renewal.pdf
vv467wc4770,2005-03-21-pr-lytton gaming hearing scheduled.pdf
vv467wc4770,2005-03-21-pr-terri schiavo.pdf
vv467wc4770,2005-03-29-pr-Agriculture-Crop Diaster Program.pdf
vv467wc4770,2005-03-29-pr-id theft-riverside-050329.pdf
vv467wc4770,2005-03-29-st helena fema flood protection.pdf
vv467wc4770,2005-03-31-pr-intel wmd.pdf
vv467wc4770,2005-03-31-pr-terri schiavo.pdf
vw018hf5099,L5254.pdf
vw094my6407,L11018.pdf
vw248xj7613,L9276.pdf
vw409sh8892,L10233.pdf
vw597kx5972,L4726.pdf
vw898vp0200,2007-01-29-v-nature conservancy western regional climate conference.pdf
vx267tc9152,L1471.pdf
vx501ns7358,2009-01-05-pr-Accountability for Economic Assistance DRAFT.pdf
vx501ns7358,2009-01-05-pr-gang bill intro add.pdf
vx501ns7358,2009-01-05-r-gang bill intro-notes.pdf
vx501ns7358,2009-01-05-pr-Mortgage Relief.pdf
vx501ns7358,2009-01-06-pr-df on panetta CIA nomination.pdf
vx501ns7358,2009-01-06-r-gang bill reintroduce.pdf
vx501ns7358,2009-01-08-pr-community policing program.pdf
vx501ns7358,2009-01-08-pr-scaap reintroduction.pdf
vx501ns7358,2009-01-09-pr-burris court ruling.pdf
vx501ns7358,2009-01-09-pr-temporary federal judgeship for eastern district_V1.pdf
vx501ns7358,2009-01-09-pr-temporary federal judgeship for eastern district perchlorate.pdf
vx501ns7358,2009-01-09-pr-Temporary Federal Judgeship for Eastern District.pdf
vx501ns7358,2009-01-09-pr-visa waiver intro.pdf
vx501ns7358,2009-01-14-pr-senate passes inaugural ticket legislation.pdf
vx501ns7358,2009-01-16-pr-drug bills intro.pdf
vx501ns7358,2009-01-19-pr-bush commutations of border patrol agents.pdf
vx501ns7358,2009-01-20-pr-inaugural welcome remarks.pdf
vx501ns7358,2009-01-21-pr-inaugural statement.pdf
vx501ns7358,2009-01-22-pr-inaugural meeting officials.pdf
vx501ns7358,2009-01-22-pr-inaugural meeting officials_V2.pdf
vx501ns7358,2009-01-22-pr-lilly ledbetter urge passage.pdf
vx501ns7358,2009-01-23-pr-TARP lobbying.pdf
vx501ns7358,2009-01-26-pr-california epa water waiver.pdf
vx501ns7358,2009-01-27-pr-lung cancer act.pdf
vx501ns7358,2009-01-27-pr-tarp federal lobbying ban.pdf
vx501ns7358,2009-01-28-pr-birotte passes jud committee.pdf
vx501ns7358,2009-01-28-pr-fuel economy.pdf
vx899pf4008,L10517.pdf
vy048ss2730,L10977.pdf
vy086ph4809,L8304.pdf
vy505wz8634,2018-04-03 CAFE standards letter release.pdf
vy505wz8634,2018-04-04 Perdue trade letter release.pdf
vy505wz8634,2018-04-11 firing mueller.pdf
vy505wz8634,2018-04-11 mueller markup.pdf
vy505wz8634,2018-04-12 firing rosenstein.pdf
vy505wz8634,2018-04-13 mccabe ig report.pdf
vy505wz8634,2018-04-16 Cadiz study statement.pdf
vy505wz8634,2018-04-16 sessions resigns.pdf
vy505wz8634,2018-04-17 pompeo opposition.pdf
vy505wz8634,2018-04-18 USDA food safety letter.pdf
vy505wz8634,2018-04-24 it protection bill.pdf
vy505wz8634,2018-04-25 CAFE letter to Chao.pdf
vy505wz8634,2018-04-26 mueller protection bill markup.pdf
vy505wz8634,2018-04-27 search terms letter.pdf
vy541xv9881,2019-03-30 March for Our Lives San Jose FINAL.pdf
vy541xv9881,2019-03-30 March for Our Lives San Jose.pdf
vy788tc9145,L1032.pdf
vy883bg0135,L1558.pdf
vz033ww1470,2022-04-04 KBJ markup.pdf
vz033ww1470,2022-04-04 KBJ markup statement v1.pdf
vz033ww1470,2022-04-04 Sacramento shooting statement v4.pdf
vz033ww1470,2022-04-05 ukraine steel tariffs letter.pdf
vz033ww1470,2022-04-06 California Senators to Congressional Leadership Invest in Affordable Housing v3.pdf
vz033ww1470,2022-04-06 gas prices letter v2.pdf
vz033ww1470,2022-04-06 SCOTUS KBJ floor remarks release v2.pdf
vz033ww1470,2022-04-07 KBJ confirmation.pdf
vz033ww1470,2022-04-07 SCOTUS KBJ confirmation statement v3.pdf
vz033ww1470,2022-04-11 Ghost guns rule statement v5.pdf
vz033ww1470,2022-04-11 Wildfire statement v4.pdf
vz033ww1470,2022-04-15 Feinstein Padilla Booker to Secretary Vilsack Support California Prop 12 v2.pdf
vz033ww1470,2022-04-18 forest restoration funds v2.pdf
vz033ww1470,2022-04-19 Glock switch ATF letter release v3.pdf
vz033ww1470,2022-04-20 firefighter claims v3.pdf
vz033ww1470,2022-04-25 Feinstein Padilla to Buttigieg Golden Gate Bridge Seismic Retrofit Needs Federal Support v3.pdf
vz033ww1470,2022-04-28 flavored tobacco v2.pdf
vz033ww1470,2022-04-28 Senators Introduce Legislation to Remove Sexual Harassment from the Military Chain of Command v4.pdf
vz033ww1470,2022-04-28 Sexual Assault Awareness and Prevention Month release v7.pdf
vz033ww1470,2022-04-29 covid funding support v3.pdf
vz162ng1013,2005-07-01-pr-sandra day oconnor retirement.pdf
vz162ng1013,2005-07-06-pr-meth study by national association of counties.pdf
vz162ng1013,2005-07-08-pr-Agenda for BRAC Hearing.pdf
vz162ng1013,2005-07-11-pr-homeland security risk-based funding amendment.pdf
vz162ng1013,2005-07-12-pr-homeland security risk-based funding speech.pdf
vz162ng1013,2005-07-12-pr-perchlorate clean up grant in inland empire.pdf
vz162ng1013,2005-07-13-pr-dc vouchers program change opposition.pdf
vz162ng1013,2005-07-13-pr-patriot act reauthorization.pdf
vz162ng1013,2005-07-14-pr-approps-laborhhs-cmte.pdf
vz162ng1013,2005-07-14-pr-BRAC Hearing-Statement.pdf
vz162ng1013,2005-07-14-pr-northern california coastal wild heritage wilderness act hearing.pdf
vz162ng1013,2005-07-19-pr-approps-milcon-subcmte.pdf
vz162ng1013,2005-07-19-pr-john roberts supreme court nomination.pdf
vz162ng1013,2005-07-21-pr-approps-transpo-committee pass_FINAL.pdf
vz162ng1013,2005-07-21-pr-epa mtbe letter.pdf
vz162ng1013,2005-07-22-pr nukes bunker buster funding elimination.pdf
vz162ng1013,2005-07-22-pr-Unocal corp purchased by CNOOC.pdf
vz162ng1013,2005-07-22-pr-uss iowa donated to california.pdf
vz162ng1013,2005-07-25-pr-stowe trail san diego.pdf
vz162ng1013,2005-07-26-pr-asean-burma.pdf
vz162ng1013,2005-07-26-pr-christopher cox SEC chairman introduction at banking hearing.pdf
vz162ng1013,2005-07-26-pr-northern california coastal wild heritage wilderness act passes senate.pdf
vz162ng1013,2005-07-26-pr-NRA gun liability bill opposition.pdf
vz162ng1013,2005-07-26-pr-santa monica mountains national recreation area expansion.pdf
vz162ng1013,2005-07-26-pr-yosemite ggnra redwood passed.pdf
vz162ng1013,2005-07-28-pr-fda-silicone implants.pdf
vz162ng1013,2005-07-28-pr-stem cells urging senate vote.pdf
vz162ng1013,2005-07-29-pr-energy bill conference statement.pdf
vz162ng1013,2005-07-29-pr-fema ladwp award.pdf
vz162ng1013,2005-07-29-pr-patriot act passes senate.pdf
vz162ng1013,2005-07-29-pr-pot grown on public land.pdf
vz162ng1013,2005-07-29-pr-stem cell frist support.pdf
vz523wq3891,L10897.pdf
vz563hp9014,vz563hp9014_0001.jp2
wb016ht7747,2004-01-09-pr-criminals extradition from mexico.pdf
wb016ht7747,2004-01-12-pr-sotu react.pdf
wb016ht7747,2004-01-12-pr-sotu react_clean.pdf
wb016ht7747,2004-01-13-pr-df letter to schwarzenegger re energy power outages.pdf
wb016ht7747,2004-01-14-pr-bush immigration proposal.pdf
wb016ht7747,2004-01-22-pr-crib-safety4.pdf
wb016ht7747,2004-01-22-pr-Medicare and Prescription Drugs.pdf
wb016ht7747,2004-01-27-pr-calfed joint release with pombo.pdf
wb016ht7747,2004-01-28-pr-buendia permanent resident status introduction.pdf
wb016ht7747,2004-01-28-pr-intergen pollution control 1.pdf
wb016ht7747,2004-01-28-pr-intergen pollution control 1_clean.pdf
wb016ht7747,2004-01-28-pr-Old Growth Forests-Letter to Blackwell.pdf
wb016ht7747,2004-01-28-pr-port-security hearing.pdf
wb016ht7747,2004-01-28-pr-port-security hearing_clean.pdf
wb016ht7747,2004-01-29-pr-New Criteria For Military Base Closures.pdf
wb016ht7747,2004-01-30-pr-iraq wmd.pdf
wb489sn0232,L2327.pdf
wb890ty9094,2013-09-16 cancer forum advisory.pdf
wb890ty9094,2013-09-24 fisa hearing advisory.pdf
wb908vx9009,2013-04-12 nnsa approps hearing advisory.pdf
wb908vx9009,2013-4-19 FOX News Sunday Media Advisory.pdf
wb922kj0301,2021-11-01 Brightline HSR letter release v2.pdf
wb922kj0301,2021-11-01 two padilla fire bills.pdf
wb922kj0301,2021-11-02 Aliso Canyon joint statement v2.pdf
wb922kj0301,2021-11-02 Methane emissions statement v6.pdf
wb922kj0301,2021-11-03 captive marine mammals letter.pdf
wb922kj0301,2021-11-03 wildfire pay cap stmt.pdf
wb922kj0301,2021-11-05 BIF house passage v3.pdf
wb922kj0301,2021-11-05 COVID Commission release v5.pdf
wb922kj0301,2021-11-08 EPA border pollution project annoucement release v4.pdf
wb922kj0301,2021-11-08 faa safety letter.pdf
wb922kj0301,2021-11-10 labor dept transit grants letter v4.pdf
wb922kj0301,2021-11-15 leahy retire release.pdf
wb922kj0301,2021-11-17 Biden Xi statement v4.pdf
wb922kj0301,2021-11-17 covid commission leadership letter v4.pdf
wb922kj0301,2021-11-17 fire salary in BIF.pdf
wb922kj0301,2021-11-18 salary gap letter v2.pdf
wb922kj0301,2021-11-18 vaccination stmt.pdf
wb922kj0301,2021-11-19 transit grants release v2.pdf
wb922kj0301,2021-11-19 transit grants release v3.pdf
wb922kj0301,2021-11-19 vaccination stmt.pdf
wb922kj0301,2021-11-22 ghost guns letter v2.pdf
wb922kj0301,2021-11-30 9th circuit CA high capacity mag ruling statement v4.pdf
wb922kj0301,2021-11-30 LA City Council ghost guns statement v4.pdf
wb987km6415,2018-05-04 russia report.pdf
wb987km6415,2018-05-07 Ranking members Iran letter.pdf
wb987km6415,2018-05-08 Auto execs letter.pdf
wb987km6415,2018-05-08 Iran nuclear agreement.pdf
wb987km6415,2018-05-14 Jerusalem embassy opening.pdf
wb987km6415,2018-05-15 Jerusalem embassy protests.pdf
wb987km6415,2018-05-24 3 Opioid Bills pass JUD.pdf
wb987km6415,2018-05-24 3 Opioid Bills pass JUD v.2.pdf
wb987km6415,2018-05-24 3 Opioid Bills pass JUD v3.pdf
wb987km6415,2018-05-24 North Korea summit.pdf
wb987km6415,2018-05-31 NBA wager.pdf
wc112pt6018,L3590.pdf
wc311mz8828,2015-10-22 Marlene Malek Friends of Cancer research FINAL.pdf
wc311mz8828,2015-10-22 Marlene Malek Friends of Cancer research v5.pdf
wc311mz8828,2015-10-22 Marlene Malek Friends of Cancer research v3 - DKL.pdf
wc311mz8828,2015-10-22 Marlene Malek Friends of Cancer research v3 - DKL (002).pdf
wc311mz8828,2015-10-22 Marlene Malek Friends of Cancer research v3.pdf
wc311mz8828,2015-10-22 Marlene Malek Friends of Cancer research.pdf
wd388bv4900,L6792.pdf
wd732db6417,2015-12-09 Model UN welcome video - v4.pdf
wd732db6417,2015-12-09 Model UN welcome video - v3.pdf
wd732db6417,2015-12-09 Model UN welcome video - v2.pdf
wd732db6417,2015-12-09 Model UN welcome video.pdf
wd886nd6140,2005-02-21-a-washreport-east la.pdf
wd886nd6140,2005-02-22-a-long beach port.pdf
wf088gp2254,L7906.pdf
wf570wx7828,L9088.pdf
wf652kp6986,L11417.pdf
wf812vv5025,2014-07-08 cyber bil committee passage.pdf
wf812vv5025,2014-07-10 Statement on Resignation of Matt Olsen NCTC.pdf
wf812vv5025,2014-07-15 Statement on FERC Member Confirmation.pdf
wf812vv5025,2014-07-16 Hobby Lobby Vote.pdf
wf812vv5025,2014-07-18 Statement on Iran P5 1 Negotiations Extension.pdf
wf812vv5025,2014-07-23 Homeless Youth Bill with Portman.pdf
wf812vv5025,2014-07-28 Supplemental Statement short version.pdf
wf812vv5025,2014-07-29 fy15 intel auth committee v4.pdf
wf812vv5025,2014-07-30 - Press Release - Zamperini Resolution.pdf
wf812vv5025,2014-07-31 statement on cia ig report.pdf
wg212fx3186,L5328.pdf
wg877nr8064,L5408.pdf
wg921pg8682,L1155.pdf
wg979vh7798,2006-06-01-pr-queens-bench-speech.pdf
wg979vh7798,2006-06-01-pr-va-idtheft-nicholson letter.pdf
wg979vh7798,2006-06-05-pr-call for passage of id theft bill-hotline.pdf
wg979vh7798,2006-06-06-pr-same sex marriage amendment.pdf
wg979vh7798,2006-06-06-pr-va-id theft-nicholson letter.pdf
wg979vh7798,2006-06-07-pr-sacramento flood-supplemental funding.pdf
wg979vh7798,2006-06-12-pr-downsizing in iraq-resolution.pdf
wg979vh7798,2006-06-15-pr-iran sanctions-santorum amendment.pdf
wg979vh7798,2006-06-15-pr-old mint coin act signed.pdf
wg979vh7798,2006-06-16-pr-levee-restoration-project.pdf
wg979vh7798,2006-06-20-pr-fuel-economy-standards.pdf
wg979vh7798,2006-06-21-pr-iraq floor-phase deployment.pdf
wg979vh7798,2006-06-22-pr-santa rosa island-defauthorization.pdf
wg979vh7798,2006-06-23-pr-Sec of trans mineta retirment.pdf
wg979vh7798,2006-06-26-r-agriculture appropriations FY2007.pdf
wg979vh7798,2006-06-27-pr-end royalty relief-interior appropriations.pdf
wg979vh7798,2006-06-27-pr-flag protection amendment-statement.pdf
wg979vh7798,2006-06-27-pr-no expert appointed to small arms.pdf
wg979vh7798,2006-06-28-pr-epa-adopt small engines.pdf
wg979vh7798,2006-06-28-pr-green buildings legislation.pdf
wg979vh7798,2006-06-28-pr-stem cell-dem women-floorstatement.pdf
wg979vh7798,2006-06-29-pr-end royalty relief-interior appropriations.pdf
wg979vh7798,2006-06-29-pr-epa-adopt small engines.pdf
wg979vh7798,2006-06-29-pr-Statement on Hamdan Case.pdf
wh797gt0334,L8191.pdf
wh812dy2247,2019-09-20 FINAL Hardball with Chris Matthews 20 year.pdf
wh812dy2247,2019-09-20 Hardball with Chris Matthews 20 year.pdf
wh892hj9123,6 12 16 Orlando Terrorist Attack v3.pdf
wh892hj9123,2016-06-02 Statement on Elephant Ivory Trade.pdf
wh892hj9123,2016-06-08 Statement on Toxic Chemical Act.pdf
wh892hj9123,2016-06-09 FDA recall letter-final.pdf
wh892hj9123,2016-06-15 Oil by Rail letter.pdf
wh892hj9123,2016-06-20 U2 letter.pdf
wh892hj9123,2016-06-21 Diablo Canyon closing.pdf
wh892hj9123,2016-06-23 calling out gop.pdf
wh892hj9123,2016-06-23 collins amendment v9.pdf
wh892hj9123,2016-06-23 Due Process v5.pdf
wh892hj9123,2016-06-23 foreign nationals v2.pdf
wh892hj9123,2016-06-27 house benghazi committee statement v2.pdf
wh892hj9123,2016-06-28 temperance flat joa.pdf
wh994pw1314,2020-6-3 Dalai Lama BDay.pdf
wj065fn6074,L5384.pdf
wj394rh8320,2014-04-02 air force launch vehicle letter.pdf
wj394rh8320,2014-04-02 ssci study declassification.pdf
wj394rh8320,2014-04-03 birotte judge rec.pdf
wj394rh8320,2014-04-10 drought statement.pdf
wj394rh8320,2014-04-10 friedland nomination release.pdf
wj394rh8320,2014-04-14 breast cancer stamp release.pdf
wj394rh8320,2014-04-15 chicken letter.pdf
wj394rh8320,2014-04-30 bashant judge confirmation.pdf
wj394rh8320,2014-04-30 info sharing update statement.pdf
wj601fq7112,2020-07-01 Corona Comission Intro.pdf
wj601fq7112,2020-07-01 Corona part 8.pdf
wj601fq7112,2020-7-1 NDAA CBP DEA Amndmts.pdf
wj601fq7112,2020-07-01 thomas retires or dies v2.pdf
wj601fq7112,2020-7-2 ACA Resolution Repurpose.pdf
wj601fq7112,2020-07-02 Aliso Canyon letter release v1.pdf
wj601fq7112,2020-07-02 Cancer Cluster NDAA.pdf
wj601fq7112,2020-07-02 Cut flowers resolution release v7.pdf
wj601fq7112,2020-07-2 E-cig Passage.pdf
wj601fq7112,2020-7-2 Imperial County Covid.pdf
wj601fq7112,2020-07-02 Judicial Ads Act intro release v10.pdf
wj601fq7112,2020-07-06 Postal Service Emergency Assistance Act.pdf
wj601fq7112,2020-07-06 San Francsico GAO EPA letter release v3.pdf
wj601fq7112,2020-07-07 blum inquiry.pdf
wj601fq7112,2020-07-08 SCOTUS ACA Birth Control.pdf
wj601fq7112,2020-07-09 White House LGBTQ letter release v5.pdf
wj601fq7112,2020-07-10 ICE international students letter release v3.pdf
wj601fq7112,2020-07-10 some dni release.pdf
wj601fq7112,2020-07-14 Corona Part IX.pdf
wj601fq7112,2020-07-14 Corona Part IX df edits.pdf
wj601fq7112,2020-07-14 Corona Part IX df edits_clean.pdf
wj601fq7112,2020-07-14 Social costs of carbon release v3.pdf
wj601fq7112,2020-07-15 GAO CBP report letter release v4.pdf
wj601fq7112,2020-07-15 POTUS DPA Letter.pdf
wj601fq7112,2020-07-16 Mask-or-aid.pdf
wj601fq7112,2020-07-16 Mask-or-aid v3.pdf
wj601fq7112,2020-07-16 Mask-or-aid DF edits.pdf
wj601fq7112,2020-07-16 Wastewater COVID early detection letter release v3.pdf
wj601fq7112,2020-07-18 john lewis death.pdf
wj601fq7112,2020-7-20 Mask mandate Amndmt Letter.pdf
wj601fq7112,2020-7-20 South Korea Troops Take 2.pdf
wj601fq7112,2020-07-21 Additional UI extension statement v5.pdf
wj601fq7112,2020-07-21 Census Executive Order v3.pdf
wj601fq7112,2020-07-21 Jones v DeSantis 11th cicuit recusal letters release v4.pdf
wj601fq7112,2020-07-22 Corona Part X.pdf
wj601fq7112,2020-07-22 House NDAA.pdf
wj601fq7112,2020-07-22 Trump rigged election response v4.pdf
wj601fq7112,2020-07-23 Cancer Cluster NDAA Senate Passage.pdf
wj601fq7112,2020-07-23 Driftnet Senate vote v6.pdf
wj601fq7112,2020-07-23 UI benefits letter release v5.pdf
wj601fq7112,2020-07-23 Wildlife refuge hunting expansion letter release v3.pdf
wj601fq7112,2020-07-28 DACA statement v5.pdf
wj601fq7112,2020-07-29 Border Water Quality Restoration and Protection Act intro release v9.pdf
wj601fq7112,2020-7-29 HUD Evictions.pdf
wj601fq7112,2020-07-29 letter on fed LE in portland.pdf
wj601fq7112,2020-7-29 West LA VA Comment Release.pdf
wj601fq7112,2020-07-30 Covid Heartstings.pdf
wj601fq7112,2020-07-30 Trump election delay response v4.pdf
wj601fq7112,2020-07-31 Wildfires Bill.pdf
wj671js9218,L7375.pdf
wj798hr7717,L10453.pdf
wj880vn2390,2020-04-01 CV SBA loans v6.pdf
wj880vn2390,2020-04-01 employee retention credit - Copy.pdf
wj880vn2390,2020-04-3 4-T band repurpose.pdf
wj880vn2390,2020-04-3 4-T band repurpose joint v.pdf
wj880vn2390,2020-04-03 CV sexual assault survivors letter v1.pdf
wj880vn2390,2020-04-3 Letter Release - Barr Walmart Opioids.pdf
wj880vn2390,2020-04-3 Peace Corps Repurpose.pdf
wj880vn2390,2020-04-03 USS TR statement.pdf
wj880vn2390,2020-04-03 USS TR statement v2.pdf
wj880vn2390,2020-04-04 atkinson firing.pdf
wj880vn2390,2020-04-06 CV progression.pdf
wj880vn2390,2020-04-06 Transportation Funding CARES.pdf
wj880vn2390,2020-04-07 Education CARES.pdf
wj880vn2390,2020-04-07 firing of IG Fine.pdf
wj880vn2390,2020-04-7 Office Mask Letter Release.pdf
wj880vn2390,2020-04-7 Office Mask Letter Release v2.pdf
wj880vn2390,2020-04-08 CV Correctional Facility Emergency Response Act intro v7.pdf
wj880vn2390,2020-04-08 Nutrition Funds Corona.pdf
wj880vn2390,2020-04-09 CV PPP loans delays v5.pdf
wj880vn2390,2020-04-09 CV progression v2.pdf
wj880vn2390,2020-04-09 CV voting statement v7.pdf
wj880vn2390,2020-04-09 Iran IMF Letter Release.pdf
wj880vn2390,2020-04-09 Mental Health Resources.pdf
wj880vn2390,2020-04-09 Mental Health Resources v2.pdf
wj880vn2390,2020-04-09 passing of phyllis Lyon.pdf
wj880vn2390,2020-04-09 ultimate fighting debacle v2.pdf
wj880vn2390,2020-04-10 Commission Repurpose.pdf
wj880vn2390,2020-04-10 Newsom PPE.pdf
wj880vn2390,2020-04-10 Peace Corps PLFC.pdf
wj880vn2390,2020-04-10 saudi cease fire in yemen v2.pdf
wj880vn2390,2020-04-13 Billingslea nom.pdf
wj880vn2390,2020-04-13 Billingslea nom v2.pdf
wj880vn2390,2020-04-13 Billingslea nom v3.pdf
wj880vn2390,2020-04-13 Billingslea nom v4.pdf
wj880vn2390,2020-04-13 CV specialty crops letter v4.pdf
wj880vn2390,2020-04-13 Rise in hate crimes.pdf
wj880vn2390,2020-04-13 Rise in hate crimes v2.pdf
wj880vn2390,2020-04-13 Texas Abortion Case.pdf
wj880vn2390,2020-04-13 Texas Abortion Case v2.pdf
wj880vn2390,2020-04-14 Airports CARES.pdf
wj880vn2390,2020-04-15 cong task force memo and release.pdf
wj880vn2390,2020-04-15 Cornavirus Community Relif Act press release v3.pdf
wj880vn2390,2020-04-15 DOJ IG COVID Release v5.pdf
wj880vn2390,2020-04-15 Newsom Bernhardt water letters v9.pdf
wj880vn2390,2020-04-16 CV Nonprofits Main Street Lending Program v2.pdf
wj880vn2390,2020-04-17 CV census release v4.pdf
wj880vn2390,2020-04-17 letter calling for ig review of barr.pdf
wj880vn2390,2020-04-17 letter to SBA about loan disparity.pdf
wj880vn2390,2020-04-20 Corona Steady Goes.pdf
wj880vn2390,2020-04-20 Tariffs executive order response v10.pdf
wj880vn2390,2020-04-21 CV 3-5 bill release v6.pdf
wj880vn2390,2020-04-21 HUD Grants.pdf
wj880vn2390,2020-04-21 HUD Grants v2.pdf
wj880vn2390,2020-04-21 Stopping Doc Shortages Act Intro.pdf
wj880vn2390,2020-04-22 Devos Letter on CARES funds.pdf
wj880vn2390,2020-04-22 NICS Data Integrity Act release v8.pdf
wj880vn2390,2020-04-23 Corona 4 Health.pdf
wj880vn2390,2020-04-23 CV CFAP ag letter v1.pdf
wj880vn2390,2020-04-23 HUD ESG letter.pdf
wj880vn2390,2020-04-23 Immigratin executive order release v5.pdf
wj880vn2390,2020-04-24 USPS Benefits Cosponsorship.pdf
wj880vn2390,2020-04-27 CV 3-5 ag provision v4.pdf
wj880vn2390,2020-04-27 ICE letter release v3.pdf
wj880vn2390,2020-04-28 CV California UI benefits v5.pdf
wj880vn2390,2020-04-28 Peace Corps UI.pdf
wj880vn2390,2020-04-29 Mexico letter essential.pdf
wj880vn2390,2020-04-29 Senate Reopen.pdf
wj880vn2390,2020-04-29 Senate Reopen v2.pdf
wj880vn2390,2020-04-29 Senate Reopen v3.pdf
wj880vn2390,2020-04-30 Asian Pacific American Heritage Month.pdf
wj880vn2390,2020-04-30 Helicopter Bill.pdf
wj880vn2390,2020-04-30 Terminal Island letter release v5.pdf
wj880vn2390,2020-034-09 ig removal letter.pdf
wk675vq3814,L7044.pdf
wk726qg0279,MANELLA_121.pdf
wk726qg0279,SEAVENOM_129.pdf
wk726qg0279,MORENO_203.pdf
wk726qg0279,FOGEL_316.pdf
wk726qg0279,WHELAN_421.pdf
wk726qg0279,WHELAN_604.pdf
wk726qg0279,CARTER_625.pdf
wk726qg0279,WARDLAW_731.pdf
wk726qg0279,hf3-1120.pdf
wk744xr3533,L4585.pdf
wk784fg1960,2005-05-01-v-pilibos Armenian school 35th anniversary.pdf
wk800qg3981,L5473.pdf
wm014cn4262,L1701.pdf
wm061mf6856,L10887.pdf
wm236qm9186,L10254.pdf
wm240vf2440,L1062.pdf
wm265xc3408,L5039.pdf
wm796wr8549,2006-02-01-pr-EPA air quality.pdf
wm796wr8549,2006-02-01-pr-k street revolving door- democratic honest leadership act.pdf
wm796wr8549,2006-02-01-pr-nsa questions for AG alito.pdf
wm796wr8549,2006-02-02-pr-FY2006 budget final passage.pdf
wm796wr8549,2006-02-02-pr-medicare prescription drug coverage amendment.pdf
wm796wr8549,2006-02-02-pr-phone records s2178 cosponsorship.pdf
wm796wr8549,2006-02-06-pr-FY2007 budget react.pdf
wm796wr8549,2006-02-07-pr-medicare drug costs reimburse CA.pdf
wm796wr8549,2006-02-08-pr-crs intelligence reports provide oversight.pdf
wm796wr8549,2006-02-08-pr-medicare prescription drug lock-in bill.pdf
wm796wr8549,2006-20-08-pr-Support of Asbestos Trust Fund.pdf
wm796wr8549,2006-02-10-pr-bush plan to sell off CA national forests.pdf
wm796wr8549,2006-02-10-pr-judicial salaries increase - full release.pdf
wm796wr8549,2006-02-10-pr-judicial salaries increase.pdf
wm796wr8549,2006-02-15-pr-tule lake national landmark designation followup.pdf
wm796wr8549,2006-02-16-pr-community development block grant program support.pdf
wm796wr8549,2006-02-16-pr-oil royalties windfall end.pdf
wm796wr8549,2006-02-16-pr-patriot act reath support.pdf
wm796wr8549,2006-02-16-pr-perchlorate contamination cleanup bill with pombo.pdf
wm796wr8549,2006-02-17-pr-food safety letter.pdf
wm796wr8549,2006-02-17-pr-tule lake wwII itnernment camp as national landmark APPROVED.pdf
wm796wr8549,2006-02-21-pr-border tunnel criminalization bill introduce.pdf
wm796wr8549,2006-02-21-pr-Border Tunnels-part 1.pdf
wm796wr8549,2006-02-21-pr-Border Tunnels-part 2.pdf
wm796wr8549,2006-02-21-pr-DF Unveils Legislation Criminalizing Border Tunnels.pdf
wm796wr8549,2006-02-23-pr-DREAM act cosponsor.pdf
wm796wr8549,2006-02-23-pr-national park service management revision change con.pdf
wm796wr8549,2006-02-24-pr-perchlorate event.pdf
wm796wr8549,2006-02-28-pr-earmark reform process change.pdf
wn205jd2682,2017-09-02 cadiz statement.pdf
wn205jd2682,2017-09-06 Cadiz memorandum statement.pdf
wn205jd2682,2017-09-07 CR Harvey Debt ceiling statement.pdf
wn205jd2682,2017-09-18 CBF delay hearing.pdf
wn205jd2682,2017-09-18 ford witnesses.pdf
wn205jd2682,2017-09-18 trump clinton tweet.pdf
wn205jd2682,2017-09-19 trump un speech.pdf
wn205jd2682,2017-09-20 katz on kav hearing.pdf
wn205jd2682,2017-09-21 kav delay stmt.pdf
wn205jd2682,2017-09-21 monday markup.pdf
wn205jd2682,2017-09-22 MET Cadiz letter.pdf
wn205jd2682,2017-09-25 sked kav vote.pdf
wn205jd2682,2017-09-26 Workforce Development Month.pdf
wn205jd2682,2017-09-27 GOP tax plan.pdf
wn205jd2682,2017-09-27 kav process.pdf
wn205jd2682,2017-09-27 kav process v2.pdf
wn237nq1262,L9742.pdf
wn301xt0420,L10756.pdf
wn347pd1854,2010-05-06-v-bay area council 38th annual outlook conference.pdf
wn675yy3580,2009-01-07-a-floor-intelligence bill package.pdf
wn675yy3580,2009-01-07-a-pathfire-intelligence bill package.pdf
wn675yy3580,2009-01-07-a-radioactuality-intelligence bill package.pdf
wn675yy3580,2009-01-09-a-inaugural gifts-photo op.pdf
wn675yy3580,2009-01-14-a-photo-op-panetta.pdf
wn675yy3580,2009-01-15-a-inaugural-media-avail.pdf
wn675yy3580,2009-01-30-a-CNN-closing guantanamo.pdf
wn676sb4619,2010-07-28-pr-kagan-jud hearing.pdf
wn676sb4619,2010-04-19-pr-statement df voting rights bill.pdf
wn745pv8072,L2176.pdf
wp458hb2480,L5125.pdf
wp504kx7196,2005-10-14-v-breast cancer 3 day walk.pdf
wp679yn8236,2018-1-20 Womens March California v4.pdf
wp679yn8236,2018-1-20 Womens March California v3.pdf
wp679yn8236,2018-1-20 Womens March LA v2.pdf
wp682mv0909,SNOWE_306.pdf
wp682mv0909,LAGUNA_698.pdf
wp682mv0909,LOFSTY_798.pdf
wp898wq1973,L7233.pdf
wq085gx5558,2009-10-01-pr-Delta Bill.pdf
wq085gx5558,2009-10-02-pr-Cell Phone Contraband.pdf
wq085gx5558,2009-10-05-pr-Cell Phone Contraband-GD Edits.pdf
wq085gx5558,2009-10-14-pr-JUD Committee Approves 4 District Judges.pdf
wq085gx5558,2009-10-15-pr-JUD Committee Approves 4 District Judges.pdf
wq085gx5558,2009-10-21-pr-Afghan Drug Hearing Remarks.pdf
wq085gx5558,2009-10-22-pr-la familia doj-project coronado.pdf
wq085gx5558,2009-10-22-pr-Passage of Hate Crimes Legislation.pdf
wq085gx5558,2009-10-29-pr-SCAAP Letter.pdf
wq085gx5558,2009-10-29-pr-SCAAP Letter_V2.pdf
wq085gx5558,2009-10-30-pr-15 Years after Desert Protection Act.pdf
wq100pf4393,L7502.pdf
wq106xp1591,2019-05-01 As Delivered Jud - Barr.pdf
wq106xp1591,2019-05-02 As Delivered Jud - Mark Up.pdf
wq106xp1591,2019-05-02 health care conscience protections.pdf
wq106xp1591,2019-05-02 Saudi and Yemen remarks for the record.pdf
wq106xp1591,2019-05-02 Saudi and Yemen remarks for the record 2.pdf
wq106xp1591,2019-05-02 trump aca filing.pdf
wq106xp1591,2019-05-03 HHS child death investigation letter v2.pdf
wq106xp1591,2019-05-03 Letter to CBP on Vehicle Pursuit Standards v2.pdf
wq106xp1591,2019-05-07 georgia abortoin ban.pdf
wq106xp1591,2019-05-07 vawa tribal.pdf
wq106xp1591,2019-05-08 American Grown Flower Month Resolution intro v6.pdf
wq106xp1591,2019-05-08 American Grown Flower Month Resolution intro v6_clean.pdf
wq106xp1591,2019-05-08 barr contempt.pdf
wq106xp1591,2019-05-08 Mueller Hearing Request Letter Release.pdf
wq106xp1591,2019-05-08 mueller hearing request.pdf
wq106xp1591,2019-05-09 As Delivered Jud - Rosen Nom.pdf
wq106xp1591,2019-05-09 Chao BART letter v1.pdf
wq106xp1591,2019-05-09 raise AWB age to 21.pdf
wq106xp1591,2019-05-09 Trump policies toward Iran v5.pdf
wq106xp1591,2019-05-10 BLM drilling proposal v5.pdf
wq106xp1591,2019-05-10 Cadiz letter to state Senate v2.pdf
wq106xp1591,2019-05-13 dod housing statement.pdf
wq106xp1591,2019-05-13 Orange County homeless resolution v2.pdf
wq106xp1591,2019-05-14 As Delivered Jud - 5G.pdf
wq106xp1591,2019-05-14 Breast Cancer Stamp Reauthorization intro v6.pdf
wq106xp1591,2019-05-14 DoD transfer Letter Release.pdf
wq106xp1591,2019-05-14 DoD transfer Letter Release 2.pdf
wq106xp1591,2019-05-14 election interference bill.pdf
wq106xp1591,2019-05-15 Alabama abortion bill v6.pdf
wq106xp1591,2019-05-15 Forest Service wildfire letter v4.pdf
wq106xp1591,2019-05-15 Iran statement v7.pdf
wq106xp1591,2019-05-15 Remarks on Ken Lee.pdf
wq106xp1591,2019-05-16 BLM fracking proposal statement v2.pdf
wq106xp1591,2019-05-16 Brown v Board 65th.pdf
wq106xp1591,2019-05-16 Cadiz Bill Passes CA Senate.pdf
wq106xp1591,2019-05-16 Cadiz bill passes Senate committee v2.pdf
wq106xp1591,2019-05-16 High Speed Rail.pdf
wq106xp1591,2019-05-16 High Speed Rail v2.pdf
wq106xp1591,2019-05-16 Newsom Homeless Letter.pdf
wq106xp1591,2019-05-21 mueller report.pdf
wq106xp1591,2019-05-22 As Delivered Jud - Bress.pdf
wq106xp1591,2019-05-22 bress excerpt.pdf
wq106xp1591,2019-05-22 Cadiz v2.pdf
wq106xp1591,2019-05-22 IPCA Letter Japan.pdf
wq106xp1591,2019-05-22 Red Cross DHS letters v2.pdf
wq106xp1591,2019-05-23 disaster vote v3.pdf
wq106xp1591,2019-05-23 Disaster supplemental vote v3.pdf
wq106xp1591,2019-05-23 Michelle Pfeiffer Personal Care Products v4.pdf
wq106xp1591,2019-05-23 war criminal pardons.pdf
wq106xp1591,2019-05-23 zarif stmt.pdf
wq106xp1591,2019-05-24 Jud Dems ICE raids letter v3.pdf
wq106xp1591,2019-05-24 Saudi Arms sale - second statment v3.pdf
wq106xp1591,2019-05-24 Saudi Arms sale v4.pdf
wq106xp1591,2019-05-24 Saudi Arms sale v4_clean.pdf
wq106xp1591,2019-05-29 LA Supes support Homless Bill.pdf
wq106xp1591,2019-05-29 LA Supes support Homless Bill v2.pdf
wq106xp1591,2019-05-30 Salesforce gun violence v2.pdf
wq106xp1591,2019-05-31 Mexico tariffs v7.pdf
wq106xp1591,2019-05-31 Salesforce gun violence v3.pdf
wq106xp1591,barr is bad statement.pdf
wq160nb9389,2011-01-10 r - gun control 01 10 11.pdf
wq160nb9389,2011-01-10 r - gun controlDF statement 01 10 11.pdf
wq160nb9389,2011-01-31 r - assault weapons jan 28 2011.pdf
wq160nb9389,2011-06-10-pr-Firearms Report Press Release.pdf
wq492kx4241,L939.pdf
wq698zy8931,2006-02-02-a-cnn-situation room-nsa.pdf
wq698zy8931,2006-02-06-a-gonzales wiretapping.pdf
wq698zy8931,2006-02-06-a-msnbc-hardball.pdf
wq698zy8931,2006-02-06-a-radio actuality-gonzales-nsa.pdf
wq698zy8931,2006-02-06-a-sat-feed-gonzales-nsa.pdf
wq698zy8931,2006-02-20-a-border-tunnel-press-conference.pdf
wq698zy8931,2006-02-22-a-perchlorate cleanup in CA.pdf
wq698zy8931,2006-02-24-a-cnn-late edition-blitzer.pdf
wq698zy8931,2006-02-27-a-weekly planner.pdf
wq993ck5752,2008-04-07-a-new approach iran policy.pdf
wq993ck5752,2008-04-14-a-interior-fy 09 interior-hearing.pdf
wq993ck5752,2008-04-25-a-CNN-late edition.pdf
wr090td0850,2007-05-17-v-peninsula coalition jackie speier person of the year.pdf
wr541zy3647,2012-06-06 leaks presser advisory.pdf
wr541zy3647,2012-06-12 cancer caucus hearing.pdf
wr714rk7513,L9482.pdf
wr816mz4373,2009-10-20-a-afghanistan counternarcotics.pdf
ws250cf8764,L12145.pdf
ws254jj4666,L6658.pdf
ws904cn8580,L8113.pdf
wt096bt4030,L1101.pdf
wt282sz0200,L870.pdf
wt526df0285,2015-01-05 - Due Process Guarantee Act.pdf
wt526df0285,2015-01-05 - Press Release - Nepal Trade Preferences Bill Introductions.pdf
wt526df0285,2015-01-05 cia ig buckley resignation.pdf
wt526df0285,2015-01-05 torture rec letter.pdf
wt526df0285,2015-01-06 torture bill release.pdf
wt526df0285,2015-01-07 - Statement on Paris Attack Charlie Hebdo.pdf
wt526df0285,2015-01-08 - Klamath Legislation.pdf
wt526df0285,2015-01-08 - Statement on TRIA reauthorization.pdf
wt526df0285,2015-01-08 boxer retirement statement.pdf
wt526df0285,2015-01-08 house intel leadership.pdf
wt526df0285,2015-01-12 data breach obama.pdf
wt526df0285,2015-01-12 info sharing obama v2.pdf
wt526df0285,2015-01-14 cia accountability statement v2.pdf
wt526df0285,2015-01-14 cia accountability statement v4.pdf
wt526df0285,2015-01-14 cia accountability statement v5.pdf
wt526df0285,2015-01-14 cia accountability statement v6.pdf
wt526df0285,2015-01-20 - Press Release - Iran Resolution v4.pdf
wt526df0285,2015-01-20 cia study recall.pdf
wt526df0285,2015-01-20 Constitution Project Survey on Torture.pdf
wt526df0285,2015-01-20 Garcetti at SOTU Guest.pdf
wt526df0285,2015-01-20 state of the union v2_5.pdf
wt526df0285,2015-01-20 state of the union v2.pdf
wt526df0285,2015-01-20 torture opinion poll.pdf
wt526df0285,2015-01-21 - CFTC comment letter.pdf
wt526df0285,2015-01-26 arb fact check release v2.pdf
wt526df0285,2015-01-29 - on passing of Hadley Roff.pdf
wt570nn0989,L2418.pdf
wt586hc2975,2005-08-13-v-archbishop lavada farewell gala.pdf
wt700tw0304,L12986.pdf
wt720zr0670,L5346.pdf
wt880mw1844,2006-06-08-v-public counsel 35th awards dinner.pdf
wt970xd9088,L1034.pdf
wv072ry0006,L10556.pdf
wv801tt0021,2004-08-03-pr-dni bush letter.pdf
wv801tt0021,2004-08-04-pr-Renew Assault Weapons Ban-Hastert.pdf
wv801tt0021,2004-08-10-pr-porter goss as interim CIA director.pdf
wv801tt0021,2004-08-12-pr-ferc authority.pdf
wv801tt0021,2004-08-21-pr-san pablo casino agreement.pdf
wv801tt0021,2004-08-23-pr-roberts proposal to break up cia.pdf
wv801tt0021,2004-08-31-pr-central valley projects public comment period extension.pdf
ww033mz0066,2006-06-09-v-san gabriel water authority educational video.pdf
ww087mt7717,2017-01-03 Desert Bill Introduction.pdf
ww087mt7717,2017-01-03 West Coast Ocean Protections Act intro.pdf
ww087mt7717,2017-01-05 staffing changes.pdf
ww087mt7717,2017-01-06 russia hacking statement.pdf
ww087mt7717,2017-01-11 pacemaker.pdf
ww087mt7717,2017-01-12 - Joint Statement on KC-46A Pegasus refueling tanker.pdf
ww087mt7717,2017-01-12 National Monuments Expansion statement.pdf
ww087mt7717,2017-01-17 cartwright pardon.pdf
ww087mt7717,2017-01-17 russia hacking statement.pdf
ww087mt7717,2017-01-17 sessions letter on hacking.pdf
ww087mt7717,2017-01-20 chao confirmation vote.pdf
ww087mt7717,2017-01-20 kelly confirmation vote.pdf
ww087mt7717,2017-01-20 mattis confirmation vote.pdf
ww087mt7717,2017-01-20 pompeo confirmation vote v2.pdf
ww087mt7717,2017-01-24 Infrastructure statement.pdf
ww087mt7717,2017-01-24 Pipelines executive order statement.pdf
ww087mt7717,2017-01-24 sessions markup holdover release.pdf
ww087mt7717,2017-01-25 torture executive order.pdf
ww291gj3958,L10450.pdf
wx098hp7388,L5291.pdf
wx318xh0822,L10974.pdf
wx482py5846,L1288.pdf
wx525st5755,L10926.pdf
wx530jn0125,L4186.pdf
wy151yw1775,2009-11-30-v-Zev Yaroslavsky.pdf
wy342fj8066,L5310.pdf
wy382rs9748,2011-04-04 cafe letter.pdf
wy382rs9748,2011-04-04-pr-KSM Trial Announcement Press Release.pdf
wy382rs9748,2011-04-05 solar grants.pdf
wy382rs9748,2011-04-06 lung cancer mortality act 03 28 11.pdf
wy382rs9748,2011-04-07 Tribal Gaming Act intro 04 01 11.pdf
wy382rs9748,2011-04-08 govt shutdown 04 08 11.pdf
wy382rs9748,2011-04-08 Tribal Gaming Act intro 04 01 11 - Kyl Edits.pdf
wy382rs9748,2011-04-08 water allocation.pdf
wy382rs9748,2011-04-08-Women 2011-04-08-PP press conf 04 08 11.pdf
wy382rs9748,2011-04-11 nuclear dry cask letter.pdf
wy382rs9748,2011-04-11-pr-Kam Kuwata Stmt.pdf
wy382rs9748,2011-04-12-pr-Space Shuttle CA Release.pdf
wy382rs9748,2011-04-12 Space Shuttle CA Release v2.pdf
wy382rs9748,2011-04-12-pr-Space Shuttle CA Release FINAL.pdf
wy382rs9748,2011-04-14-pr-DNI 50th Anniversary Release draft.pdf
wy382rs9748,2011-04-20 nuclear design basis letter.pdf
wy382rs9748,2011-04-28 panetta statement.pdf
wy382rs9748,2011-04-29 Flying Cross bill 04 29 11.pdf
wy846dw1956,L7734.pdf
wy857kn0276,L6213.pdf
wz578bj7381,L9643.pdf
wz581jk6351,2010-03-19-v-russ delivery asian american bar association.pdf
wz581jk6351,2010-03-19-v-asian american bar association dinner.pdf
wz675ft6986,L8193.pdf
wz743nn8417,L844.pdf
xb116vb8334,2016-10-17 SF Commish on Status of Women v5.pdf
xb116vb8334,2016-10-17 SF Commish on Status of Women v4.pdf
xb116vb8334,2016-10-17 SF Commish on Status of Women v3.pdf
xb116vb8334,2016-10-17 SF Commish on Status of Women v2.pdf
xb116vb8334,2016-10-17 SF Commish on Status of Women.pdf
xb209kv3309,L9343.pdf
xb557xd1292,L9898.pdf
xb784ft3030,2019-04-01 Chinese Fentanyl Ban.pdf
xb784ft3030,2019-04-01 Emergency Supplemental v3.pdf
xb784ft3030,2019-04-01 Military housing letter v3.pdf
xb784ft3030,2019-04-01 northern triangle funds.pdf
xb784ft3030,2019-04-01 security clearances.pdf
xb784ft3030,2019-04-01 West LA Armory homeless shelter v5.pdf
xb784ft3030,2019-04-02 Santa Anita Park letter v2.pdf
xb784ft3030,2019-04-02 vawa statement v2.pdf
xb784ft3030,2019-04-03 IRS veterans housing projects release v5.pdf
xb784ft3030,2019-04-03 postcloture rule change.pdf
xb784ft3030,2019-04-04 As Delivered Jud - Muller.pdf
xb784ft3030,2019-04-04 As Delivered Jud - Mueller.pdf
xb784ft3030,2019-04-04 As Delivered Jud - Blue Slips.pdf
xb784ft3030,2019-04-04 blue slip remarks.pdf
xb784ft3030,2019-04-04 mueller report.pdf
xb784ft3030,2019-04-04 mueller report remarks.pdf
xb784ft3030,2019-04-08 df immigration bill v5.pdf
xb784ft3030,2019-04-08 dhs blood bath v2.pdf
xb784ft3030,2019-04-09 As Delivered Jud - Abortion Ban.pdf
xb784ft3030,2019-04-09 DOJ SF enviro protections office v5.pdf
xb784ft3030,2019-04-09 khasshogi.pdf
xb784ft3030,2019-04-10 Israel election results v7.pdf
xb784ft3030,2019-04-10 muslim travel ban repeal.pdf
xb784ft3030,2019-04-11 David Bernhardt floor vote.pdf
xb784ft3030,2019-04-14 bress statement.pdf
xb784ft3030,2019-04-15 alice rivlin.pdf
xb784ft3030,2019-04-16 jeffrey rosen statement.pdf
xb784ft3030,2019-04-16 jeffrey rosen statement v2.pdf
xb784ft3030,2019-04-17 al nashiri statement.pdf
xb784ft3030,2019-04-17 asylum statement.pdf
xb784ft3030,2019-04-17 Saudi ambassador letter v3.pdf
xb784ft3030,2019-04-18 mueller report.pdf
xb784ft3030,2019-04-18 mueller report v2.pdf
xb784ft3030,2019-04-18 mueller report v4.pdf
xb784ft3030,2019-04-18 mueller report v5.pdf
xb784ft3030,2019-04-18 mueller report v6.pdf
xb784ft3030,2019-04-18 report access release.pdf
xb784ft3030,2019-04-18 usaid cuts.pdf
xb784ft3030,2019-04-19 mueller report second day.pdf
xb784ft3030,2019-04-21 daniel collins stmt.pdf
xb784ft3030,2019-04-27 San Diego synagogue shooting.pdf
xb784ft3030,2019-04-29 gun age limit bill.pdf
xb784ft3030,2019-04-29 poway shooting day 2.pdf
xb784ft3030,2019-04-30 ellen tauscher.pdf
xb784ft3030,2019-04-30 Online e-cigarettes sales v7.pdf
xb784ft3030,2019-04-30 Sexual Assault Awareness and Prevention Month v3.pdf
xb784ft3030,2019-04-30 stephen moore is sexist.pdf
xc252ss3726,2022-11-15 Respect for Marriage Act Senate vote announcement statement v7.pdf
xc252ss3726,2022-11-16 Respect for Marriage Act Senate cloture vote statement v3.pdf
xc252ss3726,2022-11-17 Diablo Canyon statement v4.pdf
xc252ss3726,2022-11-18 APEC statement v3.pdf
xc252ss3726,2022-11-29 Ramsey USA nomination statement v2.pdf
xc348vq3718,L4012.pdf
xc363xd5539,L10785.pdf
xc440xk6529,L9816.pdf
xc708bs2144,L6486.pdf
xd016rw7413,2006-04-20-v-california climate action.pdf
xd037py0228,L5010.pdf
xd508pt9819,2009-09-22-a-prison-gangs-drug trade.pdf
xd508pt9819,2009-09-25-a-fox news sunday-Iran nuclear facility.pdf
xf038br9215,L1790.pdf
xf310th4067,L279.pdf
xf359bx8903,L10908.pdf
xf923vt5235,L10168.pdf
xf940gv2117,L7237.pdf
xg053cq9236,L10542.pdf
xg197xg9310,2007-11-29-v-Glide annual holiday festival.pdf
xg747hc1892,2004-09-01-pr-nepalese hostages in iraq.pdf
xg747hc1892,2004-09-08-pr-paper-ballots in electronic voting machines.pdf
xg747hc1892,2004-09-08-pr-paper-ballots in electronic voting machines_clean.pdf
xg747hc1892,2004-09-08-pr-Renew Assault Weapons Ban-Bush.pdf
xg747hc1892,2004-09-09-pr-ferc refunds after 9th circuit decision.pdf
xg747hc1892,2004-09-10-pr-urge gov schwarzenegger to sign ab 2006 energy re-regulate.pdf
xg747hc1892,2004-09-14-pr-Approps-Ag_DRAFT.pdf
xg747hc1892,2004-09-14-pr-medicare scully ruling.pdf
xg747hc1892,2004-09-15-pr-acjs-appropriations.pdf
xg747hc1892,2004-09-15-pr-approps-interiorDRAFT.pdf
xg747hc1892,2004-09-15-pr-energy and natural resources -ca missions.pdf
xg747hc1892,2004-09-15-pr-milcon floor.pdf
xg747hc1892,2004-09-15-pr-protecting social security numbers.pdf
xg747hc1892,2004-09-17-pr-oxygenate epa waiver.pdf
xg747hc1892,2004-09-21-pr-lytton rancheria letter to schwarzenegger.pdf
xg747hc1892,2004-09-23-pr-Angel Island.pdf
xg747hc1892,2004-09-23-pr-burma resolution passes senate.pdf
xg747hc1892,2004-09-23-pr-dirty trucks.pdf
xg747hc1892,2004-09-23-pr-extend middle class tax cuts.pdf
xg747hc1892,2004-09-23-pr-sierra conservancy creation.pdf
xg747hc1892,2004-09-24-pr-approps-va-hud-committee pass.pdf
xg747hc1892,2004-09-27-pr-collins-lieberman intelligence reform leg df cosponsor.pdf
xg747hc1892,2004-09-28-pr-economic development grants-brac-grants.pdf
xg747hc1892,2004-09-28-pr-flavored cigarettes.pdf
xg747hc1892,2004-09-28-pr-privacy regs.pdf
xg747hc1892,2004-09-29-pr-community development grants.pdf
xg747hc1892,2004-09-30-pr-fbi intel functions amdt.pdf
xh107md8835,TRUNC.pdf
xh940ms0227,2015-11-17 UCSF Global Brain Institute v2.pdf
xh940ms0227,2015-11-17 UCSF Global Brain Institute v1.pdf
xh961zs3318,L7555.pdf
xj398yc4693,2020-05-01 biden response v2.pdf
xj398yc4693,2020-05-01 biden response v3.pdf
xj398yc4693,2020-05-01 Canada AWB statement v4.pdf
xj398yc4693,2020-05-05 CV California PPP funding 2nd round v4.pdf
xj398yc4693,2020-05-05 Housing Assitance Fund Intro.pdf
xj398yc4693,2020-05-06 arbery killing.pdf
xj398yc4693,2020-05-6 Devos Cmapus sexual assualt.pdf
xj398yc4693,2020-05-06 First Responders bill.pdf
xj398yc4693,2020-05-6 LA FAA letter.pdf
xj398yc4693,2020-05-06 Sexual Assault Awareness and Prevention Month release v9.pdf
xj398yc4693,2020-05-6 USPS Rona Letter.pdf
xj398yc4693,2020-05-06 Walker opening statement release v2.pdf
xj398yc4693,2020-05-07 CPUC letter v2.pdf
xj398yc4693,2020-05-07 Womens suffrage statement for Blackburn release v3.pdf
xj398yc4693,2020-05-08 flynn case dropped.pdf
xj398yc4693,2020-05-08 Jobs report statement v4.pdf
xj398yc4693,2020-05-08 Otay Mesa statement v8.pdf
xj398yc4693,2020-05-11 Garcetti Call.pdf
xj398yc4693,2020-05-11 Rental Assistance Corona.pdf
xj398yc4693,2020-05-12 covid oped.pdf
xj398yc4693,2020-05-12 EPA USMCA Tijuana funding release v7.pdf
xj398yc4693,2020-05-12 fauci testimony v3.pdf
xj398yc4693,2020-05-12 kabul attack v2_RGB.pdf
xj398yc4693,2020-05-12 PPP letter to Small Business Committee v3.pdf
xj398yc4693,2020-05-13 CV prison bill intro v5.pdf
xj398yc4693,2020-05-13 ratcliffe torture letter.pdf
xj398yc4693,2020-5-13 Testing Money.pdf
xj398yc4693,2020-5-13 Testing Money df edits.pdf
xj398yc4693,2020-5-14 Coronavirus Part 5.pdf
xj398yc4693,2020-05-14 Ghost Guns bill release v1.pdf
xj398yc4693,2020-05-14 ratcliffe SSCI vote.pdf
xj398yc4693,2020-05-14 ratcliffe SSCI vote v3.pdf
xj398yc4693,2020-5-14 Uyghur Res.pdf
xj398yc4693,2020-5-15 Coronavirus Part 5.pdf
xj398yc4693,2020-05-15 west bank annex letter.pdf
xj398yc4693,2020-05-19 ESA lawsuit support statement v4.pdf
xj398yc4693,2020-05-19 State and local bill support statement v5.pdf
xj398yc4693,2020-05-20 gop subpoenas v2.pdf
xj398yc4693,2020-05-20 Trump voting tweets statement v4.pdf
xj398yc4693,2020-05-20 Wilson opening statement release v3.pdf
xj398yc4693,2020-05-21 covid workplace standards letter.pdf
xj398yc4693,2020-05-21 covid workplace standards letter v2.pdf
xj398yc4693,2020-05-21 EPA IG response letter release v6.pdf
xj398yc4693,2020-05-21 New START Extension.pdf
xj398yc4693,2020-05-21 NICS bill intro v3.pdf
xj398yc4693,2020-05-21 Open skies.pdf
xj398yc4693,2020-05-21 Open skies v2.pdf
xj398yc4693,2020-05-21 Open skies v3.pdf
xj398yc4693,2020-05-21 ratcliffe sfr.pdf
xj398yc4693,2020-05-21 Restoration of Essential Conveyance Act intro v8.pdf
xj398yc4693,2020-05-21 Subpoena meeting opening statement v2.pdf
xj398yc4693,2020-05-22 HUD CDBG ESG Money Letter.pdf
xj398yc4693,2020-05-22 Letter to Ratcliffe Barr re Unmasking release v8.pdf
xj398yc4693,2020-05-26 Census homelessness letter release v3.pdf
xj398yc4693,2020-05-26 Natl Testing Strat.pdf
xj398yc4693,2020-05-26 Natl Testing Strat v2.pdf
xj398yc4693,2020-5-27 Natl Guard.pdf
xj398yc4693,2020-05-27 Paycheck Security Act release v4.pdf
xj398yc4693,2020-05-27 SpaceX.pdf
xj398yc4693,2020-05-28 section 230.pdf
xj398yc4693,2020-05-28 section 230 v2.pdf
xj398yc4693,2020-5-28 Warren Shelter Bill.pdf
xj398yc4693,2020-05-29 floyd protests v2.pdf
xj398yc4693,2020-05-29 floyd protests v6.pdf
xj398yc4693,2020-05-29 floyd protests final.pdf
xj398yc4693,2020-05-30 oakland shooting v2.pdf
xj421tx5507,2014-10-29 - Media Advisory on Desert Anniversary Event.pdf
xj421tx5507,2014-10-29 CDPA 20th advisory.pdf
xj421tx5507,2014-11-19 - Advisory on NCTC Rasmussen Confirmation Hearing.pdf
xj796bb9519,2014-02-24 ssci noms hearing FINAL.pdf
xk087dn7914,L2382.pdf
xk087wg5519,2023-06-02 National Gun Violence Awareness Month Resolution release v3.pdf
xk087wg5519,2023-06-15 Texas-LA migrant bus statement v3.pdf
xk087wg5519,2023-06-21 Israel West Bank statement v2.pdf
xk087wg5519,2023-06-22 STREAM Act intro release.v11.pdf
xk087wg5519,2023-06-22-Release-Canal Conveyence Capacity Restoration Act Introduction.v9.pdf
xk087wg5519,2023-06-22-Release-Intro of RAIN Act.v7.pdf
xk087wg5519,2023-06-26 Peg Yorkin statement v2.pdf
xk087wg5519,2023-06-29 US Taiwain chip investment release v4.pdf
xk087wg5519,2023-06-30 SCOTUS LGBTQ discrimination statement v5.pdf
xk257ns3945,2015-06-16 OPIC Expanding Horizons Long Beach.pdf
xk257sk9333,2018-1-17 Murray Womens March video v2.pdf
xk257sk9333,2018-1-17 Murray Womens March video v1.pdf
xk257sk9333,2018-1-17 MEMO Murray Womens March video.pdf
xk338vx9844,L8574.pdf
xk703zp0868,L1537.pdf
xk767vm4478,L9957.pdf
xm086py8767,L5284.pdf
xm088qb8495,L1066.pdf
xm258ms8278,L12189.pdf
xm325gz9825,L5122.pdf
xm644bx9391,L10038.pdf
xn491bs8620,L8893.pdf
xp503pz6078,L5205.pdf
xp792jy7275,L2741.pdf
xq567ht0794,2015-10-01 - press release - Small Business Lending and Inequality Reduction Act_EF.pdf
xq567ht0794,2015-10-01 PP Attack California v4.pdf
xq567ht0794,2015-10-01 roseburg statement.pdf
xq567ht0794,2015-10-01 Transnational Drug Trafficking v2.pdf
xq567ht0794,2015-10-02 cyber statement.pdf
xq567ht0794,2015-10-05 - Media Advisory - public meeting.pdf
xq567ht0794,2015-10-05 - Media Advisory - public meeting v2.pdf
xq567ht0794,2015-10-05 - MSF bombing Kunduz.pdf
xq567ht0794,2015-10-05 - MSF bombing Kunduz v2.pdf
xq567ht0794,2015-10-05 dale drozd v3.pdf
xq567ht0794,2015-10-05 right to die.pdf
xq567ht0794,2015-10-06 DC Opportunity Scholarship v2.pdf
xq567ht0794,2015-10-06 DRC Adoption passes senate v3.pdf
xq567ht0794,2015-10-06 Fair Pay Brown.pdf
xq567ht0794,2015-10-07 - desert bill hearing.pdf
xq567ht0794,2015-10-07 - drought bill hearing.pdf
xq567ht0794,2015-10-07 torture statement.pdf
xq567ht0794,2015-10-08 - Desert testimony as delivered.pdf
xq567ht0794,2015-10-08 - press release - EW Approps Remarks.pdf
xq567ht0794,2015-10-08 - press release - EW Approps Remarks v2.pdf
xq567ht0794,2015-10-08 - press release - EW Approps Remarks v3.pdf
xq567ht0794,2015-10-08 guns as delivered v2.pdf
xq567ht0794,2015-10-08 health insurance review with schakowsky.pdf
xq567ht0794,2015-10-15 - Feinstein Leahy on Liu Xia.pdf
xq567ht0794,2015-10-15 - statement on Afghanistan troop announcement.pdf
xq567ht0794,2015-10-16 - corporate jet tax loophole bill intro.pdf
xq567ht0794,2015-10-16 Flood Letter v2.pdf
xq567ht0794,2015-10-19 - truck press conference advisory.pdf
xq567ht0794,2015-10-20 Drones National v5.pdf
xq567ht0794,2015-10-21 - trucks press conference release.pdf
xq567ht0794,2015-10-21 West LA Va v4.pdf
xq567ht0794,2015-10-26 - Press Release - FY2015 TIGER Grants.pdf
xq567ht0794,2015-10-26 - Press Release - FY2015 TIGER Grants - final.pdf
xq567ht0794,2015-10-27 - statement on budget agreement.pdf
xq567ht0794,2015-10-27 - statement on budget agreement v2.pdf
xq567ht0794,2015-10-28 - PTC release.pdf
xq567ht0794,2015-10-28 - Rabin resolution intro.pdf
xq567ht0794,2015-10-28 no check no sale v3.pdf
xq567ht0794,2015-10-29 trafficking prosecution v2.pdf
xq567ht0794,2015-10-29 trafficking prosecution v3.pdf
xq567ht0794,2015-10-30 cisa privacy proviisons.pdf
xq946rk3647,AMEND_498.pdf
xq946rk3647,CMTPASS_798.pdf
xr291zx1613,L5018.pdf
xr343zk1028,L5307.pdf
xr498ht1391,L842.pdf
xs119mx4683,2005-01-19-v-judge huff tribute.pdf
xs350py5808,xs350py5808_0001.jp2
xs422vp9870,L5037.pdf
xs579hw1760,2007-04-14-v-Planning and Conservation League.pdf
xs927pq8248,L11021.pdf
xt578hb3298,2014-01-08 - Dodd-Frank legislation.pdf
xt578hb3298,2014-01-08 - Statement on TRIA reauthorization.pdf
xt578hb3298,2014-1-14 Judge Bates FISA letter V4.pdf
xt578hb3298,2014-01-14 ui fail release.pdf
xt578hb3298,2014-01-15 benghazi report.pdf
xt578hb3298,2014-01-15 iran speech.pdf
xt578hb3298,2014-01-15 la subway funds.pdf
xt578hb3298,2014-01-16 HRC Benghazi Stmt FINAL.pdf
xt578hb3298,2014-01-16 omnibus pass.pdf
xt578hb3298,2014-01-17 drought declaration.pdf
xt578hb3298,2014-01-28 DF SOTU Statement.pdf
xt578hb3298,2014-01-29 water statement.pdf
xt578hb3298,2014-01-29 wwt statement release.pdf
xt578hb3298,2014-01-30 rescheduled water decision.pdf
xt578hb3298,2014-01-30 waxman retirement.pdf
xt578hb3298,2014-01-31 FERC Norman Bay Statement.pdf
xt758rs9418,L1220.pdf
xv491vk3399,L5975.pdf
xv878wd8336,xv878wd8336_0001.jp2
xv898ss1406,L5293.pdf
xw085bn9672,2016-08-05 Gymnastics Letter press statement v3.pdf
xw640pc6057,L3482.pdf
xx018mk4438,L5295.pdf
xx060kr1793,2014-02-20 larkin street 30th video script.pdf
xx477xw7128,2007-09-24-v-nano tumor center.pdf
xx559gk6032,L10148.pdf
xy083vc3354,L1359.pdf
xy364hh7257,L1755.pdf
xy686fy5029,L5150.pdf
xy853bg5006,L8946.pdf
xz265wb3080,L2928.pdf
xz434nj4481,L5188.pdf
xz719bd1798,2008-04-16-v-richard blum global citizen of the year UC berkeley.pdf
xz764cb2955,2021-06-02 fire pay letter v2.pdf
xz764cb2955,2021-06-07 DOJ model ERPO legislation statement v3.pdf
xz764cb2955,2021-06-08 c-130s letter v3.pdf
xz764cb2955,2021-06-08 jan6 report v3.pdf
xz764cb2955,2021-06-08 Paycheck Fairness Act statement v6.pdf
xz764cb2955,2021-06-08 Pride resolution release v2.pdf
xz764cb2955,2021-06-08 Womens Health Protection Act intro release v3.pdf
xz764cb2955,2021-06-09 Drought funding release v5.pdf
xz764cb2955,2021-06-10 afghan women bill support v8.pdf
xz764cb2955,2021-06-10 G7 finacial risk statement v5.pdf
xz764cb2955,2021-06-10 peace corps funding letter v2.pdf
xz764cb2955,2021-06-10 vaccine global distro v2.pdf
xz764cb2955,2021-06-14 dejoy e-cig.pdf
xz764cb2955,2021-06-14 west la va enactment v2.pdf
xz764cb2955,2021-06-15 dreamer remarks.pdf
xz764cb2955,2021-06-15 power company wildfire letters.pdf
xz764cb2955,2021-06-16 AG asylum eligibility reversal statement v3.pdf
xz764cb2955,2021-06-17 personal care products release v9 clean.pdf
xz764cb2955,2021-06-17 SCOTUS ACA decision statement v5.pdf
xz764cb2955,2021-06-17 WHPA hearing transcript release v3.pdf
xz764cb2955,2021-06-21 For the People Act statement v8.pdf
xz764cb2955,2021-06-22 filibuster statement.pdf
xz764cb2955,2021-06-22 filibuster statement v2.pdf
xz764cb2955,2021-06-22 For the People Act statement v1.pdf
xz764cb2955,2021-06-22 opm nominee v2.pdf
xz764cb2955,2021-06-23 firefighter pay v2.pdf
xz764cb2955,2021-06-24 Community Wood Facilities Assistance Act intro release v4.pdf
xz764cb2955,2021-06-24 Even Playing Field Act intro release v7.pdf
xz764cb2955,2021-06-28 Randy Moore USFS chief statement v3.pdf
xz764cb2955,2021-06-30 biden firefighter 15 bucks v4.pdf
yb065dv2343,L5127.pdf
yb068hs7493,L2168.pdf
yb450jc4170,2014-01-30 willie brown naacp.pdf
yb510pm1182,2007-02-15-v-web welcome.pdf
yb729hw7969,L3532.pdf
yb849xw3708,L3165.pdf
yb895nd2625,2017-09-25 UN Association Global Forum v2.pdf
yb895nd2625,2017-09-25 UN Association Global Forum v1.pdf
yd310ct1455,L5470.pdf
yd513hc8488,L3539.pdf
yd887yy6750,L5955.pdf
yf248qn1413,2009-05-05-pr-passport fraud hearing.pdf
yf248qn1413,2009-05-7-pr-fy10 budget details.pdf
yf248qn1413,2009-05-13-pr-interior EPA budget hearing.pdf
yf248qn1413,2009-05-13-pr-interior failed david hayes nomination.pdf
yf248qn1413,2009-05-14-pr-agjobs.pdf
yf248qn1413,2009-05-14-pr-suu kyi new charges burma.pdf
yf248qn1413,2009-05-14-r-ag jobs.pdf
yf248qn1413,2009-05-15-pr-Credit Card Amendments.pdf
yf248qn1413,2009-05-19-pr-Credit Card Amendments-FINAL.pdf
yf248qn1413,2009-05-20-pr-DOI Forest Service FY 2010 Budget.pdf
yf248qn1413,2009-05-22-pr-APIAH month Statement.pdf
yf248qn1413,2009-05-22-pr-Intro Trade Relief for Imported Apparel and Textiles Act.pdf
yf248qn1413,2009-05-26-pr-Obama's Nomination of Sotomayor for Supreme Court.pdf
yf248qn1413,2009-05-26-pr-Prop Ruling.pdf
yf248qn1413,2009-05-27-pr-Efforts to Combat Drug Violece along Border.pdf
yf533mr3633,L8596.pdf
yf612fn2090,CHLDSUP_218.pdf
yf612fn2090,CHLDSLA2_319.pdf
yg169bm4002,L2535.pdf
yg368dk9159,2007-08-20-a-foreign policy issues discussion.pdf
yg368dk9159,2007-08-20-a-wash report-fresno.pdf
yg368dk9159,2007-08-21-a-fresno event-ag issues.pdf
yg368dk9159,2007-08-28-a-49er event.pdf
yg521fz6360,2016-10-15 CMA 160 v4.pdf
yg521fz6360,2016-10-15 CMA 160 v3.pdf
yg521fz6360,2016-10-15 CMA 160 v2.pdf
yg521fz6360,2016-10-15 CMA 160.pdf
yg521fz6360,2016-10-17 CMA 160.pdf
yg592xv9628,L10387.pdf
yg667jh2119,L9586.pdf
yg876vv3302,L8036.pdf
yg986py3073,L5329.pdf
yh029bn9219,L9639.pdf
yh328ms3763,L916.pdf
yh422yc1302,L1212.pdf
yh540hp7011,L1025.pdf
yh752fz0788,L2746.pdf
yh777hx3750,L9663.pdf
yh975vt3447,2012-11-09 petraeus resigns statement final.pdf
yh975vt3447,2012-11-14 fbi petraeus briefing.pdf
yh975vt3447,2012-11-15 Susan Rice Statement.pdf
yh975vt3447,2012-11-27 refinery investigation letter.pdf
yh975vt3447,2012-11-28 gtmo study.pdf
yh975vt3447,2012-11-29 drakes bay release.pdf
yh975vt3447,2012-11-30 staff changes release.pdf
yj569mv6652,2011-09-06-a-Energy and Water Subcommittee Hearing Advisory FY 2012 Energy and Water Development Appropriations Bill.pdf
yj569mv6652,2011-09-20 mccullough intel confirmation advisory.pdf
yj679tp3361,2012-04-04 sacog speech advise.pdf
yj679tp3361,2012-04-04 svlg speech advise.pdf
yj679tp3361,2012-04-04-a-sacog speech advise.pdf
yj943yh8225,L5407.pdf
yk084cg7189,L1052.pdf
yk303kd1864,L6568.pdf
yk659hk2538,2018-09-04 exec priv letter.pdf
yk659hk2538,2018-09-04 exec priv letter v2.pdf
yk659hk2538,2018-09-04 Farm bill drought letter.pdf
yk659hk2538,2018-09-04 IG vacancies letter.pdf
yk659hk2538,2018-09-06 Driftnet Bill Passes Committee.pdf
yk659hk2538,2018-09-06 Telecom letters.pdf
yk659hk2538,2018-09-10 FY 2019 First Minibus v5.pdf
yk659hk2538,2018-09-10 Opioid agreement.pdf
yk659hk2538,2018-09-12 Climate summit letter.pdf
yk659hk2538,2018-09-12 Opioid Package v2.pdf
yk659hk2538,2018-09-12 Opioid Package v2_clean.pdf
yk659hk2538,2018-09-12 Opioid Package v3arr.pdf
yk659hk2538,2018-09-12 Opioid Package v3arr_clean.pdf
yk659hk2538,2018-09-12 Opioid Package v4.pdf
yk659hk2538,2018-09-12 Opioid Package v5.pdf
yk659hk2538,2018-09-12 Opioid Package v5arr.pdf
yk659hk2538,2018-09-17 FY 2019 Second Minibus and CR v3.pdf
yk659hk2538,2018-09-17 kav staff call.pdf
yk659hk2538,2018-09-17 kav staff call v4.pdf
yk659hk2538,2018-09-18 China trade war statement v5.pdf
yk659hk2538,2018-09-18 Music Modernization Act press release.pdf
yk659hk2538,2018-09-18 New Cadiz Study v3.pdf
yk659hk2538,2018-09-18 Patient Right to Know Drug Prices Act.pdf
yk659hk2538,2018-09-19 NextGen FAA letter v3.pdf
yk659hk2538,2018-09-19 Workforce Development Month Resolution.pdf
yk659hk2538,2018-09-24 firing rosenstein.pdf
yk659hk2538,2018-09-25 Hispanic Heritage Month.pdf
yk659hk2538,2018-09-25 Hispanic Heritage Month arr.pdf
yk659hk2538,2018-09-25 Iran statement.pdf
yk659hk2538,2018-09-26 Bicameral joint statement on Khan al Ahmar v2.pdf
yk659hk2538,2018-09-28 Earthquake preparedness.pdf
yk659hk2538,2018-09-28 Workforce Development Month Resolution.pdf
yk659hk2538,df statement v3.pdf
yk674wx7850,L5477.pdf
yk741wb9408,L10791.pdf
yk783nh7453,L5887.pdf
yk800mx1309,L5455.pdf
ym098cc3915,2008-03-20-v-duane dauner national health foundation tribute dinner.pdf
ym126qy4773,2010-05-05-pr-health insurance rate hike endorsements- sac bee mercury news.pdf
ym126qy4773,2010-05-05-pr-health insurance rate hike endorsements- sac bee mercury news_clean.pdf
ym126qy4773,2010-05-05-pr-mex drug violence release remarks.pdf
ym126qy4773,2010-05-6-pr-presidents cancer report praise.pdf
ym126qy4773,2010-05-06-pr-wellpoint investigation.pdf
ym126qy4773,2010-05-10-pr-SCOTUS-kagan nomination.pdf
ym126qy4773,2010-05-13-pr-liu passes jud committee.pdf
ym126qy4773,2010-05-25-pr-drilling moratorium.pdf
ym126qy4773,2010-50-27-pr-high speed rail investment.pdf
ym310dx6963,L10964.pdf
ym316dz7169,L476.pdf
ym370wq6128,L2267.pdf
ym635ms1905,2023-07-11 American Grown Flower Month resolution release v4.pdf
ym635ms1905,2023-07-12 Fire Safe Electrical Corridors Act intro release v5.pdf
ym635ms1905,2023-07-19 NICS Data Integrity Act intro release v2.pdf
ym635ms1905,2023-07-21 Tony Bennett passing statement v2.pdf
ym635ms1905,2023-07-26 Stronach Group letter release v2.pdf
ym775dt0166,r-perchloratelettuce.pdf
ym775dt0166,r-children.pdf
ym775dt0166,r-lettertobushonjudicialimpasse.pdf
ym775dt0166,r-kuhl.pdf
ym775dt0166,r-assaultweps.pdf
ym775dt0166,r-callahan.pdf
ym775dt0166,r-ethanoldearcolleague.pdf
ym775dt0166,r-aircargosenate.pdf
ym775dt0166,r-afghanaid.pdf
ym775dt0166,r-gunliability.pdf
ym775dt0166,r-ethanol03.pdf
ym775dt0166,pinefirerelease1.pdf
ym775dt0166,r-tia-omnibus2.pdf
ym775dt0166,r-opposetaxcuts.pdf
ym775dt0166,r-judgeshipsammendment.pdf
ym775dt0166,r-calfed03.pdf
ym775dt0166,r-murrayammendment.pdf
ym775dt0166,r-nucleartipped03.pdf
ym775dt0166,r-grazing.pdf
ym775dt0166,r-children03.pdf
ym775dt0166,r-defauthorization03.pdf
ym775dt0166,r-judgeshipssenate.pdf
ym775dt0166,r-bobhope1.pdf
ym775dt0166,r-cancer03.pdf
ym775dt0166,r-bobhope.pdf
ym899mp1277,2007-06-08-v-Toshiba National Science Teachers Assn ExploraVision Awards Program.pdf
ym909ss6156,L1242.pdf
yn129rt7205,L1090.pdf
yn850yk2739,L10246.pdf
yn896bk1608,L5270.pdf
yp676mg0809,L5374.pdf
yp946ny3876,2013-03-01 DOMA amicus release.pdf
yp946ny3876,2013-03-05 brennan committee.pdf
yp946ny3876,2013-03-05 OLC opinions.pdf
yp946ny3876,2013-03-07 awb committee passage.pdf
yp946ny3876,2013-03-08 sulaiman.pdf
yp946ny3876,2013-03-12 ssci worldwide.pdf
yp946ny3876,2013-03-13 intel ppa amdt to cr.pdf
yp946ny3876,2013-03-22 rec water allocation.pdf
yp946ny3876,2013-03-25 NSWG with rubio.pdf
yp946ny3876,2013-03-25 nunley confirmation.pdf
yp946ny3876,2013-3-26 Warsame Plea Statement.pdf
yq440qv4183,2006-04-21-v-International Cancer Council symposium.pdf
yq490hd8638,L7262.pdf
yq538yq2765,2005-06-21-v-qualcomm 20th anniversary.pdf
yq568xf0004,L5577.pdf
yq690yj6932,L12842.pdf
yq812kp6260,2022-01-04 jan 6 anny v3.pdf
yq812kp6260,2022-01-06 Covid release v5.pdf
yq812kp6260,2022-01-10 Newsom budget statement v5.pdf
yq812kp6260,2022-01-11 voting rights statement.pdf
yq812kp6260,2022-01-12 IRS letters release v5.pdf
yq812kp6260,2022-01-13 nord stream 2 statement v4.pdf
yq812kp6260,2022-01-13 nord stream 2 statement v5.pdf
yq812kp6260,2022-01-13 voting rights statement.pdf
yq812kp6260,2022-01-18 wildfire plan release v5.pdf
yq812kp6260,2022-01-19 voting rights floor statement v2.pdf
yq812kp6260,2022-01-20 anti trust bill.pdf
yq812kp6260,2022-01-20 Ghost guns letter release v2.pdf
yq812kp6260,2022-01-20 Judge Holly Thomas confirmation statement v2.pdf
yq812kp6260,2022-01-20 Reclamation BIF spending plan release v5.pdf
yq812kp6260,2022-01-21 Army Corps BIF spending plan release v7.pdf
yq812kp6260,2022-01-24 march afb kc46 v3.pdf
yq812kp6260,2022-01-25 Feinstein Urges Changes to Proposed CPUC Solar Energy Policy v3.pdf
yq812kp6260,2022-01-25 Friant-Kern Canal groundbreaking statement v8.pdf
yq812kp6260,2022-01-26 breyer retirement v2.pdf
yq812kp6260,2022-01-26 Feinstein Requests Information From Treasury IRS Regarding Digital Currencies Illicit Trafficking v3.pdf
yq812kp6260,2022-01-27 ERA resolution release v3.pdf
yq812kp6260,2022-01-28 caltrain funding letter.pdf
yq812kp6260,2022-01-31 Orphaned wells funding statement v4.pdf
yq812kp6260,2022-01-31 Senators Introduce Resolution Designating January as National Trafficking and Modern Slavery Prevention Month v4.pdf
yq838tf3404,L825.pdf
yr297zk0405,2017-10-06 Herma Hill Kay v3.pdf
yr297zk0405,2017-10-06 Herma Hill Kay v2.pdf
yr297zk0405,2017-10-06 Herma Hill Kay.pdf
yr328kt5900,L3287.pdf
yr467pv7270,L5320.pdf
yr573bk6007,L2129.pdf
yr621zb8693,2007-11-02-v-dr vincent DeVita FREDDIES award.pdf
yr787zs0838,L10735.pdf
yr922pb4853,L5415.pdf
ys021ns6153,2011-09-26 bapac video.pdf
ys072ps9226,2008-11-03-a-DRAFT Election Media Advisory.pdf
ys129bb5848,L927.pdf
ys278bs5977,2006-08-18-a-cnn-late edition-blitzer.pdf
ys278bs5977,2006-08-18-a-laguna beach visit.pdf
ys278bs5977,2006-08-18-a-wash report-san diego.pdf
ys278bs5977,2006-08-22-a-sf-visiting iraq veterans.pdf
ys278bs5977,2006-08-23-a-global warming speech.pdf
ys278bs5977,2006-08-24-a-san diego-injured veterans visit.pdf
ys278bs5977,2006-08-25-a-df school dedication.pdf
ys278bs5977,2006-08-28-a-la va medical center visit.pdf
ys278bs5977,2006-08-28-a-offshore oil drilling.pdf
ys392qn3339,L3501.pdf
ys421hc3752,L6227.pdf
ys510hn5156,L11908.pdf
ys616td7446,L900.pdf
ys731zj0589,L10939.pdf
ys988rc0486,2007-02-05-a-mpaa speech.pdf
ys988rc0486,2007-02-05-a-weekly planner.pdf
ys988rc0486,2007-02-22-a-global warming-berkeley.pdf
ys988rc0486,2007-02-26-a-weekly planner.pdf
yt079cj1734,2004-07-01-pr-levee disaster declaration.pdf
yt079cj1734,2004-07-02-pr-privacy ruling.pdf
yt079cj1734,2004-07-06-pr-j leon holmes nomination opposition.pdf
yt079cj1734,2004-07-7-pr-ken lay indictment.pdf
yt079cj1734,2004-07-8-pr-bakersfield shell refinery.pdf
yt079cj1734,2004-07-8-pr-burma sanctions signed.pdf
yt079cj1734,2004-07-9-pr-calfed passes house.pdf
yt079cj1734,2004-07-9-pr-intel reform.pdf
yt079cj1734,2004-07-9-pr-tobacco buyout letter.pdf
yt079cj1734,2004-07-12-pr-federal marriage amendment floor statement.pdf
yt079cj1734,2004-07-12-pr-small arms ban.pdf
yt079cj1734,2004-07-13-pr-Renew Assault Weapons Ban.pdf
yt079cj1734,2004-07-13-pr-small arms bill introduction.pdf
yt079cj1734,2004-07-14-pr-lariam va letter to DF.pdf
yt079cj1734,2004-07-14-pr-Protect Ports-Biden.pdf
yt079cj1734,2004-07-14-pr-water supply technlogy bill.pdf
yt079cj1734,2004-07-15-pr-Firefighters Resource Fund.pdf
yt079cj1734,2004-07-15-pr-identity theft signed into law.pdf
yt079cj1734,2004-07-15-pr-lariam powell.pdf
yt079cj1734,2004-07-15-pr-reliant conference language rexamine.pdf
yt079cj1734,2004-07-16-pr-mexican avacados.pdf
yt079cj1734,2004-07-20-pr-assault weapons ban hastert letter awb.pdf
yt079cj1734,2004-07-20-pr-dni hearing.pdf
yt079cj1734,2004-07-20-pr-flag amendment committee passage.pdf
yt079cj1734,2004-07-20-pr-smokey bear anniversary.pdf
yt079cj1734,2004-07-20-pr-william myers nomination blockage statement.pdf
yt079cj1734,2004-07-21-pr-dod approps perchchlorate cleanup.pdf
yt079cj1734,2004-07-21-pr-non-citizen voting sf.pdf
yt079cj1734,2004-07-21-pr-northern california coastal wild heritage wilderness act.pdf
yt079cj1734,2004-07-22-pr-defense approps firefighting funds.pdf
yt079cj1734,2004-07-22-pr-Response to 911 Commission.pdf
yt079cj1734,2004-07-23-pr-cal ucla championships.pdf
yt079cj1734,2004-07-23-pr-DoD perchlorate report inadequate.pdf
yt079cj1734,2004-07-23-pr-iran resolution on nuclear weapons.pdf
yt079cj1734,2004-07-29-pr-stem cell petition.pdf
yt079cj1734,2004-07-51-pr-jumpstart our business strength JOBS act-senate-passage.pdf
yt624cr1629,L5032.pdf
yt704qr2675,L5262.pdf
yt774zc1984,L7568.pdf
yt846zx9308,L7286.pdf
yt914hg3225,L5962.pdf
yv194sg7177,2008-11-03-PR-Election Media Advisory_DRAFT.pdf
yv194sg7177,2008-11-03-PR-Election Media Advisory_DRAFT_clean.pdf
yv194sg7177,2008-11-07-pr-Byrds Resignation from Intel-Statement-DRAFT.pdf
yv194sg7177,2008-11-07-pr-Byrds Resignation from Intel-Statement.pdf
yv194sg7177,2008-11-10-pr-San Joaquin Settlement Agreement-Draft Release.pdf
yv194sg7177,2008-11-11-pr-San Joaquin Settlement Agreement.pdf
yv194sg7177,2008-11-13-pr-Burma Repression.pdf
yv194sg7177,2008-11-13-pr-FBI Draft Statement.pdf
yv194sg7177,2008-11-13-r-visa waiver program concerns.pdf
yv194sg7177,2008-11-14-pr-Fuel Economcy-Loan Modification-Bodman Letter.pdf
yv194sg7177,2008-11-17-pr-JCCIC-Banning Sale of Inaugural Tickets.pdf
yv194sg7177,2008-11-17-pr-JCCIC-Banning Sale of Inagural Tickets-CF.pdf
yv194sg7177,2008-11-17-pr-JCCIC-Banning Sale of Inagural Tickets_V2.pdf
yv194sg7177,2008-11-17-r-visa waiver 30day.pdf
yv194sg7177,2008-11-17-r-visa waiver 30day_V2.pdf
yv194sg7177,2008-11-18-pr-DF Boxer Wildfires-Letter.pdf
yv194sg7177,2008-11-18-pr-Intel Committee Chair GD.pdf
yv194sg7177,2008-11-19-pr-Economic Accountability.pdf
yv194sg7177,2008-11-20-pr-Economic Accountability.pdf
yv194sg7177,2008-11-20-pr-Economic Accountability_V2.pdf
yv194sg7177,2008-11-20-pr-senate passes inaugural ticket legislation.pdf
yv194sg7177,2008-11-20-pr-Wild Horses-Letter.pdf
yv194sg7177,2008-11-24-pr-Consumer Product Safety Commission-Phthalate.pdf
yv194sg7177,2008-11-24-pr-FRA-Metrolink Waiver.pdf
yv194sg7177,2008-11-26-pr-Automakes Loan Program-Letter to Reid.pdf
yv371fj7320,L1243.pdf
yw623jw8287,L12643.pdf
yw733vx0354,L10441.pdf
yw888zf3513,2021-10-04 Orange County oil spill statement v6.pdf
yw888zf3513,2021-10-06 debt limit vote v3.pdf
yw888zf3513,2021-10-06 Koh committee remarks release v1.pdf
yw888zf3513,2021-10-06 WCOPA reconciliation letter release v4.pdf
yw888zf3513,2021-10-07 Oil spill Transportation Dept letter release v5.pdf
yw888zf3513,2021-10-18 California wins in funding bills v6.pdf
yw888zf3513,2021-10-18 Colin Powell statement v3.pdf
yw888zf3513,2021-10-20 Freedom to Vote Act statement v5.pdf
yw888zf3513,2021-10-20 water plan letter.pdf
yw888zf3513,2021-10-21 natl guard bill release v3.pdf
yw888zf3513,2021-10-26 drilling letter v2.pdf
yw888zf3513,2021-10-27 Earmarks Bay Area release v4.pdf
yw888zf3513,2021-10-27 Earmarks Central Valley release v5.pdf
yw888zf3513,2021-10-27 Earmarks Southern California release v4.pdf
yw888zf3513,2021-10-27 FSOC climate report statement v4.pdf
yw888zf3513,2021-10-27 supply chain bill v3.pdf
yw888zf3513,2021-10-28 Koh committee statement release v3.pdf
yw888zf3513,2021-10-28 reconcilliation framework.pdf
yw888zf3513,2021-10-29 cancer cluster study v6.pdf
yx161dx4089,2005-03-29-v-SF shanghai sister city.pdf
yx652vd7386,L826.pdf
yx853rf2964,2020-05-06 SF Village Founders Award.pdf
yx885rz4406,L10050.pdf
yy070bc5761,2004-07-15-a-failure of intel-town hall-la.pdf
yy364js4824,L8698.pdf
yy693pf0100,L9359.pdf
yz089gk8659,L845.pdf
yz234cq6250,L10569.pdf
yz890ht2036,L1011.pdf
zb026tx0763,L10719.pdf
zb198jg7044,2006-10-03-a-sf new cold case unit.pdf
zb198jg7044,2006-10-04-a-cityhall-cold case unit.pdf
zb198jg7044,2006-10-04-a-new cold case unit.pdf
zb198jg7044,2006-10-17-a-taft visit.pdf
zb198jg7044,2006-10-20-a-gang summit keynote.pdf
zb198jg7044,2006-10-24-a-LA global warming.pdf
zb243bh1483,2007-11-19-v-boxer tribute 30 years of service.pdf
zb726cy3620,2011-09-14 george miller retirement video script v2.pdf
zb726cy3620,2011-09-14 george miller retirement video script.pdf
zc127jf9972,L9850.pdf
zc247wv0305,L8834.pdf
zc661ns3097,2017-08-08 Climate change report statement.pdf
zc661ns3097,2017-08-08 Lake Tahoe report statement.pdf
zc661ns3097,2017-08-08 North Korea statement.pdf
zc661ns3097,2017-08-09 Inversion letter.pdf
zc661ns3097,2017-08-12 Charlottesville statement.pdf
zc661ns3097,2017-08-15 CBO health care statement.pdf
zc661ns3097,2017-08-16 Letter to Superintendent Muldoon.pdf
zc661ns3097,2017-08-16 sanchez deportation.pdf
zc661ns3097,2017-08-17 Barcelona attack statement.pdf
zc661ns3097,2017-08-17 Letter to Zinke on Sand and Snow.pdf
zc661ns3097,2017-08-18 Bannon statement.pdf
zc661ns3097,2017-8-22 Delay Kav Hearing.pdf
zc661ns3097,2017-08-27 burck letter.pdf
zd251vh4533,L8461.pdf
zd624cf4460,L5351.pdf
zd654ry0045,L6024.pdf
zd799sy2388,L10584.pdf
zd854rq4323,2011-11-30 Payroll Tax Cut CA Press Release FINAL.pdf
zd854rq4323,2011-12-05 Breast Cancer Research Stamp Passes Senate 11 29 11.pdf
zd854rq4323,2011-12-05 Foreign Manufacturers Act 12 05 11.pdf
zd854rq4323,2011-12-06 hoover dam power bill.pdf
zd854rq4323,2011-12-06 LAX customs and borders 12 06 11.pdf
zd854rq4323,2011-12-13 pipeline passage.pdf
zd854rq4323,2011-12-13 Robocall privacy act 07 12 11.pdf
zd854rq4323,2011-12-14-pr-SSCI Authorization Release.pdf
zd854rq4323,2011-12-14 SSCI Authorization Release FINAL.pdf
zd854rq4323,2011-12-15 Border tunnel passage 12 15 11.pdf
zd854rq4323,2011-12-15 Due Process Guarantee Press Release FINAL.pdf
zd854rq4323,2011-12-15 Online pharmacy safety act 12 13 11.pdf
zd854rq4323,2011-12-16 Helicopter noise act 12 08 11.pdf
zd854rq4323,2011-12-16 nassco.pdf
zd854rq4323,2011-12-16 Transnational drug passage 12 13 11.pdf
zd854rq4323,LAX customs and borders 12 20 11.pdf
zf294vz6868,L728.pdf
zf447db5647,L10741.pdf
zf498sy1817,2017-11-01 American Assoc Cancer Research v3.pdf
zf498sy1817,2017-11-01 American Assoc Cancer Research v2.pdf
zf498sy1817,2017-11-01 American Assoc Cancer Research v1.pdf
zf536qy8868,2014-04-02 ellen malcolm tps.pdf
zf543ny1679,2019-05-29 CWLC Award FINAL.pdf
zf543ny1679,2019-05-29 CWLC Award.pdf
zf813vz4680,L613.pdf
zf957gc7016,L10074.pdf
zf994yk9208,L7964.pdf
zg391rf4935,2016-03-02 - Water Conservation Tax Parity Act.pdf
zg391rf4935,2016-03-03 SCOTUS floor speech v2.pdf
zg391rf4935,2016-03-07 aliso canyon letter v2.pdf
zg391rf4935,2016-03-10 drought press release v4.pdf
zg391rf4935,2016-03-11 - CFTC position limit.pdf
zg391rf4935,2016-03-14 Aliso Canyon Letter.pdf
zg391rf4935,2016-03-16 garland nomination v2.pdf
zg391rf4935,2016-03-17 Backpage Resolution.pdf
zg391rf4935,2016-03-17 Earthquake Letter.pdf
zg391rf4935,2016-03-17 Sea World.pdf
zg391rf4935,2016-03-18 - LAX Drone.pdf
zg391rf4935,2016-03-21 - DF BB Letter re Cuba flights.pdf
zg391rf4935,2016-03-21 Percy Pinkney Passing.pdf
zg391rf4935,2016-03-22 - Brussels terror attack.pdf
zg391rf4935,2016-03-23 - SB 380 Aliso Canyon State Legislation.pdf
zg391rf4935,2016-03-23 Aliso Canyon.pdf
zg391rf4935,2016-03-24 drought pumping letter to potus.pdf
zg391rf4935,2016-03-24 statement on iran cyber indictments.pdf
zg469ks6390,L10803.pdf
zg487jp5850,L9530.pdf
zh183ww6446,2004-12-01-pr-middle east peace opportunity.pdf
zh183ww6446,2004-12-03-pr-intel reorg bill urge passasge.pdf
zh183ww6446,2004-12-6-pr-intel reorg bill schedule floor time.pdf
zh183ww6446,2004-12-06-pr-Senator to Retain Committee Seats in 109th.pdf
zh183ww6446,2004-12-8-pr-senate passage of public lands bills northern california coastal wilderness golden gate national rec area redwoods national park yosemite schools.pdf
zh183ww6446,2004-12-8-pr-sequoia boy scouts land transfer.pdf
zh183ww6446,2004-12-8-pr-specialty crop competitiveness act passed.pdf
zh183ww6446,2004-12-9-pr-cal berkeley rose bowl.pdf
zh183ww6446,2004-12-16-pr-missile defense failure.pdf
zh183ww6446,2004-12-16-pr-tulare endangered salmon ruling.pdf
zh183ww6446,2004-12-17-pr-burma aung san suu kyi health and safety.pdf
zh183ww6446,2004-12-17-pr-forest fire prevention cuts in ca.pdf
zh183ww6446,2004-12-21-pr-army vehicle armor sierra army depot.pdf
zh183ww6446,2004-12-21-pr-perchlorate legislation intro.pdf
zh183ww6446,2004-12-22-pr-abolish electoral college intro.pdf
zh183ww6446,2004-12-23-PR-Alien Children.pdf
zh183ww6446,2004-12-27-pr-gangs bill reintroduction.pdf
zh183ww6446,2004-12-28-pr-medicare 600 credit.pdf
zh368kd4332,2008-03-29-v-madd law enforcement-community recognition event.pdf
zh668yk3714,L10454.pdf
zh772zq2185,L10388.pdf
zj030jx2195,L6299.pdf
zj215qc2858,2017-06-25 - CA Girls State v3.pdf
zj215qc2858,2017-06-25 - CA Girls State v2.pdf
zj215qc2858,2017-06-25 - CA Girls State.pdf
zj519jc2805,PROP226_M98.pdf
zk080mw2502,2005-06-26-v-educating young minds 7th scholorship awards gala.pdf
zk628cq9539,L4149.pdf
zm283hg6957,2018-02-08 OCBC Business Council v3.pdf
zm283hg6957,2018-02-08 OCBC Business Council v2.pdf
zm283hg6957,2018-02-08 OCBC Business Council v1.pdf
zm784xn6580,L11851.pdf
zn311ry1597,L10380.pdf
zn313rh6665,L831.pdf
zn422hy4568,L9660.pdf
zn637bz1884,2004-11-01-pr-victims rights signed.pdf
zn637bz1884,2004-11-09-pr-arafat-passage-statement.pdf
zn637bz1884,2004-11-11-pr-arafat-death.pdf
zn637bz1884,2004-11-15-pr-9th Circuit Hold.pdf
zn637bz1884,2004-11-17-pr-raising debt limit con.pdf
zn637bz1884,2004-11-18-pr-director goss cia employees.pdf
zn637bz1884,2004-11-18-pr-east la rail analysis.pdf
zn637bz1884,2004-11-19-pr-armenia-normal trade relations_FINAL.pdf
zn637bz1884,2004-11-19-pr-bush afghan poppies crackdown.pdf
zn637bz1884,2004-11-19-pr-omnibus abortion clause.pdf
zn637bz1884,2004-11-20-pr-intelligence reform package dni fails.pdf
zn637bz1884,2004-11-20-pr-no new nukes.pdf
zn637bz1884,2004-11-23-pr-anti-piracy-pass.pdf
zn834zd5527,L5050.pdf
zp073gx9321,r-taxfreeze.pdf
zp073gx9321,intergenrelease3.pdf
zp073gx9321,r-dni.pdf
zp073gx9321,r-amber.pdf
zp073gx9321,r-amber-s.pdf
zp073gx9321,r-afghan.pdf
zp073gx9321,flagrelease.pdf
zp073gx9321,r-amberpassagerelease.pdf
zp073gx9321,r-omni.pdf
zp073gx9321,r-speech.pdf
zp073gx9321,r-calfed.pdf
zp073gx9321,r-ins1.pdf
zp073gx9321,r-iraq-s.pdf
zp073gx9321,r-estrada.pdf
zp135rf2147,L4907.pdf
zp423sx0719,2014-02-20 hewlett retirement.pdf
zq696sk3776,L8463.pdf
zq912yn5544,L12722.pdf
zr282ff7283,L4010.pdf
zr479zy1169,2007-05-01-a-terror-travel documents hearing.pdf
zr479zy1169,2007-05-03-a-pathfire-fuel economy standards.pdf
zr479zy1169,2007-05-03-a-radio actuality-cafe.pdf
zr479zy1169,2007-05-07-a-weekly planner.pdf
zr479zy1169,2007-05-11-a-jud-online pharmacy hearing.pdf
zr479zy1169,2007-05-14-a-AgJOBS-sec chertoff.pdf
zr479zy1169,2007-05-14-a-immigration reform.pdf
zr479zy1169,2007-05-15-a-pathfire-agjobs.pdf
zr479zy1169,2007-05-15-a-radio-AgJOBS.pdf
zr479zy1169,2007-05-15-a-santa rosa hearing.pdf
zr479zy1169,2007-05-16-a-floor-iraq-feing old support.pdf
zr479zy1169,2007-05-16-a-msnbc-hardball.pdf
zr479zy1169,2007-05-17-a-pathfire-agjobs2.pdf
zr479zy1169,2007-05-18-a-face the nation-us attorneys and immigration.pdf
zr479zy1169,2007-05-21-a-weekly planner.pdf
zr479zy1169,2007-05-22-a-burma-womens caucus.pdf
zr479zy1169,2007-04-23-a-pathfire-burma-womens caucus.pdf
zr479zy1169,2007-05-23-a-radioactuality-burma-womens caucus.pdf
zr479zy1169,2007-05-24-a-pathfire-immigration reform.pdf
zr479zy1169,2007-05-24-a-radio-immigration reform.pdf
zr485zf6459,L5149.pdf
zr715tb0841,L5144.pdf
zr958dh5941,L1929.pdf
zs025zq1043,L597.pdf
zs479hh2796,L5206.pdf
zs683tg5291,L2520.pdf
zs926nr7732,L2524.pdf
zs928sf5796,L5522.pdf
zs987vf7737,2007-11-19-v-Dalai Lama Congressional Gold Medal Documentary.pdf
zt153pb9692,L8707.pdf
zt262tg9214,2009-06-01-a-photo op-sonia-sotomayor.pdf
zt281yx5613,L12908.pdf
zt396nv7478,L11050.pdf
zt505sy9635,L2233.pdf
zt791vz5713,L6795.pdf
zt965mr0585,2014-03-11 floor statement advisory.pdf
zt965mr0585,2014-03-20 Drug Caucus Heroin Hearing Media Advisory.pdf
zt965mr0585,2014-03-28 CNN SOTU advisory.pdf
zt965mr0585,2014-04-2 army corps approps hearing advisory.pdf
zv312kd6637,2016-12-01 Iran Sanctions joint release.pdf
zv312kd6637,2016-12-01 wrda support.pdf
zv312kd6637,2016-12-05 drought in wrda final.pdf
zv312kd6637,2016-12-06 CFTC statement.pdf
zv312kd6637,2016-12-07 dean of women statement.pdf
zv312kd6637,2016-12-09 DOE climate change.pdf
zv312kd6637,2016-12-09 drought bill passage.pdf
zv312kd6637,2016-12-09 drought bill passage v2.pdf
zv312kd6637,2016-12-09 russia hack release.pdf
zv312kd6637,2016-12-09 sessions materials.pdf
zv312kd6637,2016-12-10 CR statement.pdf
zv312kd6637,2016-12-10 drought bill passage.pdf
zv312kd6637,2016-12-10 WIIN Act passes Senate.pdf
zv312kd6637,2016-12-12 Lake Tahoe Passes Senate.pdf
zv312kd6637,2016-12-12 torture letter resposne.pdf
zv312kd6637,2016-12-19 berlin attack.pdf
zv312kd6637,2016-12-19 russia diplomat attack.pdf
zv312kd6637,2016-12-20 Statement on new SFPD chief.pdf
zv312kd6637,2016-12-20 Water rebates letter.pdf
zv312kd6637,2016-12-23 Statement on UN settlement vote.pdf
zv905xv4589,2018-02-26 beautycounter award 2-26 v2 (002).pdf
zv970rv6647,L1152.pdf
zw077nr5502,L10993.pdf
zw107gz7443,L10821.pdf
zw693bh1178,2018-08-02 CAFE standards statement.pdf
zw693bh1178,2018-08-02 King amendment letter.pdf
zw693bh1178,2018-08-03 Gaza aid letter.pdf
zw693bh1178,2018-08-03 Gaza aid letter_V2.pdf
zw693bh1178,2018-8-3 refugee number v2.pdf
zw693bh1178,2018-08-07 archives letter.pdf
zw693bh1178,2018-08-09 widlfire statement.pdf
zw693bh1178,2018-08-10 Grassley Kavanaugh Committe Confidential Letter.pdf
zw693bh1178,2018-08-10 SCOTUS hearing v2.pdf
zw693bh1178,2018-08-10 zero-tolerance policy statement.pdf
zw693bh1178,2018-08-15 fire tanker letter.pdf
zw693bh1178,2018-08-16 john brennan clearance.pdf
zw693bh1178,2018-08-16 USTR Tarriff Impact.pdf
zw693bh1178,2018-08-20 kavanaugh meeting.pdf
zw693bh1178,2018-08-21 clean power plan.pdf
zw693bh1178,2018-08-22 manafort cohen.pdf
zw693bh1178,2018-08-23 sessions.pdf
zw693bh1178,2018-08-24 kav delay letter.pdf
zw693bh1178,2018-08-25 John McCain Passing.pdf
zw693bh1178,2018-08-27 Cadiz letter release.pdf
zw693bh1178,2018-08-27 Palestinian aid cuts v3.pdf
zw693bh1178,2018-08-28 kavanaugh process complaint.pdf
zw693bh1178,2018-08-29 Arturo Rodriguez retirement v2.pdf
zw693bh1178,2018-08-30 Cadiz v3.pdf
zw693bh1178,2018-08-30 Perdue C130s letter.pdf
zw933rb7266,L5551.pdf
zw947mq2623,2019-10-8 25th of Desert Protection Act.pdf
zx080vg1936,L867.pdf
zx136yn4119,L9883.pdf
zx160cr0353,L3412.pdf
zx328gy2410,L1813.pdf
zx629mh7794,L4227.pdf
zx690hg0559,L843.pdf
zx776hw3202,L6161.pdf
zx915mg6798,L5424.pdf
zy092dh4910,2014-06-03 SSCI FISA reforms hearing.pdf
zy092dh4910,2014-06-06 CBS Face the Nation.pdf
zy092dh4910,2014-06-20 CNN SOTU Advisory.pdf
zy363jx0355,2008-06-12-v-BRIDGE housing corporation 25th anniversary.pdf
zz042jq7736,2013-08-01 tahoe bill drop.pdf
zz042jq7736,2013-08-09 nsa hearings.pdf
zz042jq7736,2013-08-30 syria statement.pdf
zz258jh5462,r-ethanol8-6-03.pdf
zz258jh5462,r-ethanol.pdf
zz258jh5462,tahoestatement.pdf
zz258jh5462,FMAP press release.pdf
zz258jh5462,r-awpresscon1.pdf
zz310ny3572,L1349.pdf
zz995mv9784,GANTMAN_698.pdf
zz995mv9784,DIAZ_914.pdf
